city,datetime,pm2_5,pm10,carbon_monoxide,nitrogen_dioxide,sulphur_dioxide,ozone,us_aqi,date
Delhi,2026-08-15 00:00:00,95.2,99.9,1224.0,92.7,58.0,8.0,153,2026-08-15
Delhi,2026-08-15 01:00:00,93.6,97.8,1172.0,91.0,55.7,6.0,153,2026-08-15
Delhi,2026-08-15 02:00:00,94.1,97.6,1101.0,88.8,53.3,4.0,154,2026-08-15
Delhi,2026-08-15 03:00:00,94.5,98.0,971.0,86.7,50.6,0.0,155,2026-08-15
Delhi,2026-08-15 04:00:00,95.7,99.0,822.0,84.2,47.9,0.0,155,2026-08-15
Delhi,2026-08-15 05:00:00,97.1,106.9,762.0,59.1,51.3,26.0,156,2026-08-15
Delhi,2026-08-15 06:00:00,93.4,102.7,890.0,51.6,46.9,42.0,157,2026-08-15
Delhi,2026-08-15 07:00:00,85.2,96.4,1108.0,40.9,40.8,66.0,158,2026-08-15
Delhi,2026-08-15 08:00:00,65.0,77.8,1222.0,31.3,35.7,95.0,159,2026-08-15
Delhi,2026-08-15 09:00:00,52.6,65.7,1127.0,23.8,32.9,132.0,159,2026-08-15
Delhi,2026-08-15 10:00:00,51.0,63.3,929.0,17.2,31.1,173.0,160,2026-08-15
Delhi,2026-08-15 11:00:00,49.5,60.8,757.0,12.3,29.2,204.0,160,2026-08-15
Delhi,2026-08-15 12:00:00,48.8,59.0,652.0,9.3,26.6,218.0,160,2026-08-15
Delhi,2026-08-15 13:00:00,48.4,57.7,574.0,7.9,23.9,222.0,161,2026-08-15
Delhi,2026-08-15 14:00:00,44.9,53.0,526.0,8.4,22.4,219.0,161,2026-08-15
Delhi,2026-08-15 15:00:00,42.7,49.5,491.0,10.4,22.7,211.0,161,2026-08-15
Delhi,2026-08-15 16:00:00,41.0,47.5,486.0,14.3,24.1,196.0,173,2026-08-15
Delhi,2026-08-15 17:00:00,43.8,71.2,570.0,18.5,22.3,156.0,189,2026-08-15
Delhi,2026-08-15 18:00:00,56.5,83.8,838.0,39.6,26.1,120.0,192,2026-08-15
Delhi,2026-08-15 19:00:00,72.9,106.4,1195.0,68.7,31.5,71.0,184,2026-08-15
Delhi,2026-08-15 20:00:00,83.1,120.6,1414.0,91.7,36.2,32.0,163,2026-08-15
Delhi,2026-08-15 21:00:00,90.6,133.6,1380.0,103.2,40.0,13.0,162,2026-08-15
Delhi,2026-08-15 22:00:00,103.6,152.3,1207.0,108.6,43.1,5.0,162,2026-08-15
Delhi,2026-08-15 23:00:00,110.6,162.5,1015.0,108.9,43.9,1.0,162,2026-08-15
Delhi,2026-08-16 00:00:00,104.3,157.4,807.0,103.0,40.9,0.0,163,2026-08-16
Delhi,2026-08-16 01:00:00,94.1,154.6,580.0,92.1,35.7,4.0,163,2026-08-16
Delhi,2026-08-16 02:00:00,92.7,157.4,442.0,81.3,31.5,8.0,163,2026-08-16
Delhi,2026-08-16 03:00:00,91.5,144.4,472.0,72.1,29.5,12.0,163,2026-08-16
Delhi,2026-08-16 04:00:00,77.3,113.6,591.0,63.1,28.5,17.0,163,2026-08-16
Delhi,2026-08-16 05:00:00,65.4,269.2,675.0,17.6,9.4,48.0,162,2026-08-16
Delhi,2026-08-16 06:00:00,74.5,301.7,675.0,17.4,10.2,50.0,161,2026-08-16
Delhi,2026-08-16 07:00:00,82.4,312.0,639.0,16.9,11.3,53.0,161,2026-08-16
Delhi,2026-08-16 08:00:00,87.3,354.8,585.0,15.5,12.3,62.0,161,2026-08-16
Delhi,2026-08-16 09:00:00,96.2,476.8,506.0,12.4,13.1,82.0,161,2026-08-16
Delhi,2026-08-16 10:00:00,92.9,470.3,410.0,8.4,13.8,109.0,163,2026-08-16
Delhi,2026-08-16 11:00:00,75.7,299.9,339.0,5.4,14.2,130.0,164,2026-08-16
Delhi,2026-08-16 12:00:00,68.7,245.9,309.0,3.9,14.1,142.0,165,2026-08-16
Delhi,2026-08-16 13:00:00,66.1,244.9,305.0,3.5,13.7,149.0,165,2026-08-16
Delhi,2026-08-16 14:00:00,68.2,264.5,317.0,4.3,13.8,151.0,166,2026-08-16
Delhi,2026-08-16 15:00:00,68.5,274.7,337.0,6.1,14.2,150.0,166,2026-08-16
Delhi,2026-08-16 16:00:00,66.6,256.1,374.0,9.1,15.1,144.0,167,2026-08-16
Delhi,2026-08-16 17:00:00,91.3,440.5,447.0,16.1,13.0,101.0,168,2026-08-16
Delhi,2026-08-16 18:00:00,95.2,359.5,600.0,28.3,16.5,80.0,169,2026-08-16
Delhi,2026-08-16 19:00:00,106.4,370.7,788.0,44.9,21.3,52.0,170,2026-08-16
Delhi,2026-08-16 20:00:00,105.7,333.4,895.0,55.4,24.5,33.0,171,2026-08-16
Delhi,2026-08-16 21:00:00,92.0,252.4,845.0,53.8,24.5,33.0,172,2026-08-16
Delhi,2026-08-16 22:00:00,82.4,198.4,715.0,46.2,22.9,42.0,172,2026-08-16
Delhi,2026-08-16 23:00:00,71.9,191.9,616.0,40.2,22.1,48.0,172,2026-08-16
Delhi,2026-08-17 00:00:00,70.1,172.3,601.0,38.6,23.0,45.0,170,2026-08-17
Delhi,2026-08-17 01:00:00,70.3,149.9,618.0,38.7,24.6,39.0,169,2026-08-17
Delhi,2026-08-17 02:00:00,68.7,144.4,623.0,39.7,26.4,33.0,169,2026-08-17
Delhi,2026-08-17 03:00:00,73.3,156.9,596.0,42.8,28.7,25.0,168,2026-08-17
Delhi,2026-08-17 04:00:00,75.2,158.3,557.0,46.9,31.1,18.0,167,2026-08-17
Delhi,2026-08-17 05:00:00,64.3,173.7,518.0,31.9,15.7,23.0,167,2026-08-17
Delhi,2026-08-17 06:00:00,58.8,187.2,483.0,27.5,14.7,32.0,167,2026-08-17
Delhi,2026-08-17 07:00:00,53.4,172.8,448.0,21.4,13.3,45.0,167,2026-08-17
Delhi,2026-08-17 08:00:00,47.6,165.3,409.0,16.0,12.3,60.0,166,2026-08-17
Delhi,2026-08-17 09:00:00,42.7,143.9,360.0,12.0,12.1,80.0,165,2026-08-17
Delhi,2026-08-17 10:00:00,56.7,277.5,307.0,8.7,12.2,102.0,163,2026-08-17
Delhi,2026-08-17 11:00:00,71.7,402.3,268.0,6.3,12.4,120.0,162,2026-08-17
Delhi,2026-08-17 12:00:00,74.3,405.1,241.0,4.8,12.4,133.0,162,2026-08-17
Delhi,2026-08-17 13:00:00,65.0,292.4,227.0,4.2,12.4,141.0,162,2026-08-17
Delhi,2026-08-17 14:00:00,66.6,299.9,250.0,5.0,12.7,144.0,162,2026-08-17
Delhi,2026-08-17 15:00:00,67.5,299.9,320.0,6.3,13.1,140.0,162,2026-08-17
Delhi,2026-08-17 16:00:00,67.1,288.7,427.0,9.0,13.8,131.0,162,2026-08-17
Delhi,2026-08-17 17:00:00,55.5,197.0,563.0,16.4,13.8,108.0,162,2026-08-17
Delhi,2026-08-17 18:00:00,57.4,154.1,750.0,30.9,17.0,83.0,161,2026-08-17
Delhi,2026-08-17 19:00:00,64.5,144.8,965.0,50.9,21.6,49.0,160,2026-08-17
Delhi,2026-08-17 20:00:00,72.6,143.9,1139.0,66.2,25.8,22.0,159,2026-08-17
Delhi,2026-08-17 21:00:00,78.2,142.5,1271.0,72.9,29.7,10.0,158,2026-08-17
Delhi,2026-08-17 22:00:00,82.4,133.2,1360.0,74.8,33.3,5.0,157,2026-08-17
Delhi,2026-08-17 23:00:00,82.4,121.5,1337.0,73.4,34.3,4.0,157,2026-08-17
Delhi,2026-08-18 00:00:00,72.2,96.6,1112.0,67.0,30.6,7.0,158,2026-08-18
Delhi,2026-08-18 01:00:00,55.4,68.2,775.0,57.3,24.4,14.0,158,2026-08-18
Delhi,2026-08-18 02:00:00,44.6,52.7,518.0,50.1,19.8,18.0,157,2026-08-18
Delhi,2026-08-18 03:00:00,41.8,49.2,426.0,49.1,18.8,14.0,156,2026-08-18
Delhi,2026-08-18 04:00:00,48.1,57.9,415.0,50.7,19.5,7.0,156,2026-08-18
Delhi,2026-08-18 05:00:00,29.2,55.5,430.0,19.8,10.0,33.0,155,2026-08-18
Delhi,2026-08-18 06:00:00,41.6,178.3,478.0,19.7,10.9,39.0,154,2026-08-18
Delhi,2026-08-18 07:00:00,51.3,212.3,552.0,19.4,12.1,47.0,153,2026-08-18
Delhi,2026-08-18 08:00:00,56.1,249.6,578.0,18.1,13.2,61.0,153,2026-08-18
Delhi,2026-08-18 09:00:00,63.8,299.0,504.0,14.8,13.9,84.0,153,2026-08-18
Delhi,2026-08-18 10:00:00,71.0,353.0,382.0,10.4,14.4,111.0,154,2026-08-18
Delhi,2026-08-18 11:00:00,61.2,261.7,293.0,7.1,14.7,133.0,154,2026-08-18
Delhi,2026-08-18 12:00:00,57.5,231.0,265.0,5.6,14.7,145.0,154,2026-08-18
Delhi,2026-08-18 13:00:00,56.8,223.1,271.0,5.2,14.6,152.0,154,2026-08-18
Delhi,2026-08-18 14:00:00,57.2,222.1,312.0,6.1,14.7,154.0,153,2026-08-18
Delhi,2026-08-18 15:00:00,60.3,245.9,394.0,6.5,14.8,153.0,153,2026-08-18
Delhi,2026-08-18 16:00:00,58.3,229.6,511.0,8.3,15.2,147.0,153,2026-08-18
Delhi,2026-08-18 17:00:00,55.1,165.8,642.0,20.7,16.6,123.0,153,2026-08-18
Delhi,2026-08-18 18:00:00,69.4,156.5,815.0,42.2,24.0,92.0,153,2026-08-18
Delhi,2026-08-18 19:00:00,90.1,177.9,1002.0,71.5,34.1,50.0,153,2026-08-18
Delhi,2026-08-18 20:00:00,103.8,176.5,1094.0,90.7,40.9,21.0,154,2026-08-18
Delhi,2026-08-18 21:00:00,88.5,149.5,1015.0,89.8,41.1,18.0,155,2026-08-18
Delhi,2026-08-18 22:00:00,83.1,137.4,840.0,78.9,38.0,28.0,155,2026-08-18
Delhi,2026-08-18 23:00:00,80.6,124.3,690.0,70.2,35.5,34.0,155,2026-08-18
Delhi,2026-08-19 00:00:00,78.9,115.5,608.0,68.6,35.0,31.0,155,2026-08-19
Delhi,2026-08-19 01:00:00,81.0,113.4,551.0,69.3,35.2,24.0,155,2026-08-19
Delhi,2026-08-19 02:00:00,86.4,118.3,505.0,70.3,35.5,18.0,156,2026-08-19
Delhi,2026-08-19 03:00:00,92.2,124.3,455.0,72.1,35.9,10.0,157,2026-08-19
Delhi,2026-08-19 04:00:00,96.4,128.5,417.0,74.1,36.4,2.0,159,2026-08-19
Delhi,2026-08-19 05:00:00,65.0,98.5,419.0,51.1,37.9,27.0,160,2026-08-19
Delhi,2026-08-19 06:00:00,67.8,105.7,499.0,46.7,38.7,42.0,161,2026-08-19
Delhi,2026-08-19 07:00:00,64.7,114.6,620.0,40.3,39.7,64.0,162,2026-08-19
Delhi,2026-08-19 08:00:00,61.5,120.6,699.0,33.3,39.0,88.0,162,2026-08-19
Delhi,2026-08-19 09:00:00,58.0,121.5,695.0,25.2,35.1,116.0,162,2026-08-19
Delhi,2026-08-19 10:00:00,57.3,135.0,651.0,16.4,29.6,148.0,162,2026-08-19
Delhi,2026-08-19 11:00:00,50.5,108.0,609.0,10.0,25.4,174.0,162,2026-08-19
Delhi,2026-08-19 12:00:00,47.8,101.7,581.0,7.2,24.0,194.0,162,2026-08-19
Delhi,2026-08-19 13:00:00,47.5,97.6,555.0,6.8,24.1,209.0,161,2026-08-19
Delhi,2026-08-19 14:00:00,49.5,97.1,545.0,7.4,24.3,218.0,161,2026-08-19
Delhi,2026-08-19 15:00:00,49.8,95.7,502.0,8.2,24.4,221.0,161,2026-08-19
Delhi,2026-08-19 16:00:00,50.4,107.6,475.0,10.1,24.8,217.0,160,2026-08-19
Delhi,2026-08-19 17:00:00,50.6,96.4,619.0,18.9,19.6,142.0,176,2026-08-19
Delhi,2026-08-19 18:00:00,51.5,85.2,1124.0,30.4,22.6,118.0,180,2026-08-19
Delhi,2026-08-19 19:00:00,59.0,86.4,1799.0,46.0,26.7,85.0,176,2026-08-19
Delhi,2026-08-19 20:00:00,60.8,80.3,2232.0,56.0,29.6,61.0,161,2026-08-19
Delhi,2026-08-19 21:00:00,57.4,75.0,2206.0,55.0,30.3,54.0,157,2026-08-19
Delhi,2026-08-19 22:00:00,59.6,74.0,1937.0,48.3,29.9,55.0,156,2026-08-19
Delhi,2026-08-19 23:00:00,61.0,74.0,1658.0,42.3,29.2,56.0,156,2026-08-19
Delhi,2026-08-20 00:00:00,58.2,72.4,1427.0,38.9,28.2,55.0,155,2026-08-20
Delhi,2026-08-20 01:00:00,58.4,71.0,1186.0,36.1,27.0,54.0,155,2026-08-20
Delhi,2026-08-20 02:00:00,58.2,69.8,1000.0,34.1,26.2,53.0,154,2026-08-20
Delhi,2026-08-20 03:00:00,58.6,71.0,895.0,33.0,25.8,49.0,153,2026-08-20
Delhi,2026-08-20 04:00:00,57.7,69.2,845.0,32.6,25.8,44.0,152,2026-08-20
Delhi,2026-08-20 05:00:00,38.0,46.9,833.0,26.4,27.6,68.0,151,2026-08-20
Delhi,2026-08-20 06:00:00,37.1,44.8,895.0,28.1,27.8,68.0,150,2026-08-20
Delhi,2026-08-20 07:00:00,34.8,42.5,996.0,30.3,28.2,69.0,147,2026-08-20
Delhi,2026-08-20 08:00:00,30.7,40.4,1016.0,30.4,28.9,79.0,144,2026-08-20
Delhi,2026-08-20 09:00:00,31.7,43.0,867.0,26.7,30.7,108.0,141,2026-08-20
Delhi,2026-08-20 10:00:00,34.1,48.9,637.0,20.9,32.8,146.0,138,2026-08-20
Delhi,2026-08-20 11:00:00,36.7,58.1,464.0,15.9,33.4,176.0,136,2026-08-20
Delhi,2026-08-20 12:00:00,38.1,67.8,408.0,12.2,30.8,190.0,134,2026-08-20
Delhi,2026-08-20 13:00:00,37.7,65.7,410.0,9.3,26.6,197.0,133,2026-08-20
Delhi,2026-08-20 14:00:00,36.6,59.1,433.0,8.2,23.8,199.0,132,2026-08-20
Delhi,2026-08-20 15:00:00,37.1,56.6,452.0,7.1,23.1,203.0,131,2026-08-20
Delhi,2026-08-20 16:00:00,38.3,56.6,493.0,7.7,23.8,204.0,143,2026-08-20
Delhi,2026-08-20 17:00:00,51.0,78.9,597.0,41.6,40.3,131.0,164,2026-08-20
Delhi,2026-08-20 18:00:00,57.6,95.0,793.0,51.7,40.7,108.0,168,2026-08-20
Delhi,2026-08-20 19:00:00,67.3,95.5,1053.0,65.5,41.2,76.0,162,2026-08-20
Delhi,2026-08-20 20:00:00,74.3,100.1,1333.0,75.5,41.6,51.0,145,2026-08-20
Delhi,2026-08-20 21:00:00,80.6,105.5,1676.0,78.6,42.3,41.0,131,2026-08-20
Delhi,2026-08-20 22:00:00,87.3,107.1,2040.0,77.8,42.9,38.0,133,2026-08-20
Delhi,2026-08-20 23:00:00,85.0,102.7,2249.0,75.2,42.4,36.0,136,2026-08-20
Delhi,2026-08-21 00:00:00,77.1,91.7,2212.0,70.0,39.5,34.0,139,2026-08-21
Delhi,2026-08-21 01:00:00,74.7,85.4,2021.0,63.0,35.5,34.0,141,2026-08-21
Delhi,2026-08-21 02:00:00,78.2,87.3,1779.0,58.1,33.2,32.0,143,2026-08-21
Delhi,2026-08-21 03:00:00,80.1,89.9,1472.0,58.3,34.2,25.0,145,2026-08-21
Delhi,2026-08-21 04:00:00,82.7,92.7,1113.0,60.6,36.8,17.0,147,2026-08-21
Delhi,2026-08-21 05:00:00,38.5,58.9,849.0,21.7,12.5,64.0,149,2026-08-21
Delhi,2026-08-21 06:00:00,33.9,53.4,772.0,20.5,12.5,67.0,150,2026-08-21
Delhi,2026-08-21 07:00:00,32.8,50.9,788.0,18.8,12.6,72.0,149,2026-08-21
Delhi,2026-08-21 08:00:00,32.0,54.1,764.0,16.6,13.1,84.0,149,2026-08-21
Delhi,2026-08-21 09:00:00,33.4,65.9,625.0,13.4,14.4,111.0,149,2026-08-21
Delhi,2026-08-21 10:00:00,42.1,120.1,446.0,9.7,16.2,145.0,149,2026-08-21
Delhi,2026-08-21 11:00:00,42.4,105.7,315.0,7.0,17.5,172.0,150,2026-08-21
Delhi,2026-08-21 12:00:00,40.9,84.3,269.0,5.5,17.9,188.0,150,2026-08-21
Delhi,2026-08-21 13:00:00,43.5,91.3,272.0,5.0,17.7,198.0,150,2026-08-21
Delhi,2026-08-21 14:00:00,44.0,88.0,305.0,5.8,17.6,199.0,150,2026-08-21
Delhi,2026-08-21 15:00:00,44.6,94.3,348.0,7.6,17.4,191.0,151,2026-08-21
Delhi,2026-08-21 16:00:00,44.7,100.4,420.0,10.7,17.2,175.0,151,2026-08-21
Delhi,2026-08-21 17:00:00,45.9,132.7,563.0,15.4,15.1,142.0,157,2026-08-21
Delhi,2026-08-21 18:00:00,49.4,112.5,842.0,26.3,17.2,116.0,162,2026-08-21
Delhi,2026-08-21 19:00:00,55.5,109.4,1191.0,41.4,20.2,81.0,158,2026-08-21
Delhi,2026-08-21 20:00:00,60.5,111.1,1452.0,53.8,23.1,52.0,150,2026-08-21
Delhi,2026-08-21 21:00:00,64.3,114.3,1587.0,61.1,25.9,37.0,150,2026-08-21
Delhi,2026-08-21 22:00:00,72.9,126.7,1634.0,65.6,28.7,28.0,148,2026-08-21
Delhi,2026-08-21 23:00:00,81.7,135.5,1542.0,67.3,30.1,23.0,147,2026-08-21
Delhi,2026-08-22 00:00:00,85.0,137.8,1211.0,65.5,29.4,20.0,146,2026-08-22
Delhi,2026-08-22 01:00:00,83.8,133.2,741.0,60.8,27.5,21.0,147,2026-08-22
Delhi,2026-08-22 02:00:00,76.1,117.3,388.0,55.4,25.6,25.0,148,2026-08-22
Delhi,2026-08-22 03:00:00,61.9,92.7,260.0,49.0,23.7,32.0,148,2026-08-22
Delhi,2026-08-22 04:00:00,53.8,83.6,248.0,41.7,21.9,42.0,146,2026-08-22
Delhi,2026-08-22 05:00:00,34.6,66.4,283.0,21.9,11.2,54.0,143,2026-08-22
Delhi,2026-08-22 06:00:00,33.2,66.8,380.0,22.0,11.5,54.0,142,2026-08-22
Delhi,2026-08-22 07:00:00,37.3,74.3,525.0,22.0,12.1,55.0,142,2026-08-22
Delhi,2026-08-22 08:00:00,41.2,112.2,598.0,20.9,13.2,68.0,143,2026-08-22
Delhi,2026-08-22 09:00:00,46.0,140.2,526.0,17.6,15.5,102.0,144,2026-08-22
Delhi,2026-08-22 10:00:00,53.4,176.5,384.0,13.1,18.4,146.0,145,2026-08-22
Delhi,2026-08-22 11:00:00,63.6,216.5,277.0,9.4,20.3,181.0,146,2026-08-22
Delhi,2026-08-22 12:00:00,68.0,224.0,245.0,7.0,20.3,198.0,149,2026-08-22
Delhi,2026-08-22 13:00:00,71.2,238.0,248.0,5.4,19.4,206.0,150,2026-08-22
Delhi,2026-08-22 14:00:00,73.3,256.1,274.0,5.5,18.5,205.0,151,2026-08-22
Delhi,2026-08-22 15:00:00,73.6,266.4,301.0,7.0,17.8,196.0,152,2026-08-22
Delhi,2026-08-22 16:00:00,74.0,271.9,350.0,10.3,17.2,180.0,153,2026-08-22
Delhi,2026-08-22 17:00:00,69.4,230.0,481.0,22.1,17.2,139.0,163,2026-08-22
Delhi,2026-08-22 18:00:00,68.5,183.5,784.0,35.1,19.8,112.0,169,2026-08-22
Delhi,2026-08-22 19:00:00,76.4,162.1,1168.0,53.0,23.4,76.0,163,2026-08-22
Delhi,2026-08-22 20:00:00,76.8,152.7,1414.0,66.6,26.9,47.0,156,2026-08-22
Delhi,2026-08-22 21:00:00,82.7,142.0,1419.0,71.9,30.1,35.0,156,2026-08-22
Delhi,2026-08-22 22:00:00,82.2,129.9,1287.0,72.8,33.1,32.0,157,2026-08-22
Delhi,2026-08-22 23:00:00,86.1,122.9,1113.0,72.4,35.3,30.0,157,2026-08-22
Delhi,2026-08-23 00:00:00,86.6,119.2,877.0,70.9,36.2,27.0,157,2026-08-23
Delhi,2026-08-23 01:00:00,89.2,121.5,599.0,67.9,36.3,26.0,157,2026-08-23
Delhi,2026-08-23 02:00:00,92.9,126.2,428.0,65.4,36.3,24.0,157,2026-08-23
Delhi,2026-08-23 03:00:00,95.7,132.2,464.0,65.6,36.8,18.0,158,2026-08-23
Delhi,2026-08-23 04:00:00,96.4,132.7,609.0,66.2,37.3,12.0,159,2026-08-23
Delhi,2026-08-23 05:00:00,40.7,64.3,714.0,26.2,18.3,62.0,160,2026-08-23
Delhi,2026-08-23 06:00:00,41.6,57.7,723.0,24.7,18.8,71.0,160,2026-08-23
Delhi,2026-08-23 07:00:00,34.7,53.0,694.0,22.4,19.4,84.0,161,2026-08-23
Delhi,2026-08-23 08:00:00,32.2,51.0,651.0,19.4,19.9,101.0,160,2026-08-23
Delhi,2026-08-23 09:00:00,32.2,55.8,598.0,15.2,20.2,126.0,160,2026-08-23
Delhi,2026-08-23 10:00:00,32.0,59.4,532.0,10.3,20.3,156.0,160,2026-08-23
Delhi,2026-08-23 11:00:00,32.4,61.7,468.0,6.7,20.3,180.0,159,2026-08-23
Delhi,2026-08-23 12:00:00,32.4,60.3,402.0,4.9,20.1,195.0,158,2026-08-23
Delhi,2026-08-23 13:00:00,32.9,59.1,339.0,4.4,19.7,204.0,157,2026-08-23
Delhi,2026-08-23 14:00:00,34.5,59.8,303.0,4.9,19.5,207.0,156,2026-08-23
Delhi,2026-08-23 15:00:00,35.6,61.5,279.0,6.5,19.5,203.0,155,2026-08-23
Delhi,2026-08-23 16:00:00,36.1,62.9,282.0,9.2,19.7,191.0,156,2026-08-23
Delhi,2026-08-23 17:00:00,51.2,122.9,388.0,14.8,16.4,130.0,171,2026-08-23
Delhi,2026-08-23 18:00:00,57.5,112.5,714.0,33.8,23.1,103.0,171,2026-08-23
Delhi,2026-08-23 19:00:00,72.6,132.2,1143.0,59.9,32.3,65.0,163,2026-08-23
Delhi,2026-08-23 20:00:00,93.4,155.5,1393.0,78.1,38.9,38.0,152,2026-08-23
Delhi,2026-08-23 21:00:00,111.1,173.2,1297.0,81.2,40.8,31.0,152,2026-08-23
Delhi,2026-08-23 22:00:00,116.4,177.0,1023.0,76.3,40.2,34.0,153,2026-08-23
Delhi,2026-08-23 23:00:00,88.9,139.7,789.0,70.4,38.3,35.0,154,2026-08-23
Delhi,2026-08-24 00:00:00,73.6,122.5,672.0,64.6,34.6,31.0,154,2026-08-24
Delhi,2026-08-24 01:00:00,72.9,115.0,597.0,57.7,29.7,25.0,154,2026-08-24
Delhi,2026-08-24 02:00:00,80.1,121.5,550.0,52.6,26.8,21.0,153,2026-08-24
Delhi,2026-08-24 03:00:00,85.0,127.1,527.0,51.2,27.6,17.0,153,2026-08-24
Delhi,2026-08-24 04:00:00,83.8,125.3,533.0,51.5,30.3,14.0,153,2026-08-24
Delhi,2026-08-24 05:00:00,67.1,112.5,576.0,41.8,25.7,35.0,152,2026-08-24
Delhi,2026-08-24 06:00:00,71.7,113.9,698.0,39.5,27.0,47.0,153,2026-08-24
Delhi,2026-08-24 07:00:00,68.7,115.9,856.0,36.3,28.8,66.0,154,2026-08-24
Delhi,2026-08-24 08:00:00,66.4,119.2,935.0,32.7,30.6,87.0,155,2026-08-24
Delhi,2026-08-24 09:00:00,62.4,114.8,862.0,28.9,32.6,113.0,156,2026-08-24
Delhi,2026-08-24 10:00:00,59.8,106.2,710.0,24.8,34.5,141.0,157,2026-08-24
Delhi,2026-08-24 11:00:00,56.8,99.2,578.0,21.0,35.5,168.0,158,2026-08-24
Delhi,2026-08-24 12:00:00,56.6,97.1,486.0,17.0,34.8,194.0,158,2026-08-24
Delhi,2026-08-24 13:00:00,57.9,98.5,414.0,13.3,33.0,217.0,159,2026-08-24
Delhi,2026-08-24 14:00:00,58.2,97.8,403.0,11.6,31.4,230.0,160,2026-08-24
Delhi,2026-08-24 15:00:00,57.7,95.9,411.0,12.1,29.8,227.0,160,2026-08-24
Delhi,2026-08-24 16:00:00,57.3,93.4,480.0,14.6,28.3,214.0,161,2026-08-24
Delhi,2026-08-24 17:00:00,51.3,82.7,774.0,31.9,27.1,122.0,177,2026-08-24
Delhi,2026-08-24 18:00:00,52.4,73.1,1581.0,35.1,28.0,112.0,179,2026-08-24
Delhi,2026-08-24 19:00:00,51.5,70.1,2614.0,40.0,29.4,97.0,174,2026-08-24
Delhi,2026-08-24 20:00:00,55.8,70.8,3174.0,46.6,32.0,81.0,163,2026-08-24
Delhi,2026-08-24 21:00:00,63.8,76.6,2821.0,56.8,36.9,61.0,160,2026-08-24
Delhi,2026-08-24 22:00:00,73.1,83.6,1995.0,68.6,42.9,38.0,158,2026-08-24
Delhi,2026-08-24 23:00:00,83.6,91.5,1314.0,76.5,47.0,23.0,157,2026-08-24
Delhi,2026-08-25 00:00:00,89.2,98.0,1014.0,77.8,47.7,19.0,157,2026-08-25
Delhi,2026-08-25 01:00:00,89.4,99.2,859.0,75.2,46.4,22.0,157,2026-08-25
Delhi,2026-08-25 02:00:00,78.9,87.1,766.0,70.4,44.3,26.0,158,2026-08-25
Delhi,2026-08-25 03:00:00,66.1,74.3,710.0,62.7,40.7,30.0,158,2026-08-25
Delhi,2026-08-25 04:00:00,46.3,52.6,717.0,52.9,36.2,36.0,157,2026-08-25
Delhi,2026-08-25 05:00:00,61.5,74.5,775.0,37.1,31.3,53.0,156,2026-08-25
Delhi,2026-08-25 06:00:00,64.5,76.8,929.0,39.8,34.7,54.0,156,2026-08-25
Delhi,2026-08-25 07:00:00,65.2,79.9,1136.0,43.3,39.5,57.0,156,2026-08-25
Delhi,2026-08-25 08:00:00,67.1,84.1,1254.0,43.5,43.5,74.0,156,2026-08-25
Delhi,2026-08-25 09:00:00,62.6,84.8,1203.0,37.5,46.4,115.0,156,2026-08-25
Delhi,2026-08-25 10:00:00,57.9,84.1,1064.0,28.3,48.6,169.0,156,2026-08-25
Delhi,2026-08-25 11:00:00,60.5,93.1,933.0,20.6,49.2,214.0,156,2026-08-25
Delhi,2026-08-25 12:00:00,62.6,94.1,832.0,15.7,47.4,244.0,156,2026-08-25
Delhi,2026-08-25 13:00:00,65.2,95.9,740.0,12.3,44.0,264.0,156,2026-08-25
Delhi,2026-08-25 14:00:00,69.4,102.0,690.0,11.2,41.0,274.0,156,2026-08-25
Delhi,2026-08-25 15:00:00,71.0,103.6,640.0,9.4,38.1,274.0,162,2026-08-25
Delhi,2026-08-25 16:00:00,72.2,105.9,634.0,9.8,35.6,262.0,197,2026-08-25
Delhi,2026-08-25 17:00:00,50.8,60.8,832.0,29.9,38.6,166.0,211,2026-08-25
Delhi,2026-08-25 18:00:00,52.4,60.1,1471.0,35.6,40.2,143.0,215,2026-08-25
Delhi,2026-08-25 19:00:00,57.4,63.3,2316.0,43.7,42.5,112.0,213,2026-08-25
Delhi,2026-08-25 20:00:00,67.3,71.9,2819.0,51.4,45.5,84.0,206,2026-08-25
Delhi,2026-08-25 21:00:00,78.0,81.5,2684.0,58.2,49.6,65.0,189,2026-08-25
Delhi,2026-08-25 22:00:00,88.0,91.3,2208.0,64.6,54.4,49.0,158,2026-08-25
Delhi,2026-08-25 23:00:00,97.3,100.4,1736.0,69.5,58.3,37.0,159,2026-08-25
Delhi,2026-08-26 00:00:00,103.6,106.4,1350.0,72.0,60.5,29.0,159,2026-08-26
Delhi,2026-08-26 01:00:00,109.4,112.0,968.0,72.9,61.8,23.0,160,2026-08-26
Delhi,2026-08-26 02:00:00,115.3,117.8,690.0,73.8,62.9,19.0,160,2026-08-26
Delhi,2026-08-26 03:00:00,120.1,122.5,564.0,76.4,63.7,10.0,161,2026-08-26
Delhi,2026-08-26 04:00:00,125.3,128.5,541.0,78.9,64.4,1.0,163,2026-08-26
Delhi,2026-08-26 05:00:00,95.9,97.1,574.0,52.5,63.1,36.0,165,2026-08-26
Delhi,2026-08-26 06:00:00,105.2,106.4,691.0,49.8,66.4,57.0,166,2026-08-26
Delhi,2026-08-26 07:00:00,98.5,100.1,864.0,45.7,70.8,88.0,167,2026-08-26
Delhi,2026-08-26 08:00:00,82.9,86.6,964.0,40.2,72.7,124.0,168,2026-08-26
Delhi,2026-08-26 09:00:00,66.1,72.6,912.0,32.0,70.0,169.0,169,2026-08-26
Delhi,2026-08-26 10:00:00,62.9,72.2,786.0,22.4,64.8,220.0,169,2026-08-26
Delhi,2026-08-26 11:00:00,65.9,77.8,698.0,14.9,59.5,261.0,169,2026-08-26
Delhi,2026-08-26 12:00:00,71.5,85.9,694.0,10.8,54.8,289.0,169,2026-08-26
Delhi,2026-08-26 13:00:00,77.3,93.6,727.0,8.9,49.9,307.0,170,2026-08-26
Delhi,2026-08-26 14:00:00,78.5,96.2,764.0,9.2,45.5,311.0,179,2026-08-26
Delhi,2026-08-26 15:00:00,78.9,97.3,736.0,10.4,40.7,297.0,208,2026-08-26
Delhi,2026-08-26 16:00:00,78.7,102.7,712.0,13.7,36.2,268.0,222,2026-08-26
Delhi,2026-08-26 17:00:00,90.8,134.1,860.0,36.8,43.9,186.0,232,2026-08-26
Delhi,2026-08-26 18:00:00,94.8,118.0,1389.0,54.1,46.2,146.0,233,2026-08-26
Delhi,2026-08-26 19:00:00,111.1,129.5,2090.0,77.6,49.2,90.0,228,2026-08-26
Delhi,2026-08-26 20:00:00,119.0,135.5,2509.0,92.3,50.8,49.0,217,2026-08-26
Delhi,2026-08-26 21:00:00,117.1,147.1,2391.0,89.9,49.8,36.0,201,2026-08-26
Delhi,2026-08-26 22:00:00,112.5,176.0,1991.0,78.7,47.4,37.0,177,2026-08-26
Delhi,2026-08-26 23:00:00,106.2,185.3,1620.0,68.1,44.2,39.0,178,2026-08-26
Delhi,2026-08-27 00:00:00,98.7,176.5,1374.0,61.0,39.9,37.0,178,2026-08-27
Delhi,2026-08-27 01:00:00,91.7,156.9,1157.0,54.5,34.9,36.0,178,2026-08-27
Delhi,2026-08-27 02:00:00,85.0,147.1,989.0,49.5,31.1,34.0,178,2026-08-27
Delhi,2026-08-27 03:00:00,82.2,140.6,877.0,46.7,29.0,30.0,177,2026-08-27
Delhi,2026-08-27 04:00:00,81.0,122.5,815.0,45.4,28.2,25.0,176,2026-08-27
Delhi,2026-08-27 05:00:00,72.4,98.7,800.0,39.4,28.2,33.0,174,2026-08-27
Delhi,2026-08-27 06:00:00,77.3,96.2,866.0,39.9,31.6,39.0,174,2026-08-27
Delhi,2026-08-27 07:00:00,74.7,103.8,980.0,40.4,36.4,48.0,173,2026-08-27
Delhi,2026-08-27 08:00:00,69.2,94.3,1038.0,39.2,40.4,67.0,172,2026-08-27
Delhi,2026-08-27 09:00:00,61.9,86.1,975.0,34.9,43.2,102.0,172,2026-08-27
Delhi,2026-08-27 10:00:00,60.1,85.2,855.0,28.9,45.3,147.0,172,2026-08-27
Delhi,2026-08-27 11:00:00,61.2,85.9,774.0,23.7,46.0,185.0,172,2026-08-27
Delhi,2026-08-27 12:00:00,60.5,84.3,781.0,19.5,44.9,213.0,171,2026-08-27
Delhi,2026-08-27 13:00:00,64.0,88.2,825.0,16.0,42.5,233.0,171,2026-08-27
Delhi,2026-08-27 14:00:00,65.7,97.6,852.0,15.0,39.8,244.0,171,2026-08-27
Delhi,2026-08-27 15:00:00,66.4,94.3,759.0,15.7,36.2,243.0,170,2026-08-27
Delhi,2026-08-27 16:00:00,63.1,87.8,648.0,18.9,32.3,232.0,170,2026-08-27
Delhi,2026-08-27 17:00:00,60.8,79.6,771.0,28.3,31.1,209.0,192,2026-08-27
Delhi,2026-08-27 18:00:00,70.8,84.5,1386.0,50.1,34.9,166.0,204,2026-08-27
Delhi,2026-08-27 19:00:00,86.6,98.7,2234.0,78.1,41.5,112.0,205,2026-08-27
Delhi,2026-08-27 20:00:00,95.9,110.1,2792.0,97.7,46.8,70.0,200,2026-08-27
Delhi,2026-08-27 21:00:00,97.6,111.5,2811.0,101.1,49.6,52.0,178,2026-08-27
Delhi,2026-08-27 22:00:00,102.2,111.5,2539.0,96.0,51.2,46.0,166,2026-08-27
Delhi,2026-08-27 23:00:00,106.4,115.3,2194.0,90.7,51.8,42.0,166,2026-08-27
Delhi,2026-08-28 00:00:00,108.7,119.7,1800.0,88.2,51.5,35.0,166,2026-08-28
Delhi,2026-08-28 01:00:00,112.7,126.2,1332.0,85.3,50.3,29.0,166,2026-08-28
Delhi,2026-08-28 02:00:00,114.8,132.7,933.0,81.2,47.9,24.0,167,2026-08-28
Delhi,2026-08-28 03:00:00,114.6,140.2,632.0,75.5,44.0,17.0,167,2026-08-28
Delhi,2026-08-28 04:00:00,112.7,149.9,400.0,68.4,39.0,11.0,168,2026-08-28
Delhi,2026-08-28 05:00:00,54.6,116.6,290.0,31.1,26.1,47.0,169,2026-08-28
Delhi,2026-08-28 06:00:00,51.3,109.9,393.0,29.1,23.1,52.0,169,2026-08-28
Delhi,2026-08-28 07:00:00,51.9,105.9,618.0,26.1,19.0,60.0,168,2026-08-28
Delhi,2026-08-28 08:00:00,53.9,136.0,740.0,22.3,15.8,73.0,167,2026-08-28
Delhi,2026-08-28 09:00:00,66.1,246.8,632.0,17.0,14.5,97.0,167,2026-08-28
Delhi,2026-08-28 10:00:00,79.6,330.6,421.0,11.0,14.1,126.0,167,2026-08-28
Delhi,2026-08-28 11:00:00,93.1,408.9,262.0,6.6,13.9,148.0,168,2026-08-28
Delhi,2026-08-28 12:00:00,104.5,489.9,215.0,4.4,13.7,157.0,169,2026-08-28
Delhi,2026-08-28 13:00:00,108.5,514.1,221.0,3.8,13.7,157.0,170,2026-08-28
Delhi,2026-08-28 14:00:00,119.0,609.1,255.0,5.4,13.8,153.0,171,2026-08-28
Delhi,2026-08-28 15:00:00,126.2,666.8,277.0,8.9,13.7,144.0,173,2026-08-28
Delhi,2026-08-28 16:00:00,130.4,687.3,327.0,14.5,13.7,130.0,175,2026-08-28
Delhi,2026-08-28 17:00:00,118.5,577.4,509.0,21.5,14.3,106.0,177,2026-08-28
Delhi,2026-08-28 18:00:00,124.8,517.8,982.0,39.3,20.6,82.0,178,2026-08-28
Delhi,2026-08-28 19:00:00,141.6,564.4,1585.0,63.9,29.5,48.0,180,2026-08-28
Delhi,2026-08-28 20:00:00,160.7,588.6,1942.0,83.1,37.2,21.0,181,2026-08-28
Delhi,2026-08-28 21:00:00,170.9,573.7,1846.0,92.3,43.1,9.0,183,2026-08-28
Delhi,2026-08-28 22:00:00,177.9,556.9,1503.0,96.1,47.8,4.0,192,2026-08-28
Delhi,2026-08-28 23:00:00,177.4,517.8,1156.0,96.2,49.3,1.0,204,2026-08-28
Delhi,2026-08-29 00:00:00,165.3,458.2,858.0,92.5,46.0,0.0,228,2026-08-29
Delhi,2026-08-29 01:00:00,146.7,383.7,556.0,85.2,39.4,1.0,248,2026-08-29
Delhi,2026-08-29 02:00:00,124.8,303.6,336.0,75.7,32.7,4.0,263,2026-08-29
Delhi,2026-08-29 03:00:00,102.7,263.6,247.0,63.3,26.1,9.0,273,2026-08-29
Delhi,2026-08-29 04:00:00,85.0,266.4,240.0,48.8,19.4,16.0,281,2026-08-29
Delhi,2026-08-29 05:00:00,81.5,380.9,259.0,21.7,10.0,38.0,288,2026-08-29
Delhi,2026-08-29 06:00:00,85.4,424.7,305.0,20.4,10.4,45.0,303,2026-08-29
Delhi,2026-08-29 07:00:00,95.2,489.9,376.0,18.4,11.1,55.0,319,2026-08-29
Delhi,2026-08-29 08:00:00,103.8,542.0,412.0,15.9,11.7,70.0,339,2026-08-29
Delhi,2026-08-29 09:00:00,111.5,599.8,374.0,12.5,12.3,92.0,361,2026-08-29
Delhi,2026-08-29 10:00:00,118.7,642.6,300.0,8.5,12.8,119.0,379,2026-08-29
Delhi,2026-08-29 11:00:00,122.9,663.1,244.0,5.7,13.4,139.0,395,2026-08-29
Delhi,2026-08-29 12:00:00,122.0,648.2,225.0,4.1,13.9,150.0,407,2026-08-29
Delhi,2026-08-29 13:00:00,120.1,629.6,224.0,3.5,14.5,154.0,413,2026-08-29
Delhi,2026-08-29 14:00:00,118.5,612.8,241.0,5.3,14.9,152.0,418,2026-08-29
Delhi,2026-08-29 15:00:00,117.1,603.5,257.0,9.5,14.8,142.0,418,2026-08-29
Delhi,2026-08-29 16:00:00,114.6,577.4,291.0,16.0,14.7,124.0,416,2026-08-29
Delhi,2026-08-29 17:00:00,91.0,419.1,398.0,20.0,13.4,106.0,411,2026-08-29
Delhi,2026-08-29 18:00:00,95.7,352.0,674.0,36.1,18.3,82.0,405,2026-08-29
Delhi,2026-08-29 19:00:00,108.7,364.1,1022.0,58.3,25.0,50.0,397,2026-08-29
Delhi,2026-08-29 20:00:00,120.1,372.5,1213.0,75.7,30.9,24.0,387,2026-08-29
Delhi,2026-08-29 21:00:00,128.1,366.9,1105.0,84.2,35.5,12.0,375,2026-08-29
Delhi,2026-08-29 22:00:00,136.0,357.6,839.0,87.9,39.1,6.0,365,2026-08-29
Delhi,2026-08-29 23:00:00,136.9,341.8,605.0,87.6,39.9,4.0,354,2026-08-29
Delhi,2026-08-30 00:00:00,130.4,320.4,467.0,83.0,36.0,4.0,345,2026-08-30
Delhi,2026-08-30 01:00:00,117.6,297.1,361.0,74.3,29.2,7.0,338,2026-08-30
Delhi,2026-08-30 02:00:00,98.7,295.2,285.0,63.7,22.9,12.0,333,2026-08-30
Delhi,2026-08-30 03:00:00,82.7,303.6,245.0,49.7,17.9,19.0,333,2026-08-30
Delhi,2026-08-30 04:00:00,72.2,299.0,235.0,33.7,13.4,28.0,335,2026-08-30
Delhi,2026-08-30 05:00:00,80.8,421.0,239.0,16.7,8.7,46.0,337,2026-08-30
Delhi,2026-08-30 06:00:00,84.3,440.5,262.0,15.5,9.6,53.0,339,2026-08-30
Delhi,2026-08-30 07:00:00,95.2,476.8,299.0,13.7,10.8,63.0,340,2026-08-30
Delhi,2026-08-30 08:00:00,101.5,530.9,315.0,11.7,11.8,76.0,339,2026-08-30
Delhi,2026-08-30 09:00:00,108.0,571.8,289.0,9.2,12.3,94.0,338,2026-08-30
Delhi,2026-08-30 10:00:00,114.6,603.5,242.0,6.5,12.6,115.0,337,2026-08-30
Delhi,2026-08-30 11:00:00,119.0,625.8,206.0,4.5,12.9,131.0,335,2026-08-30
Delhi,2026-08-30 12:00:00,100.8,478.7,193.0,3.5,13.1,140.0,333,2026-08-30
Delhi,2026-08-30 13:00:00,93.1,422.8,192.0,3.3,13.3,145.0,324,2026-08-30
Delhi,2026-08-30 14:00:00,88.7,393.9,197.0,4.2,13.5,144.0,313,2026-08-30
Delhi,2026-08-30 15:00:00,85.0,373.5,193.0,5.3,13.2,138.0,302,2026-08-30
Delhi,2026-08-30 16:00:00,82.7,347.4,197.0,7.6,12.8,127.0,288,2026-08-30
Delhi,2026-08-30 17:00:00,75.4,276.6,251.0,15.0,16.2,118.0,275,2026-08-30
Delhi,2026-08-30 18:00:00,84.3,228.2,421.0,34.9,23.0,91.0,266,2026-08-30
Delhi,2026-08-30 19:00:00,97.8,241.2,641.0,62.2,32.4,54.0,259,2026-08-30
Delhi,2026-08-30 20:00:00,109.9,241.2,762.0,81.4,39.2,26.0,252,2026-08-30
Delhi,2026-08-30 21:00:00,113.2,225.4,691.0,85.2,41.3,15.0,244,2026-08-30
Delhi,2026-08-30 22:00:00,109.9,201.2,521.0,80.9,40.9,13.0,235,2026-08-30
Delhi,2026-08-30 23:00:00,101.7,175.1,378.0,75.3,39.2,12.0,226,2026-08-30
Delhi,2026-08-31 00:00:00,94.5,165.8,310.0,70.4,36.2,11.0,216,2026-08-31
Delhi,2026-08-31 01:00:00,89.9,170.4,270.0,64.2,31.9,13.0,207,2026-08-31
Delhi,2026-08-31 02:00:00,89.9,207.7,241.0,57.1,27.7,15.0,200,2026-08-31
Delhi,2026-08-31 03:00:00,90.3,266.4,213.0,48.4,23.8,18.0,198,2026-08-31
Delhi,2026-08-31 04:00:00,88.2,323.2,196.0,38.9,20.1,22.0,197,2026-08-31
Delhi,2026-08-31 05:00:00,102.2,540.2,200.0,14.4,9.5,46.0,198,2026-08-31
Delhi,2026-08-31 06:00:00,104.5,534.6,248.0,14.9,10.4,48.0,200,2026-08-31
Delhi,2026-08-31 07:00:00,108.0,534.6,317.0,15.5,11.7,52.0,206,2026-08-31
Delhi,2026-08-31 08:00:00,108.0,556.9,356.0,15.0,12.9,62.0,210,2026-08-31
Delhi,2026-08-31 09:00:00,111.8,594.2,333.0,12.6,13.8,84.0,211,2026-08-31
Delhi,2026-08-31 10:00:00,120.1,631.4,279.0,9.1,14.6,112.0,212,2026-08-31
Delhi,2026-08-31 11:00:00,128.5,665.0,238.0,6.5,15.1,134.0,214,2026-08-31
Delhi,2026-08-31 12:00:00,127.1,640.7,226.0,5.2,15.3,146.0,216,2026-08-31
Delhi,2026-08-31 13:00:00,116.9,571.8,226.0,4.8,15.3,152.0,226,2026-08-31
Delhi,2026-08-31 14:00:00,107.1,512.2,233.0,5.6,15.2,153.0,235,2026-08-31
Delhi,2026-08-31 15:00:00,103.4,488.0,221.0,6.1,14.6,148.0,242,2026-08-31
Delhi,2026-08-31 16:00:00,98.5,444.2,216.0,7.9,14.0,138.0,249,2026-08-31
Delhi,2026-08-31 17:00:00,84.3,372.5,289.0,12.9,12.5,109.0,255,2026-08-31
Delhi,2026-08-31 18:00:00,86.6,332.5,476.0,29.2,16.5,84.0,260,2026-08-31
Delhi,2026-08-31 19:00:00,95.7,315.7,741.0,51.9,22.3,49.0,266,2026-08-31
Delhi,2026-08-31 20:00:00,107.1,327.8,1042.0,70.3,28.4,22.0,271,2026-08-31
Delhi,2026-08-31 21:00:00,119.7,348.3,1472.0,80.7,35.2,9.0,276,2026-08-31
Delhi,2026-08-31 22:00:00,135.0,369.7,1939.0,86.9,42.4,3.0,283,2026-08-31
Delhi,2026-08-31 23:00:00,146.2,381.8,2126.0,89.4,47.0,0.0,293,2026-08-31
Delhi,2026-09-01 00:00:00,147.1,366.9,1794.0,86.9,47.4,0.0,305,2026-09-01
Delhi,2026-09-01 01:00:00,142.0,341.8,1182.0,80.7,45.3,1.0,315,2026-09-01
Delhi,2026-09-01 02:00:00,136.4,320.4,687.0,74.9,42.8,3.0,324,2026-09-01
Delhi,2026-09-01 03:00:00,129.9,297.1,460.0,71.8,40.7,2.0,330,2026-09-01
Delhi,2026-09-01 04:00:00,122.5,285.9,348.0,69.2,38.2,1.0,332,2026-09-01
Delhi,2026-09-01 05:00:00,78.0,385.6,296.0,15.0,9.0,44.0,330,2026-09-01
Delhi,2026-09-01 06:00:00,80.8,373.5,314.0,15.5,10.2,47.0,322,2026-09-01
Delhi,2026-09-01 07:00:00,84.3,357.6,390.0,16.0,11.9,53.0,313,2026-09-01
Delhi,2026-09-01 08:00:00,81.0,393.9,432.0,15.5,13.2,64.0,304,2026-09-01
Delhi,2026-09-01 09:00:00,76.8,375.3,390.0,12.8,13.9,85.0,295,2026-09-01
Delhi,2026-09-01 10:00:00,75.4,363.2,313.0,9.1,14.2,112.0,282,2026-09-01
Delhi,2026-09-01 11:00:00,67.1,300.8,259.0,6.3,14.5,134.0,266,2026-09-01
Delhi,2026-09-01 12:00:00,60.3,247.7,244.0,5.1,14.8,148.0,244,2026-09-01
Delhi,2026-09-01 13:00:00,58.1,231.9,252.0,4.8,15.0,157.0,221,2026-09-01
Delhi,2026-09-01 14:00:00,58.7,228.6,290.0,5.8,15.5,161.0,201,2026-09-01
Delhi,2026-09-01 15:00:00,61.2,242.1,366.0,8.3,16.0,159.0,194,2026-09-01
Delhi,2026-09-01 16:00:00,61.2,231.9,471.0,12.2,16.9,151.0,189,2026-09-01
Delhi,2026-09-01 17:00:00,57.6,177.4,589.0,18.3,23.0,152.0,185,2026-09-01
Delhi,2026-09-01 18:00:00,61.9,150.9,729.0,24.1,26.4,135.0,181,2026-09-01
Delhi,2026-09-01 19:00:00,61.0,116.6,881.0,32.0,31.0,111.0,177,2026-09-01
Delhi,2026-09-01 20:00:00,58.2,99.4,1000.0,38.1,34.6,90.0,176,2026-09-01
Delhi,2026-09-01 21:00:00,56.9,88.9,1082.0,40.5,36.4,76.0,175,2026-09-01
Delhi,2026-09-01 22:00:00,55.2,80.3,1131.0,41.0,37.2,64.0,173,2026-09-01
Delhi,2026-09-01 23:00:00,52.5,72.4,1118.0,40.6,36.8,55.0,170,2026-09-01
Delhi,2026-09-02 00:00:00,48.8,65.7,999.0,38.9,34.4,47.0,168,2026-09-02
Delhi,2026-09-02 01:00:00,46.9,60.1,817.0,36.2,30.8,42.0,165,2026-09-02
Delhi,2026-09-02 02:00:00,45.3,55.3,672.0,34.8,28.1,36.0,162,2026-09-02
Delhi,2026-09-02 03:00:00,44.1,51.9,593.0,36.2,26.6,27.0,159,2026-09-02
Delhi,2026-09-02 04:00:00,44.2,50.5,550.0,38.8,25.9,18.0,157,2026-09-02
Delhi,2026-09-02 05:00:00,47.0,63.8,559.0,35.3,35.1,39.0,154,2026-09-02
Delhi,2026-09-02 06:00:00,50.9,65.9,669.0,34.9,37.1,47.0,153,2026-09-02
Delhi,2026-09-02 07:00:00,46.4,72.6,831.0,34.1,39.7,59.0,152,2026-09-02
Delhi,2026-09-02 08:00:00,43.4,81.0,909.0,31.5,40.5,79.0,151,2026-09-02
Delhi,2026-09-02 09:00:00,45.8,99.4,822.0,25.3,38.3,117.0,150,2026-09-02
Delhi,2026-09-02 10:00:00,49.0,112.5,652.0,17.2,34.5,163.0,148,2026-09-02
Delhi,2026-09-02 11:00:00,49.9,117.1,509.0,11.0,30.3,195.0,145,2026-09-02
Delhi,2026-09-02 12:00:00,48.4,114.6,427.0,7.8,25.7,201.0,143,2026-09-02
Delhi,2026-09-02 13:00:00,46.6,116.6,371.0,6.5,20.9,192.0,142,2026-09-02
Delhi,2026-09-02 14:00:00,57.9,147.1,356.0,7.6,17.7,177.0,141,2026-09-02
Delhi,2026-09-02 15:00:00,39.3,91.5,395.0,12.0,17.1,158.0,140,2026-09-02
Delhi,2026-09-02 16:00:00,35.2,72.4,473.0,18.8,18.3,133.0,139,2026-09-02
Delhi,2026-09-02 17:00:00,35.4,72.9,559.0,17.1,17.9,111.0,151,2026-09-02
Delhi,2026-09-02 18:00:00,37.8,60.5,658.0,31.0,21.4,86.0,149,2026-09-02
Delhi,2026-09-02 19:00:00,49.2,66.6,764.0,49.9,26.2,52.0,133,2026-09-02
Delhi,2026-09-02 20:00:00,51.8,63.3,827.0,62.0,29.5,28.0,129,2026-09-02
Delhi,2026-09-02 21:00:00,48.4,56.1,814.0,61.2,29.8,23.0,129,2026-09-02
Delhi,2026-09-02 22:00:00,43.7,48.4,758.0,53.7,28.4,28.0,128,2026-09-02
Delhi,2026-09-02 23:00:00,40.2,43.0,706.0,46.0,27.0,34.0,127,2026-09-02
Delhi,2026-09-03 00:00:00,35.6,37.4,671.0,39.7,25.8,40.0,125,2026-09-03
Delhi,2026-09-03 01:00:00,31.8,32.9,639.0,33.3,24.5,47.0,124,2026-09-03
Delhi,2026-09-03 02:00:00,29.2,29.9,617.0,28.5,23.4,52.0,122,2026-09-03
Delhi,2026-09-03 03:00:00,28.5,28.9,604.0,26.3,22.6,52.0,121,2026-09-03
Delhi,2026-09-03 04:00:00,28.1,28.3,601.0,25.6,22.1,50.0,119,2026-09-03
Delhi,2026-09-03 05:00:00,12.0,12.0,609.0,19.1,17.3,64.0,117,2026-09-03
Delhi,2026-09-03 06:00:00,12.4,12.5,647.0,20.6,19.0,65.0,114,2026-09-03
Delhi,2026-09-03 07:00:00,12.8,12.9,697.0,22.6,21.3,67.0,110,2026-09-03
Delhi,2026-09-03 08:00:00,13.1,13.2,706.0,23.1,23.4,74.0,106,2026-09-03
Delhi,2026-09-03 09:00:00,15.1,15.3,635.0,20.9,25.0,89.0,103,2026-09-03
Delhi,2026-09-03 10:00:00,16.9,23.9,523.0,17.3,26.4,107.0,100,2026-09-03
Delhi,2026-09-03 11:00:00,17.6,28.5,433.0,14.4,26.9,122.0,97,2026-09-03
Delhi,2026-09-03 12:00:00,17.2,22.9,379.0,12.7,25.7,128.0,95,2026-09-03
Delhi,2026-09-03 13:00:00,18.1,21.7,347.0,11.7,23.7,131.0,92,2026-09-03
Delhi,2026-09-03 14:00:00,19.0,21.5,357.0,12.0,22.8,132.0,90,2026-09-03
Delhi,2026-09-03 15:00:00,21.0,26.1,434.0,11.6,23.5,138.0,87,2026-09-03
Delhi,2026-09-03 16:00:00,22.5,25.7,552.0,12.4,25.4,142.0,86,2026-09-03
Delhi,2026-09-03 17:00:00,25.3,25.5,660.0,33.5,30.2,85.0,85,2026-09-03
Delhi,2026-09-03 18:00:00,30.3,30.5,730.0,47.0,35.2,66.0,84,2026-09-03
Delhi,2026-09-03 19:00:00,41.4,41.7,790.0,65.5,42.1,39.0,83,2026-09-03
Delhi,2026-09-03 20:00:00,52.0,52.3,865.0,79.0,46.7,19.0,83,2026-09-03
Delhi,2026-09-03 21:00:00,66.4,66.6,985.0,83.1,47.2,11.0,83,2026-09-03
Delhi,2026-09-03 22:00:00,67.8,68.0,1122.0,82.3,45.4,9.0,84,2026-09-03
Delhi,2026-09-03 23:00:00,64.3,64.7,1215.0,79.2,43.1,9.0,86,2026-09-03
Delhi,2026-09-04 00:00:00,61.7,61.9,1235.0,74.1,40.5,11.0,88,2026-09-04
Delhi,2026-09-04 01:00:00,59.3,59.6,1211.0,66.8,37.4,15.0,90,2026-09-04
Delhi,2026-09-04 02:00:00,58.2,58.7,1174.0,59.9,34.8,19.0,92,2026-09-04
Delhi,2026-09-04 03:00:00,56.9,57.3,1139.0,54.3,32.8,19.0,94,2026-09-04
Delhi,2026-09-04 04:00:00,54.7,55.2,1092.0,49.1,31.2,19.0,97,2026-09-04
Delhi,2026-09-04 05:00:00,51.8,52.2,1019.0,48.8,31.6,23.0,99,2026-09-04
Delhi,2026-09-04 06:00:00,48.0,48.3,902.0,47.7,31.1,24.0,102,2026-09-04
Delhi,2026-09-04 07:00:00,44.9,45.4,760.0,45.9,30.4,28.0,106,2026-09-04
Delhi,2026-09-04 08:00:00,46.9,47.4,637.0,42.6,30.0,39.0,110,2026-09-04
Delhi,2026-09-04 09:00:00,41.3,41.7,544.0,36.4,30.2,67.0,113,2026-09-04
Delhi,2026-09-04 10:00:00,38.4,38.8,471.0,28.8,30.7,102.0,116,2026-09-04
Delhi,2026-09-04 11:00:00,33.4,33.8,427.0,23.1,31.0,129.0,118,2026-09-04
Delhi,2026-09-04 12:00:00,31.9,32.4,415.0,20.7,30.7,139.0,120,2026-09-04
Delhi,2026-09-04 13:00:00,31.1,31.5,432.0,20.3,30.3,139.0,121,2026-09-04
Delhi,2026-09-04 14:00:00,30.9,31.2,482.0,21.2,30.0,136.0,123,2026-09-04
Delhi,2026-09-04 15:00:00,30.9,31.3,588.0,22.6,30.0,133.0,124,2026-09-04
Delhi,2026-09-04 16:00:00,31.0,31.4,725.0,25.3,30.2,126.0,125,2026-09-04
Delhi,2026-09-04 17:00:00,48.9,67.1,828.0,28.4,25.8,99.0,126,2026-09-04
Delhi,2026-09-04 18:00:00,51.9,57.9,865.0,35.7,25.6,82.0,128,2026-09-04
Delhi,2026-09-04 19:00:00,54.6,55.8,866.0,45.5,25.4,59.0,130,2026-09-04
Delhi,2026-09-04 20:00:00,52.2,52.3,856.0,50.9,24.6,43.0,132,2026-09-04
Delhi,2026-09-04 21:00:00,45.9,46.1,843.0,48.0,23.1,41.0,132,2026-09-04
Delhi,2026-09-04 22:00:00,39.2,39.5,817.0,40.6,21.1,46.0,130,2026-09-04
Delhi,2026-09-04 23:00:00,34.6,34.7,777.0,33.5,19.1,51.0,127,2026-09-04
Delhi,2026-09-05 00:00:00,27.9,28.1,714.0,27.9,16.9,55.0,124,2026-09-05
Delhi,2026-09-05 01:00:00,23.1,23.2,636.0,22.6,14.7,59.0,120,2026-09-05
Delhi,2026-09-05 02:00:00,18.2,18.3,564.0,18.8,13.1,62.0,116,2026-09-05
Delhi,2026-09-05 03:00:00,15.0,15.1,490.0,16.9,12.2,62.0,112,2026-09-05
Delhi,2026-09-05 04:00:00,13.7,13.8,422.0,16.4,11.9,59.0,108,2026-09-05
Delhi,2026-09-05 05:00:00,18.0,18.2,405.0,19.7,13.6,50.0,104,2026-09-05
Delhi,2026-09-05 06:00:00,20.4,20.5,488.0,24.3,15.3,44.0,100,2026-09-05
Delhi,2026-09-05 07:00:00,24.9,25.0,623.0,30.4,17.8,38.0,98,2026-09-05
Delhi,2026-09-05 08:00:00,25.7,25.8,706.0,33.7,20.1,38.0,96,2026-09-05
Delhi,2026-09-05 09:00:00,24.2,24.4,677.0,31.8,22.3,51.0,95,2026-09-05
Delhi,2026-09-05 10:00:00,22.8,22.9,597.0,27.1,24.3,72.0,93,2026-09-05
Delhi,2026-09-05 11:00:00,22.4,22.6,547.0,22.8,25.5,91.0,92,2026-09-05
Delhi,2026-09-05 12:00:00,23.7,24.0,566.0,19.6,25.2,109.0,91,2026-09-05
Delhi,2026-09-05 13:00:00,24.2,24.5,614.0,16.8,24.0,126.0,91,2026-09-05
Delhi,2026-09-05 14:00:00,24.7,25.3,655.0,15.8,22.8,136.0,90,2026-09-05
Delhi,2026-09-05 15:00:00,26.1,26.7,613.0,15.8,21.3,135.0,89,2026-09-05
Delhi,2026-09-05 16:00:00,28.2,28.8,564.0,17.7,19.7,127.0,89,2026-09-05
Delhi,2026-09-05 17:00:00,38.3,39.6,700.0,28.1,20.2,74.0,89,2026-09-05
Delhi,2026-09-05 18:00:00,44.0,44.8,1229.0,34.9,21.1,62.0,88,2026-09-05
Delhi,2026-09-05 19:00:00,48.2,48.9,1943.0,44.1,22.3,45.0,87,2026-09-05
Delhi,2026-09-05 20:00:00,49.5,50.1,2408.0,49.8,22.8,33.0,87,2026-09-05
Delhi,2026-09-05 21:00:00,48.3,48.9,2405.0,48.9,22.1,31.0,87,2026-09-05
Delhi,2026-09-05 22:00:00,47.0,47.5,2153.0,44.4,20.6,34.0,87,2026-09-05
Delhi,2026-09-05 23:00:00,47.1,47.6,1872.0,40.2,19.3,37.0,88,2026-09-05
Delhi,2026-09-06 00:00:00,46.4,46.9,1614.0,37.2,18.2,38.0,88,2026-09-06
Delhi,2026-09-06 01:00:00,44.9,45.3,1326.0,34.3,17.1,38.0,90,2026-09-06
Delhi,2026-09-06 02:00:00,45.8,46.1,1071.0,32.2,16.4,38.0,92,2026-09-06
Delhi,2026-09-06 03:00:00,47.0,47.5,862.0,31.4,16.0,35.0,94,2026-09-06
Delhi,2026-09-06 04:00:00,46.3,46.7,686.0,31.3,16.0,32.0,96,2026-09-06
Delhi,2026-09-06 05:00:00,45.5,45.9,561.0,31.4,20.8,35.0,99,2026-09-06
Delhi,2026-09-06 06:00:00,50.1,50.3,508.0,28.8,22.4,46.0,101,2026-09-06
Delhi,2026-09-06 07:00:00,43.8,44.1,505.0,25.2,24.5,63.0,105,2026-09-06
Delhi,2026-09-06 08:00:00,34.6,34.9,509.0,21.3,25.8,81.0,106,2026-09-06
Delhi,2026-09-06 09:00:00,30.2,30.5,510.0,17.1,25.7,102.0,107,2026-09-06
Delhi,2026-09-06 10:00:00,26.9,27.1,517.0,12.7,24.8,125.0,108,2026-09-06
Delhi,2026-09-06 11:00:00,25.1,25.3,511.0,9.5,23.9,143.0,108,2026-09-06
Delhi,2026-09-06 12:00:00,23.1,23.3,467.0,7.8,23.0,153.0,109,2026-09-06
Delhi,2026-09-06 13:00:00,23.3,23.5,410.0,7.3,22.0,157.0,109,2026-09-06
Delhi,2026-09-06 14:00:00,23.5,23.6,393.0,7.9,21.5,157.0,109,2026-09-06
Delhi,2026-09-06 15:00:00,22.7,23.1,404.0,7.8,21.1,154.0,108,2026-09-06
Delhi,2026-09-06 16:00:00,22.4,22.8,455.0,8.9,21.2,146.0,108,2026-09-06
Delhi,2026-09-06 17:00:00,23.6,23.7,630.0,16.5,17.0,93.0,108,2026-09-06
Delhi,2026-09-06 18:00:00,29.4,29.9,1056.0,29.7,22.7,73.0,106,2026-09-06
Delhi,2026-09-06 19:00:00,40.3,40.5,1607.0,48.0,30.7,45.0,104,2026-09-06
Delhi,2026-09-06 20:00:00,50.4,50.5,1991.0,62.8,38.2,24.0,104,2026-09-06
Delhi,2026-09-06 21:00:00,53.6,53.6,2065.0,70.1,44.2,15.0,104,2026-09-06
Delhi,2026-09-06 22:00:00,59.8,59.8,1971.0,73.9,49.6,13.0,104,2026-09-06
Delhi,2026-09-06 23:00:00,69.4,69.4,1846.0,76.8,54.0,11.0,106,2026-09-06
Delhi,2026-09-07 00:00:00,75.4,75.4,1710.0,79.6,56.9,9.0,108,2026-09-07
Delhi,2026-09-07 01:00:00,77.1,77.1,1542.0,81.5,58.8,7.0,111,2026-09-07
Delhi,2026-09-07 02:00:00,79.6,79.6,1416.0,83.0,60.2,6.0,114,2026-09-07
Delhi,2026-09-07 03:00:00,81.5,81.5,1378.0,85.6,61.4,1.0,118,2026-09-07
Delhi,2026-09-07 04:00:00,84.5,84.8,1382.0,87.8,62.1,0.0,121,2026-09-07
Delhi,2026-09-07 05:00:00,78.2,78.2,1364.0,69.7,46.3,2.0,125,2026-09-07
Delhi,2026-09-07 06:00:00,83.1,83.1,1306.0,60.4,44.6,20.0,129,2026-09-07
Delhi,2026-09-07 07:00:00,73.3,73.8,1226.0,47.3,42.4,46.0,132,2026-09-07
Delhi,2026-09-07 08:00:00,51.1,53.3,1112.0,35.5,40.8,78.0,135,2026-09-07
Delhi,2026-09-07 09:00:00,41.6,53.3,936.0,26.6,41.1,122.0,137,2026-09-07
Delhi,2026-09-07 10:00:00,46.8,64.7,727.0,19.0,42.1,172.0,138,2026-09-07
Delhi,2026-09-07 11:00:00,54.7,76.8,560.0,13.2,41.8,212.0,140,2026-09-07
Delhi,2026-09-07 12:00:00,59.6,78.9,455.0,9.1,38.9,237.0,143,2026-09-07
Delhi,2026-09-07 13:00:00,61.0,79.2,394.0,6.7,34.8,251.0,147,2026-09-07
Delhi,2026-09-07 14:00:00,59.6,76.6,393.0,7.0,31.2,252.0,150,2026-09-07
Delhi,2026-09-07 15:00:00,58.0,75.7,419.0,9.3,28.1,236.0,156,2026-09-07
Delhi,2026-09-07 16:00:00,54.0,72.6,506.0,14.2,25.5,206.0,186,2026-09-07
Delhi,2026-09-07 17:00:00,68.2,87.8,778.0,28.0,25.1,158.0,203,2026-09-07
Delhi,2026-09-07 18:00:00,82.2,97.8,1465.0,48.0,30.1,125.0,205,2026-09-07
Delhi,2026-09-07 19:00:00,99.7,115.0,2337.0,75.2,36.9,79.0,202,2026-09-07
Delhi,2026-09-07 20:00:00,105.2,118.5,2824.0,93.8,42.5,46.0,184,2026-09-07
Delhi,2026-09-07 21:00:00,99.9,111.1,2567.0,95.7,45.3,37.0,160,2026-09-07
Delhi,2026-09-07 22:00:00,100.1,110.8,1925.0,88.9,46.9,40.0,161,2026-09-07
Delhi,2026-09-07 23:00:00,99.7,110.6,1412.0,81.1,47.9,44.0,162,2026-09-07
Delhi,2026-09-08 00:00:00,98.7,109.4,1251.0,74.6,49.1,44.0,163,2026-09-08
Delhi,2026-09-08 01:00:00,98.3,109.0,1217.0,67.2,49.8,45.0,164,2026-09-08
Delhi,2026-09-08 02:00:00,96.6,108.0,1155.0,60.1,49.1,45.0,164,2026-09-08
Delhi,2026-09-08 03:00:00,92.7,104.5,974.0,53.3,46.5,44.0,165,2026-09-08
Delhi,2026-09-08 04:00:00,87.5,100.1,763.0,46.8,42.5,42.0,165,2026-09-08
Delhi,2026-09-08 05:00:00,116.2,133.2,635.0,73.6,55.6,43.0,165,2026-09-08
Delhi,2026-09-08 06:00:00,99.0,113.4,683.0,63.4,50.6,62.0,167,2026-09-08
Delhi,2026-09-08 07:00:00,88.9,99.9,813.0,49.0,43.5,88.0,167,2026-09-08
Delhi,2026-09-08 08:00:00,61.9,75.4,855.0,35.6,36.8,117.0,167,2026-09-08
Delhi,2026-09-08 09:00:00,47.0,68.2,701.0,24.4,31.2,150.0,168,2026-09-08
Delhi,2026-09-08 10:00:00,39.9,63.8,458.0,14.3,26.0,185.0,168,2026-09-08
Delhi,2026-09-08 11:00:00,37.3,62.2,277.0,7.2,21.7,208.0,168,2026-09-08
Delhi,2026-09-08 12:00:00,35.0,55.1,217.0,4.0,18.6,211.0,167,2026-09-08
Delhi,2026-09-08 13:00:00,34.8,58.1,219.0,3.9,16.5,201.0,167,2026-09-08
Delhi,2026-09-08 14:00:00,34.6,59.6,259.0,5.6,15.2,187.0,166,2026-09-08
Delhi,2026-09-08 15:00:00,34.7,62.4,335.0,8.9,14.5,171.0,165,2026-09-08
Delhi,2026-09-08 16:00:00,40.7,107.8,449.0,14.2,14.5,152.0,165,2026-09-08
Delhi,2026-09-08 17:00:00,44.4,114.3,581.0,21.6,15.5,122.0,171,2026-09-08
Delhi,2026-09-08 18:00:00,49.4,104.3,746.0,31.3,18.4,102.0,167,2026-09-08
Delhi,2026-09-08 19:00:00,53.2,101.7,929.0,44.7,22.4,74.0,162,2026-09-08
Delhi,2026-09-08 20:00:00,56.8,109.0,1067.0,55.0,25.9,52.0,161,2026-09-08
Delhi,2026-09-08 21:00:00,62.2,122.5,1152.0,59.2,28.6,42.0,159,2026-09-08
Delhi,2026-09-08 22:00:00,68.2,136.4,1192.0,60.2,30.8,37.0,158,2026-09-08
Delhi,2026-09-08 23:00:00,73.1,145.8,1146.0,60.2,31.7,34.0,157,2026-09-08
Delhi,2026-09-09 00:00:00,74.5,147.6,951.0,59.9,30.4,30.0,157,2026-09-09
Delhi,2026-09-09 01:00:00,73.8,145.3,669.0,58.5,27.8,27.0,156,2026-09-09
Delhi,2026-09-09 02:00:00,72.4,140.2,447.0,56.2,25.2,25.0,155,2026-09-09
Delhi,2026-09-09 03:00:00,70.1,139.7,340.0,52.8,23.2,21.0,154,2026-09-09
Delhi,2026-09-09 04:00:00,67.1,143.0,294.0,48.5,21.3,17.0,154,2026-09-09
Delhi,2026-09-09 05:00:00,54.0,169.0,286.0,23.4,13.7,38.0,153,2026-09-09
Delhi,2026-09-09 06:00:00,49.0,136.9,339.0,23.3,13.4,40.0,151,2026-09-09
Delhi,2026-09-09 07:00:00,48.7,143.4,432.0,22.8,13.0,45.0,149,2026-09-09
Delhi,2026-09-09 08:00:00,52.3,165.3,479.0,21.1,12.9,57.0,145,2026-09-09
Delhi,2026-09-09 09:00:00,59.1,232.4,431.0,16.7,13.2,84.0,144,2026-09-09
Delhi,2026-09-09 10:00:00,65.9,267.3,338.0,11.0,13.8,118.0,145,2026-09-09
Delhi,2026-09-09 11:00:00,72.6,299.0,266.0,6.7,14.1,143.0,148,2026-09-09
Delhi,2026-09-09 12:00:00,74.7,309.2,228.0,4.6,13.7,153.0,150,2026-09-09
Delhi,2026-09-09 13:00:00,74.0,309.2,211.0,4.0,13.1,154.0,152,2026-09-09
Delhi,2026-09-09 14:00:00,74.5,317.6,243.0,5.5,12.7,150.0,153,2026-09-09
Delhi,2026-09-09 15:00:00,75.7,330.6,332.0,9.3,12.5,140.0,154,2026-09-09
Delhi,2026-09-09 16:00:00,77.5,333.4,469.0,15.3,12.5,124.0,155,2026-09-09
Delhi,2026-09-09 17:00:00,70.8,273.8,664.0,22.3,13.6,104.0,156,2026-09-09
Delhi,2026-09-09 18:00:00,76.1,248.7,993.0,34.0,17.2,83.0,157,2026-09-09
Delhi,2026-09-09 19:00:00,83.6,244.9,1378.0,50.2,22.4,55.0,158,2026-09-09
Delhi,2026-09-09 20:00:00,92.0,256.1,1595.0,62.1,27.9,33.0,159,2026-09-09
Delhi,2026-09-09 21:00:00,100.4,276.6,1513.0,65.4,34.0,26.0,160,2026-09-09
Delhi,2026-09-09 22:00:00,109.2,296.2,1264.0,64.6,40.3,25.0,161,2026-09-09
Delhi,2026-09-09 23:00:00,116.4,305.5,1012.0,64.2,44.3,24.0,162,2026-09-09
Delhi,2026-09-10 00:00:00,121.5,306.4,795.0,66.4,44.6,19.0,163,2026-09-10
Delhi,2026-09-10 01:00:00,123.9,295.2,575.0,69.0,42.6,14.0,165,2026-09-10
Delhi,2026-09-10 02:00:00,117.8,268.2,411.0,70.5,39.9,9.0,166,2026-09-10
Delhi,2026-09-10 03:00:00,107.1,234.2,319.0,70.5,36.4,4.0,168,2026-09-10
Delhi,2026-09-10 04:00:00,96.4,202.1,282.0,69.4,32.2,0.0,169,2026-09-10
Delhi,2026-09-10 05:00:00,61.5,131.3,308.0,36.8,17.3,35.0,170,2026-09-10
Delhi,2026-09-10 06:00:00,61.0,128.1,456.0,35.5,17.6,43.0,170,2026-09-10
Delhi,2026-09-10 07:00:00,61.2,124.3,667.0,33.5,18.0,55.0,170,2026-09-10
Delhi,2026-09-10 08:00:00,58.2,131.3,771.0,29.7,18.2,73.0,171,2026-09-10
Delhi,2026-09-10 09:00:00,56.8,148.5,658.0,22.6,18.1,102.0,171,2026-09-10
Delhi,2026-09-10 10:00:00,56.9,171.4,439.0,13.7,17.8,137.0,171,2026-09-10
Delhi,2026-09-10 11:00:00,56.8,183.5,273.0,7.2,17.4,162.0,170,2026-09-10
Delhi,2026-09-10 12:00:00,52.4,161.6,219.0,4.4,16.8,170.0,170,2026-09-10
Delhi,2026-09-10 13:00:00,54.8,183.9,217.0,3.9,16.1,167.0,169,2026-09-10
Delhi,2026-09-10 14:00:00,55.8,197.0,254.0,5.7,15.7,160.0,169,2026-09-10
Delhi,2026-09-10 15:00:00,57.7,212.8,307.0,9.9,15.5,149.0,168,2026-09-10
Delhi,2026-09-10 16:00:00,59.3,213.7,399.0,16.5,15.6,133.0,168,2026-09-10
Delhi,2026-09-10 17:00:00,60.5,245.9,574.0,19.5,14.2,111.0,167,2026-09-10
Delhi,2026-09-10 18:00:00,65.4,242.1,918.0,27.2,17.0,94.0,167,2026-09-10
Delhi,2026-09-10 19:00:00,71.2,236.6,1347.0,38.1,20.9,71.0,167,2026-09-10
Delhi,2026-09-10 20:00:00,77.1,244.9,1653.0,47.8,24.5,51.0,166,2026-09-10
Delhi,2026-09-10 21:00:00,83.6,255.2,1734.0,55.5,27.8,38.0,166,2026-09-10
Delhi,2026-09-10 22:00:00,90.3,265.4,1693.0,62.0,30.8,29.0,165,2026-09-10
Delhi,2026-09-10 23:00:00,95.0,255.2,1629.0,65.4,32.5,23.0,165,2026-09-10
Delhi,2026-09-11 00:00:00,93.6,222.6,1581.0,64.1,31.7,20.0,164,2026-09-11
Delhi,2026-09-11 01:00:00,87.3,182.5,1511.0,59.8,29.5,19.0,163,2026-09-11
Delhi,2026-09-11 02:00:00,80.3,151.3,1401.0,55.7,28.0,20.0,162,2026-09-11
Delhi,2026-09-11 03:00:00,74.7,128.5,1199.0,53.1,27.8,19.0,161,2026-09-11
Delhi,2026-09-11 04:00:00,72.9,114.1,957.0,50.8,28.3,19.0,160,2026-09-11
Delhi,2026-09-11 05:00:00,86.1,158.3,817.0,54.9,26.9,12.0,159,2026-09-11
Delhi,2026-09-11 06:00:00,90.6,154.1,896.0,51.3,29.9,32.0,160,2026-09-11
Delhi,2026-09-11 07:00:00,88.7,136.0,1077.0,45.9,34.1,61.0,161,2026-09-11
Delhi,2026-09-11 08:00:00,78.7,139.2,1152.0,39.0,36.7,95.0,162,2026-09-11
Delhi,2026-09-11 09:00:00,70.8,140.2,996.0,29.0,36.6,141.0,162,2026-09-11
Delhi,2026-09-11 10:00:00,65.0,122.9,733.0,17.5,35.0,193.0,163,2026-09-11
Delhi,2026-09-11 11:00:00,62.6,104.3,535.0,9.9,32.9,223.0,163,2026-09-11
Delhi,2026-09-11 12:00:00,61.5,93.4,457.0,9.1,29.9,215.0,163,2026-09-11
Delhi,2026-09-11 13:00:00,50.1,65.2,444.0,12.1,26.3,185.0,163,2026-09-11
Delhi,2026-09-11 14:00:00,39.2,43.1,493.0,15.5,24.0,158.0,163,2026-09-11
Delhi,2026-09-11 15:00:00,30.7,31.7,638.0,18.3,24.0,142.0,163,2026-09-11
Delhi,2026-09-11 16:00:00,26.2,26.5,846.0,21.6,25.2,129.0,162,2026-09-11
Delhi,2026-09-11 17:00:00,17.1,17.1,1016.0,18.0,20.9,123.0,161,2026-09-11
Delhi,2026-09-11 18:00:00,21.3,21.3,1120.0,21.7,21.6,108.0,160,2026-09-11
Delhi,2026-09-11 19:00:00,21.0,21.0,1186.0,26.8,22.6,88.0,158,2026-09-11
Delhi,2026-09-11 20:00:00,20.0,20.0,1196.0,30.5,23.4,71.0,157,2026-09-11
Delhi,2026-09-11 21:00:00,19.6,19.6,1124.0,31.6,23.8,62.0,155,2026-09-11
Delhi,2026-09-11 22:00:00,20.2,20.2,996.0,31.3,23.9,56.0,153,2026-09-11
Delhi,2026-09-11 23:00:00,20.3,20.4,870.0,30.5,23.8,51.0,151,2026-09-11
Delhi,2026-09-12 00:00:00,19.6,19.8,760.0,29.2,23.2,47.0,147,2026-09-12
Delhi,2026-09-12 01:00:00,19.1,19.4,652.0,27.4,22.4,44.0,139,2026-09-12
Delhi,2026-09-12 02:00:00,18.9,19.3,568.0,26.1,21.8,42.0,132,2026-09-12
Delhi,2026-09-12 03:00:00,19.1,19.6,503.0,25.5,21.7,39.0,125,2026-09-12
Delhi,2026-09-12 04:00:00,18.8,19.3,463.0,25.4,21.8,37.0,120,2026-09-12
Delhi,2026-09-12 05:00:00,17.2,17.7,482.0,23.6,22.3,42.0,114,2026-09-12
Delhi,2026-09-12 06:00:00,17.4,18.1,627.0,26.7,23.2,43.0,107,2026-09-12
Delhi,2026-09-12 07:00:00,18.7,19.4,831.0,30.8,24.4,44.0,99,2026-09-12
Delhi,2026-09-12 08:00:00,19.8,20.4,937.0,32.7,25.5,50.0,94,2026-09-12
Delhi,2026-09-12 09:00:00,20.1,20.4,845.0,30.6,26.7,63.0,89,2026-09-12
Delhi,2026-09-12 10:00:00,19.3,19.4,654.0,26.2,27.9,80.0,85,2026-09-12
Delhi,2026-09-12 11:00:00,18.6,18.7,500.0,21.8,28.1,99.0,82,2026-09-12
Delhi,2026-09-12 12:00:00,20.0,20.1,424.0,16.9,26.7,123.0,78,2026-09-12
Delhi,2026-09-12 13:00:00,21.2,25.8,386.0,12.0,24.4,149.0,75,2026-09-12
Delhi,2026-09-12 14:00:00,21.3,22.7,401.0,10.1,22.4,163.0,73,2026-09-12
Delhi,2026-09-12 15:00:00,21.6,25.1,502.0,13.3,21.0,158.0,71,2026-09-12
Delhi,2026-09-12 16:00:00,21.4,23.5,658.0,19.7,19.9,141.0,70,2026-09-12
Delhi,2026-09-12 17:00:00,20.3,20.7,786.0,19.1,17.6,126.0,74,2026-09-12
Delhi,2026-09-12 18:00:00,28.1,28.2,864.0,32.6,20.9,100.0,88,2026-09-12
Delhi,2026-09-12 19:00:00,37.6,37.7,915.0,50.9,25.3,65.0,92,2026-09-12
Delhi,2026-09-12 20:00:00,41.9,42.0,928.0,62.8,28.1,39.0,85,2026-09-12
Delhi,2026-09-12 21:00:00,44.1,44.2,888.0,62.8,27.9,33.0,74,2026-09-12
Delhi,2026-09-12 22:00:00,42.6,42.7,810.0,56.4,26.1,36.0,76,2026-09-12
Delhi,2026-09-12 23:00:00,39.3,39.5,724.0,49.1,24.3,41.0,78,2026-09-12
Delhi,2026-09-13 00:00:00,36.4,36.6,630.0,41.7,22.9,44.0,79,2026-09-13
Delhi,2026-09-13 01:00:00,34.0,34.0,528.0,33.3,21.5,48.0,80,2026-09-13
Delhi,2026-09-13 02:00:00,31.7,31.7,447.0,26.9,20.3,51.0,82,2026-09-13
Delhi,2026-09-13 03:00:00,29.6,29.6,397.0,24.0,19.4,48.0,83,2026-09-13
Delhi,2026-09-13 04:00:00,28.0,28.1,368.0,23.0,18.7,44.0,83,2026-09-13
Delhi,2026-09-13 05:00:00,24.3,24.3,359.0,23.0,13.8,37.0,84,2026-09-13
Delhi,2026-09-13 06:00:00,25.4,25.5,386.0,21.4,15.9,51.0,85,2026-09-13
Delhi,2026-09-13 07:00:00,28.5,28.5,433.0,19.1,18.8,71.0,85,2026-09-13
Delhi,2026-09-13 08:00:00,25.6,25.7,452.0,16.4,20.9,94.0,86,2026-09-13
Delhi,2026-09-13 09:00:00,23.8,24.3,413.0,12.8,21.6,123.0,87,2026-09-13
Delhi,2026-09-13 10:00:00,25.1,26.3,347.0,8.7,21.5,155.0,87,2026-09-13
Delhi,2026-09-13 11:00:00,27.1,40.0,297.0,5.8,21.0,177.0,87,2026-09-13
Delhi,2026-09-13 12:00:00,27.0,31.8,276.0,4.6,19.8,184.0,88,2026-09-13
Delhi,2026-09-13 13:00:00,26.4,29.6,272.0,4.4,18.1,181.0,89,2026-09-13
Delhi,2026-09-13 14:00:00,25.5,27.6,286.0,5.3,17.0,174.0,89,2026-09-13
Delhi,2026-09-13 15:00:00,24.7,26.0,329.0,7.2,16.7,164.0,113,2026-09-13
Delhi,2026-09-13 16:00:00,24.1,25.0,391.0,10.1,16.9,150.0,133,2026-09-13
Delhi,2026-09-13 17:00:00,24.6,25.8,443.0,13.4,17.6,124.0,145,2026-09-13
Delhi,2026-09-13 18:00:00,28.9,30.3,477.0,16.7,18.4,110.0,145,2026-09-13
Delhi,2026-09-13 19:00:00,30.5,31.2,501.0,21.2,19.5,91.0,135,2026-09-13
Delhi,2026-09-13 20:00:00,30.2,31.2,507.0,24.1,20.3,77.0,117,2026-09-13
Delhi,2026-09-13 21:00:00,29.6,31.2,486.0,24.0,20.6,73.0,94,2026-09-13
Delhi,2026-09-13 22:00:00,28.2,29.7,446.0,22.3,20.5,74.0,87,2026-09-13
Delhi,2026-09-13 23:00:00,25.7,30.6,405.0,20.5,20.1,74.0,86,2026-09-13
Mumbai,2026-08-15 00:00:00,13.6,28.6,141.0,5.9,4.2,44.0,65,2026-08-15
Mumbai,2026-08-15 01:00:00,13.8,31.1,120.0,5.2,3.8,45.0,65,2026-08-15
Mumbai,2026-08-15 02:00:00,12.8,28.6,107.0,4.7,3.7,45.0,64,2026-08-15
Mumbai,2026-08-15 03:00:00,12.0,25.9,102.0,4.6,3.9,45.0,64,2026-08-15
Mumbai,2026-08-15 04:00:00,11.7,24.8,106.0,4.7,4.2,44.0,64,2026-08-15
Mumbai,2026-08-15 05:00:00,13.9,32.6,126.0,5.0,3.8,45.0,64,2026-08-15
Mumbai,2026-08-15 06:00:00,14.2,33.5,178.0,5.7,4.0,44.0,64,2026-08-15
Mumbai,2026-08-15 07:00:00,14.8,34.7,245.0,6.6,4.3,44.0,64,2026-08-15
Mumbai,2026-08-15 08:00:00,15.4,36.1,284.0,7.2,4.9,46.0,63,2026-08-15
Mumbai,2026-08-15 09:00:00,15.5,36.1,267.0,7.4,6.0,52.0,63,2026-08-15
Mumbai,2026-08-15 10:00:00,17.9,39.7,222.0,7.3,7.3,60.0,63,2026-08-15
Mumbai,2026-08-15 11:00:00,18.5,40.5,185.0,7.0,8.2,68.0,63,2026-08-15
Mumbai,2026-08-15 12:00:00,20.3,41.7,170.0,6.3,8.5,77.0,63,2026-08-15
Mumbai,2026-08-15 13:00:00,20.8,41.4,165.0,5.4,8.4,87.0,63,2026-08-15
Mumbai,2026-08-15 14:00:00,20.5,41.4,163.0,5.2,8.2,90.0,63,2026-08-15
Mumbai,2026-08-15 15:00:00,18.7,38.5,164.0,6.4,7.7,82.0,63,2026-08-15
Mumbai,2026-08-15 16:00:00,17.3,37.5,169.0,8.3,7.1,68.0,63,2026-08-15
Mumbai,2026-08-15 17:00:00,18.3,40.6,181.0,7.9,6.6,63.0,63,2026-08-15
Mumbai,2026-08-15 18:00:00,17.1,39.7,206.0,8.5,6.5,58.0,64,2026-08-15
Mumbai,2026-08-15 19:00:00,16.2,35.0,238.0,9.3,6.3,50.0,64,2026-08-15
Mumbai,2026-08-15 20:00:00,16.3,34.7,264.0,9.7,6.1,45.0,63,2026-08-15
Mumbai,2026-08-15 21:00:00,17.1,38.0,284.0,9.5,6.0,44.0,63,2026-08-15
Mumbai,2026-08-15 22:00:00,17.3,37.7,298.0,8.9,6.0,44.0,64,2026-08-15
Mumbai,2026-08-15 23:00:00,16.2,35.2,293.0,8.2,5.8,45.0,64,2026-08-15
Mumbai,2026-08-16 00:00:00,16.5,36.8,255.0,7.3,5.4,46.0,64,2026-08-16
Mumbai,2026-08-16 01:00:00,16.5,37.0,199.0,6.2,4.8,47.0,64,2026-08-16
Mumbai,2026-08-16 02:00:00,15.1,34.7,155.0,5.3,4.4,48.0,64,2026-08-16
Mumbai,2026-08-16 03:00:00,13.9,32.0,134.0,4.8,4.1,48.0,64,2026-08-16
Mumbai,2026-08-16 04:00:00,13.0,31.0,126.0,4.6,3.8,49.0,64,2026-08-16
Mumbai,2026-08-16 05:00:00,12.0,29.5,133.0,3.7,3.2,50.0,65,2026-08-16
Mumbai,2026-08-16 06:00:00,12.3,30.6,170.0,4.5,3.8,50.0,64,2026-08-16
Mumbai,2026-08-16 07:00:00,13.5,30.9,223.0,5.6,4.7,50.0,64,2026-08-16
Mumbai,2026-08-16 08:00:00,14.2,31.7,249.0,6.2,5.4,52.0,64,2026-08-16
Mumbai,2026-08-16 09:00:00,15.8,35.5,220.0,5.7,5.8,58.0,64,2026-08-16
Mumbai,2026-08-16 10:00:00,16.9,39.2,164.0,4.7,6.0,65.0,64,2026-08-16
Mumbai,2026-08-16 11:00:00,17.0,38.5,123.0,4.0,6.2,72.0,64,2026-08-16
Mumbai,2026-08-16 12:00:00,18.0,38.9,115.0,3.9,6.6,78.0,64,2026-08-16
Mumbai,2026-08-16 13:00:00,18.5,37.7,122.0,4.1,7.0,82.0,64,2026-08-16
Mumbai,2026-08-16 14:00:00,17.7,35.3,130.0,4.4,7.1,83.0,64,2026-08-16
Mumbai,2026-08-16 15:00:00,16.7,34.7,135.0,4.8,6.6,77.0,63,2026-08-16
Mumbai,2026-08-16 16:00:00,15.4,30.3,142.0,5.2,5.8,66.0,63,2026-08-16
Mumbai,2026-08-16 17:00:00,13.7,32.4,149.0,6.3,4.7,54.0,63,2026-08-16
Mumbai,2026-08-16 18:00:00,13.5,29.6,160.0,6.8,5.1,52.0,63,2026-08-16
Mumbai,2026-08-16 19:00:00,14.0,31.2,171.0,7.5,5.6,50.0,62,2026-08-16
Mumbai,2026-08-16 20:00:00,14.3,30.2,176.0,7.8,5.8,48.0,62,2026-08-16
Mumbai,2026-08-16 21:00:00,14.3,30.7,170.0,7.3,5.6,48.0,62,2026-08-16
Mumbai,2026-08-16 22:00:00,14.3,31.8,159.0,6.5,5.0,50.0,62,2026-08-16
Mumbai,2026-08-16 23:00:00,14.0,31.1,146.0,5.6,4.5,51.0,62,2026-08-16
Mumbai,2026-08-17 00:00:00,12.5,26.7,133.0,4.8,3.9,51.0,61,2026-08-17
Mumbai,2026-08-17 01:00:00,11.0,22.5,119.0,4.0,3.3,51.0,61,2026-08-17
Mumbai,2026-08-17 02:00:00,10.3,20.6,109.0,3.4,2.9,51.0,61,2026-08-17
Mumbai,2026-08-17 03:00:00,10.5,23.3,102.0,3.1,2.7,50.0,60,2026-08-17
Mumbai,2026-08-17 04:00:00,11.1,25.9,98.0,3.1,2.7,49.0,60,2026-08-17
Mumbai,2026-08-17 05:00:00,9.8,20.7,107.0,3.2,2.7,49.0,60,2026-08-17
Mumbai,2026-08-17 06:00:00,10.4,21.5,140.0,4.5,3.3,48.0,60,2026-08-17
Mumbai,2026-08-17 07:00:00,11.3,22.3,185.0,6.1,4.2,46.0,60,2026-08-17
Mumbai,2026-08-17 08:00:00,12.7,24.7,214.0,7.2,4.9,47.0,59,2026-08-17
Mumbai,2026-08-17 09:00:00,14.2,28.5,209.0,6.9,5.5,52.0,59,2026-08-17
Mumbai,2026-08-17 10:00:00,16.0,33.1,188.0,6.0,5.9,59.0,59,2026-08-17
Mumbai,2026-08-17 11:00:00,16.1,33.8,170.0,5.4,6.2,63.0,59,2026-08-17
Mumbai,2026-08-17 12:00:00,15.7,34.7,161.0,5.4,6.1,61.0,59,2026-08-17
Mumbai,2026-08-17 13:00:00,15.9,33.9,155.0,5.7,5.8,57.0,59,2026-08-17
Mumbai,2026-08-17 14:00:00,15.2,31.5,157.0,6.4,5.6,52.0,59,2026-08-17
Mumbai,2026-08-17 15:00:00,14.6,28.7,171.0,7.8,5.6,49.0,58,2026-08-17
Mumbai,2026-08-17 16:00:00,14.7,28.6,193.0,9.5,5.8,46.0,58,2026-08-17
Mumbai,2026-08-17 17:00:00,17.9,38.0,210.0,5.8,4.5,51.0,58,2026-08-17
Mumbai,2026-08-17 18:00:00,16.6,35.5,219.0,6.3,4.6,48.0,59,2026-08-17
Mumbai,2026-08-17 19:00:00,15.8,31.0,224.0,7.0,4.8,43.0,59,2026-08-17
Mumbai,2026-08-17 20:00:00,14.6,30.5,222.0,7.5,4.9,40.0,59,2026-08-17
Mumbai,2026-08-17 21:00:00,12.8,25.4,211.0,7.5,5.0,39.0,59,2026-08-17
Mumbai,2026-08-17 22:00:00,12.2,23.1,194.0,7.3,5.1,39.0,59,2026-08-17
Mumbai,2026-08-17 23:00:00,12.5,24.3,176.0,6.9,5.0,39.0,59,2026-08-17
Mumbai,2026-08-18 00:00:00,12.1,24.9,156.0,6.1,4.7,39.0,59,2026-08-18
Mumbai,2026-08-18 01:00:00,11.8,24.2,134.0,5.1,4.2,38.0,58,2026-08-18
Mumbai,2026-08-18 02:00:00,12.7,26.0,118.0,4.4,3.8,38.0,59,2026-08-18
Mumbai,2026-08-18 03:00:00,12.8,27.0,108.0,4.1,3.6,37.0,59,2026-08-18
Mumbai,2026-08-18 04:00:00,12.8,29.0,105.0,4.0,3.5,37.0,59,2026-08-18
Mumbai,2026-08-18 05:00:00,12.2,30.9,114.0,3.8,3.4,39.0,59,2026-08-18
Mumbai,2026-08-18 06:00:00,12.1,29.6,151.0,4.9,3.9,37.0,59,2026-08-18
Mumbai,2026-08-18 07:00:00,11.6,26.1,201.0,6.5,4.5,34.0,59,2026-08-18
Mumbai,2026-08-18 08:00:00,13.4,29.9,229.0,7.3,5.2,36.0,59,2026-08-18
Mumbai,2026-08-18 09:00:00,13.7,27.1,213.0,6.7,5.9,46.0,59,2026-08-18
Mumbai,2026-08-18 10:00:00,13.6,24.7,175.0,5.4,6.6,59.0,59,2026-08-18
Mumbai,2026-08-18 11:00:00,15.0,25.6,146.0,4.4,7.0,69.0,59,2026-08-18
Mumbai,2026-08-18 12:00:00,15.4,26.1,138.0,4.0,6.8,72.0,59,2026-08-18
Mumbai,2026-08-18 13:00:00,14.6,24.4,139.0,3.8,6.2,71.0,59,2026-08-18
Mumbai,2026-08-18 14:00:00,14.4,24.3,145.0,4.0,5.7,68.0,59,2026-08-18
Mumbai,2026-08-18 15:00:00,15.3,25.5,159.0,4.6,5.4,63.0,59,2026-08-18
Mumbai,2026-08-18 16:00:00,14.5,23.9,178.0,5.5,5.1,56.0,59,2026-08-18
Mumbai,2026-08-18 17:00:00,15.5,30.3,194.0,6.3,3.6,42.0,59,2026-08-18
Mumbai,2026-08-18 18:00:00,15.8,31.2,205.0,6.7,3.9,40.0,59,2026-08-18
Mumbai,2026-08-18 19:00:00,15.9,31.2,214.0,7.3,4.3,38.0,59,2026-08-18
Mumbai,2026-08-18 20:00:00,15.3,28.8,214.0,7.5,4.5,36.0,59,2026-08-18
Mumbai,2026-08-18 21:00:00,14.7,28.1,203.0,6.9,4.3,36.0,59,2026-08-18
Mumbai,2026-08-18 22:00:00,13.4,24.9,184.0,5.9,4.0,37.0,59,2026-08-18
Mumbai,2026-08-18 23:00:00,12.5,22.9,165.0,5.0,3.6,38.0,59,2026-08-18
Mumbai,2026-08-19 00:00:00,11.7,21.7,144.0,4.1,3.2,38.0,59,2026-08-19
Mumbai,2026-08-19 01:00:00,11.4,21.9,122.0,3.3,2.7,39.0,59,2026-08-19
Mumbai,2026-08-19 02:00:00,10.9,21.4,108.0,2.8,2.4,39.0,59,2026-08-19
Mumbai,2026-08-19 03:00:00,10.8,21.6,102.0,2.6,2.3,39.0,59,2026-08-19
Mumbai,2026-08-19 04:00:00,10.9,22.4,103.0,2.8,2.5,39.0,59,2026-08-19
Mumbai,2026-08-19 05:00:00,12.7,29.4,119.0,3.4,2.8,40.0,59,2026-08-19
Mumbai,2026-08-19 06:00:00,12.9,29.4,166.0,4.9,3.5,39.0,59,2026-08-19
Mumbai,2026-08-19 07:00:00,12.9,27.9,229.0,6.8,4.5,37.0,59,2026-08-19
Mumbai,2026-08-19 08:00:00,14.0,28.8,264.0,7.9,5.3,39.0,59,2026-08-19
Mumbai,2026-08-19 09:00:00,13.7,28.3,246.0,7.2,5.6,47.0,59,2026-08-19
Mumbai,2026-08-19 10:00:00,14.1,27.6,202.0,5.6,5.6,59.0,59,2026-08-19
Mumbai,2026-08-19 11:00:00,14.0,24.7,167.0,4.4,5.6,68.0,59,2026-08-19
Mumbai,2026-08-19 12:00:00,13.9,23.9,155.0,4.2,5.6,72.0,59,2026-08-19
Mumbai,2026-08-19 13:00:00,15.3,27.0,151.0,4.4,5.5,73.0,59,2026-08-19
Mumbai,2026-08-19 14:00:00,14.7,26.2,155.0,5.0,5.4,71.0,59,2026-08-19
Mumbai,2026-08-19 15:00:00,14.8,26.6,167.0,6.1,5.2,63.0,59,2026-08-19
Mumbai,2026-08-19 16:00:00,13.9,26.1,186.0,7.5,4.9,52.0,59,2026-08-19
Mumbai,2026-08-19 17:00:00,16.0,31.8,202.0,8.6,4.8,45.0,59,2026-08-19
Mumbai,2026-08-19 18:00:00,15.0,29.4,215.0,8.3,4.7,43.0,59,2026-08-19
Mumbai,2026-08-19 19:00:00,15.0,30.2,227.0,7.9,4.7,40.0,59,2026-08-19
Mumbai,2026-08-19 20:00:00,14.6,29.9,229.0,7.4,4.5,38.0,59,2026-08-19
Mumbai,2026-08-19 21:00:00,14.3,30.0,218.0,6.6,4.2,38.0,58,2026-08-19
Mumbai,2026-08-19 22:00:00,14.0,30.4,197.0,5.7,3.9,39.0,58,2026-08-19
Mumbai,2026-08-19 23:00:00,13.5,29.5,176.0,4.9,3.5,40.0,58,2026-08-19
Mumbai,2026-08-20 00:00:00,12.6,27.7,153.0,4.1,3.1,41.0,59,2026-08-20
Mumbai,2026-08-20 01:00:00,11.8,24.7,129.0,3.3,2.6,41.0,59,2026-08-20
Mumbai,2026-08-20 02:00:00,11.4,24.5,112.0,2.9,2.4,41.0,59,2026-08-20
Mumbai,2026-08-20 03:00:00,10.8,21.4,102.0,2.8,2.4,40.0,59,2026-08-20
Mumbai,2026-08-20 04:00:00,10.9,23.7,100.0,3.1,2.6,40.0,59,2026-08-20
Mumbai,2026-08-20 05:00:00,10.7,21.1,113.0,3.2,2.6,39.0,59,2026-08-20
Mumbai,2026-08-20 06:00:00,11.0,23.1,159.0,4.3,3.3,38.0,59,2026-08-20
Mumbai,2026-08-20 07:00:00,12.0,21.4,220.0,5.7,4.2,37.0,58,2026-08-20
Mumbai,2026-08-20 08:00:00,12.4,22.5,255.0,6.6,5.0,39.0,58,2026-08-20
Mumbai,2026-08-20 09:00:00,12.3,23.8,236.0,6.2,5.4,48.0,58,2026-08-20
Mumbai,2026-08-20 10:00:00,13.0,25.0,189.0,5.2,5.7,60.0,58,2026-08-20
Mumbai,2026-08-20 11:00:00,13.9,26.0,154.0,4.5,5.8,69.0,58,2026-08-20
Mumbai,2026-08-20 12:00:00,15.3,27.2,145.0,4.5,5.8,72.0,58,2026-08-20
Mumbai,2026-08-20 13:00:00,14.6,25.9,148.0,4.8,5.6,72.0,58,2026-08-20
Mumbai,2026-08-20 14:00:00,14.3,25.4,155.0,5.3,5.4,70.0,58,2026-08-20
Mumbai,2026-08-20 15:00:00,14.0,25.5,165.0,6.1,5.2,64.0,58,2026-08-20
Mumbai,2026-08-20 16:00:00,13.7,26.3,180.0,7.1,5.1,55.0,58,2026-08-20
Mumbai,2026-08-20 17:00:00,16.8,34.8,196.0,7.4,4.7,49.0,58,2026-08-20
Mumbai,2026-08-20 18:00:00,16.9,34.0,218.0,8.1,5.0,45.0,58,2026-08-20
Mumbai,2026-08-20 19:00:00,16.1,32.0,241.0,9.0,5.4,40.0,58,2026-08-20
Mumbai,2026-08-20 20:00:00,15.1,29.7,250.0,9.3,5.5,37.0,58,2026-08-20
Mumbai,2026-08-20 21:00:00,14.2,28.4,235.0,8.4,5.2,37.0,58,2026-08-20
Mumbai,2026-08-20 22:00:00,13.6,27.2,207.0,7.0,4.6,39.0,58,2026-08-20
Mumbai,2026-08-20 23:00:00,13.2,27.1,179.0,5.7,4.0,40.0,58,2026-08-20
Mumbai,2026-08-21 00:00:00,12.5,25.0,155.0,4.9,3.6,41.0,58,2026-08-21
Mumbai,2026-08-21 01:00:00,11.9,23.5,132.0,4.2,3.1,41.0,58,2026-08-21
Mumbai,2026-08-21 02:00:00,11.9,24.6,117.0,3.8,2.9,41.0,58,2026-08-21
Mumbai,2026-08-21 03:00:00,11.4,23.5,108.0,3.6,2.8,41.0,58,2026-08-21
Mumbai,2026-08-21 04:00:00,11.7,25.0,107.0,3.5,2.9,40.0,58,2026-08-21
Mumbai,2026-08-21 05:00:00,11.9,24.6,122.0,3.7,2.8,40.0,58,2026-08-21
Mumbai,2026-08-21 06:00:00,12.2,24.7,172.0,4.8,3.3,39.0,58,2026-08-21
Mumbai,2026-08-21 07:00:00,12.8,25.6,238.0,6.4,4.0,38.0,59,2026-08-21
Mumbai,2026-08-21 08:00:00,13.4,25.8,274.0,7.2,4.6,40.0,59,2026-08-21
Mumbai,2026-08-21 09:00:00,13.5,25.4,249.0,6.5,4.9,47.0,59,2026-08-21
Mumbai,2026-08-21 10:00:00,13.4,24.8,195.0,5.1,5.1,57.0,59,2026-08-21
Mumbai,2026-08-21 11:00:00,13.4,25.0,155.0,4.2,5.2,65.0,59,2026-08-21
Mumbai,2026-08-21 12:00:00,14.3,25.0,149.0,4.5,5.4,70.0,59,2026-08-21
Mumbai,2026-08-21 13:00:00,14.0,24.3,157.0,5.3,5.7,72.0,59,2026-08-21
Mumbai,2026-08-21 14:00:00,14.7,25.5,169.0,6.0,5.7,72.0,59,2026-08-21
Mumbai,2026-08-21 15:00:00,14.1,24.7,181.0,6.5,5.3,67.0,59,2026-08-21
Mumbai,2026-08-21 16:00:00,13.0,23.7,197.0,7.0,4.7,58.0,59,2026-08-21
Mumbai,2026-08-21 17:00:00,17.2,36.9,216.0,5.9,3.4,48.0,59,2026-08-21
Mumbai,2026-08-21 18:00:00,16.4,35.0,239.0,6.2,3.6,46.0,59,2026-08-21
Mumbai,2026-08-21 19:00:00,16.5,34.5,264.0,6.6,3.8,44.0,59,2026-08-21
Mumbai,2026-08-21 20:00:00,16.5,34.0,285.0,6.9,4.1,42.0,59,2026-08-21
Mumbai,2026-08-21 21:00:00,16.4,33.2,306.0,7.1,4.4,41.0,59,2026-08-21
Mumbai,2026-08-21 22:00:00,16.5,33.5,323.0,7.3,4.7,42.0,59,2026-08-21
Mumbai,2026-08-21 23:00:00,15.9,31.8,318.0,7.1,4.8,42.0,59,2026-08-21
Mumbai,2026-08-22 00:00:00,14.6,27.6,273.0,6.4,4.5,43.0,59,2026-08-22
Mumbai,2026-08-22 01:00:00,13.0,25.0,206.0,5.4,4.0,43.0,60,2026-08-22
Mumbai,2026-08-22 02:00:00,11.9,23.6,155.0,4.7,3.7,44.0,60,2026-08-22
Mumbai,2026-08-22 03:00:00,11.4,22.4,127.0,4.5,3.7,44.0,60,2026-08-22
Mumbai,2026-08-22 04:00:00,11.1,21.9,115.0,4.6,3.9,44.0,60,2026-08-22
Mumbai,2026-08-22 05:00:00,10.4,21.5,132.0,4.4,3.3,44.0,60,2026-08-22
Mumbai,2026-08-22 06:00:00,10.9,22.2,209.0,5.4,3.7,43.0,59,2026-08-22
Mumbai,2026-08-22 07:00:00,12.3,24.9,316.0,6.7,4.3,42.0,59,2026-08-22
Mumbai,2026-08-22 08:00:00,14.0,28.5,375.0,7.4,4.8,44.0,59,2026-08-22
Mumbai,2026-08-22 09:00:00,15.5,31.2,338.0,7.0,5.3,52.0,59,2026-08-22
Mumbai,2026-08-22 10:00:00,16.2,32.1,253.0,6.0,5.7,63.0,60,2026-08-22
Mumbai,2026-08-22 11:00:00,17.7,33.6,187.0,5.3,5.9,71.0,60,2026-08-22
Mumbai,2026-08-22 12:00:00,17.3,33.5,165.0,5.2,5.6,72.0,60,2026-08-22
Mumbai,2026-08-22 13:00:00,15.5,30.2,163.0,5.4,5.1,69.0,60,2026-08-22
Mumbai,2026-08-22 14:00:00,15.0,27.6,175.0,5.7,4.7,65.0,60,2026-08-22
Mumbai,2026-08-22 15:00:00,14.1,25.6,206.0,6.0,4.6,62.0,60,2026-08-22
Mumbai,2026-08-22 16:00:00,13.4,24.3,252.0,6.4,4.6,57.0,60,2026-08-22
Mumbai,2026-08-22 17:00:00,15.6,30.3,288.0,6.8,3.4,46.0,61,2026-08-22
Mumbai,2026-08-22 18:00:00,15.7,30.9,309.0,6.9,3.5,44.0,60,2026-08-22
Mumbai,2026-08-22 19:00:00,15.4,30.7,322.0,7.0,3.7,41.0,60,2026-08-22
Mumbai,2026-08-22 20:00:00,15.7,31.3,320.0,7.1,3.9,39.0,60,2026-08-22
Mumbai,2026-08-22 21:00:00,15.4,31.3,299.0,7.1,4.0,38.0,60,2026-08-22
Mumbai,2026-08-22 22:00:00,15.0,30.4,264.0,7.0,4.1,39.0,60,2026-08-22
Mumbai,2026-08-22 23:00:00,14.2,28.8,228.0,6.7,4.1,39.0,60,2026-08-22
Mumbai,2026-08-23 00:00:00,13.9,28.8,190.0,6.1,3.9,39.0,60,2026-08-23
Mumbai,2026-08-23 01:00:00,13.6,29.5,152.0,5.3,3.5,40.0,60,2026-08-23
Mumbai,2026-08-23 02:00:00,13.0,28.5,124.0,4.7,3.3,40.0,60,2026-08-23
Mumbai,2026-08-23 03:00:00,13.5,32.2,108.0,4.3,3.2,40.0,60,2026-08-23
Mumbai,2026-08-23 04:00:00,13.4,32.2,103.0,4.1,3.2,41.0,60,2026-08-23
Mumbai,2026-08-23 05:00:00,13.0,31.5,122.0,4.0,3.1,40.0,60,2026-08-23
Mumbai,2026-08-23 06:00:00,13.5,32.8,192.0,4.6,3.7,40.0,60,2026-08-23
Mumbai,2026-08-23 07:00:00,13.8,32.4,286.0,5.4,4.6,41.0,61,2026-08-23
Mumbai,2026-08-23 08:00:00,14.6,32.1,334.0,5.8,5.3,44.0,61,2026-08-23
Mumbai,2026-08-23 09:00:00,15.5,33.1,289.0,5.4,5.7,52.0,61,2026-08-23
Mumbai,2026-08-23 10:00:00,15.9,33.8,199.0,4.6,6.1,63.0,61,2026-08-23
Mumbai,2026-08-23 11:00:00,16.2,34.0,131.0,4.0,6.2,71.0,61,2026-08-23
Mumbai,2026-08-23 12:00:00,16.8,34.7,116.0,3.6,6.2,76.0,61,2026-08-23
Mumbai,2026-08-23 13:00:00,16.6,35.0,123.0,3.4,5.9,78.0,61,2026-08-23
Mumbai,2026-08-23 14:00:00,15.6,32.6,133.0,3.6,5.7,77.0,61,2026-08-23
Mumbai,2026-08-23 15:00:00,14.8,31.4,139.0,4.4,5.4,70.0,61,2026-08-23
Mumbai,2026-08-23 16:00:00,14.1,29.3,148.0,5.5,5.0,60.0,61,2026-08-23
Mumbai,2026-08-23 17:00:00,15.4,34.1,161.0,5.0,3.7,50.0,61,2026-08-23
Mumbai,2026-08-23 18:00:00,14.4,33.1,182.0,5.3,3.9,47.0,61,2026-08-23
Mumbai,2026-08-23 19:00:00,14.4,31.8,207.0,5.6,4.1,43.0,61,2026-08-23
Mumbai,2026-08-23 20:00:00,14.2,31.8,221.0,5.8,4.3,40.0,61,2026-08-23
Mumbai,2026-08-23 21:00:00,14.1,31.9,215.0,5.8,4.3,40.0,61,2026-08-23
Mumbai,2026-08-23 22:00:00,14.4,31.8,198.0,5.6,4.2,40.0,60,2026-08-23
Mumbai,2026-08-23 23:00:00,14.3,31.5,178.0,5.3,4.0,41.0,60,2026-08-23
Mumbai,2026-08-24 00:00:00,15.0,35.2,156.0,4.8,3.7,41.0,60,2026-08-24
Mumbai,2026-08-24 01:00:00,14.8,35.2,132.0,4.2,3.2,41.0,61,2026-08-24
Mumbai,2026-08-24 02:00:00,14.1,33.2,116.0,3.9,3.0,41.0,61,2026-08-24
Mumbai,2026-08-24 03:00:00,13.5,31.9,105.0,3.8,3.0,41.0,61,2026-08-24
Mumbai,2026-08-24 04:00:00,13.1,31.3,103.0,4.0,3.2,40.0,61,2026-08-24
Mumbai,2026-08-24 05:00:00,14.1,35.5,123.0,4.4,3.3,41.0,61,2026-08-24
Mumbai,2026-08-24 06:00:00,15.0,37.7,194.0,5.5,4.3,41.0,61,2026-08-24
Mumbai,2026-08-24 07:00:00,15.3,36.3,288.0,7.0,5.7,41.0,61,2026-08-24
Mumbai,2026-08-24 08:00:00,15.7,36.6,340.0,7.9,6.8,45.0,61,2026-08-24
Mumbai,2026-08-24 09:00:00,16.5,36.6,307.0,7.5,7.4,57.0,61,2026-08-24
Mumbai,2026-08-24 10:00:00,17.2,36.2,232.0,6.5,7.8,74.0,61,2026-08-24
Mumbai,2026-08-24 11:00:00,18.2,37.0,173.0,5.7,7.9,86.0,61,2026-08-24
Mumbai,2026-08-24 12:00:00,18.9,37.6,155.0,5.4,7.5,91.0,61,2026-08-24
Mumbai,2026-08-24 13:00:00,18.6,37.8,154.0,5.4,6.9,91.0,62,2026-08-24
Mumbai,2026-08-24 14:00:00,18.4,38.5,159.0,5.6,6.3,88.0,62,2026-08-24
Mumbai,2026-08-24 15:00:00,17.6,40.2,168.0,6.1,5.9,79.0,62,2026-08-24
Mumbai,2026-08-24 16:00:00,17.3,40.0,183.0,6.9,5.5,65.0,62,2026-08-24
Mumbai,2026-08-24 17:00:00,20.6,54.9,201.0,7.6,4.5,51.0,62,2026-08-24
Mumbai,2026-08-24 18:00:00,19.7,51.8,226.0,7.7,4.6,47.0,63,2026-08-24
Mumbai,2026-08-24 19:00:00,18.7,47.6,254.0,7.7,4.7,43.0,63,2026-08-24
Mumbai,2026-08-24 20:00:00,18.5,46.4,266.0,7.6,4.7,39.0,64,2026-08-24
Mumbai,2026-08-24 21:00:00,18.9,47.5,252.0,7.1,4.6,38.0,64,2026-08-24
Mumbai,2026-08-24 22:00:00,19.0,49.1,223.0,6.4,4.4,38.0,64,2026-08-24
Mumbai,2026-08-24 23:00:00,18.5,48.7,193.0,5.8,4.2,39.0,65,2026-08-24
Mumbai,2026-08-25 00:00:00,17.5,46.8,165.0,5.3,3.9,39.0,65,2026-08-25
Mumbai,2026-08-25 01:00:00,16.6,44.9,136.0,4.8,3.5,40.0,65,2026-08-25
Mumbai,2026-08-25 02:00:00,16.6,44.7,118.0,4.5,3.3,40.0,65,2026-08-25
Mumbai,2026-08-25 03:00:00,17.2,48.9,108.0,4.2,3.2,40.0,66,2026-08-25
Mumbai,2026-08-25 04:00:00,17.2,50.5,109.0,4.0,3.3,41.0,66,2026-08-25
Mumbai,2026-08-25 05:00:00,17.3,51.2,137.0,3.9,3.3,41.0,66,2026-08-25
Mumbai,2026-08-25 06:00:00,17.6,50.1,225.0,5.2,4.0,40.0,66,2026-08-25
Mumbai,2026-08-25 07:00:00,18.1,48.1,339.0,6.9,5.0,40.0,67,2026-08-25
Mumbai,2026-08-25 08:00:00,18.6,46.8,399.0,8.0,5.9,44.0,67,2026-08-25
Mumbai,2026-08-25 09:00:00,19.2,47.3,350.0,7.7,6.8,55.0,67,2026-08-25
Mumbai,2026-08-25 10:00:00,20.0,48.2,246.0,6.8,7.7,70.0,67,2026-08-25
Mumbai,2026-08-25 11:00:00,21.4,50.1,167.0,6.0,8.2,83.0,68,2026-08-25
Mumbai,2026-08-25 12:00:00,22.9,50.9,147.0,5.6,8.1,92.0,68,2026-08-25
Mumbai,2026-08-25 13:00:00,22.4,48.5,152.0,5.4,7.7,98.0,68,2026-08-25
Mumbai,2026-08-25 14:00:00,20.4,43.5,163.0,5.7,7.4,98.0,68,2026-08-25
Mumbai,2026-08-25 15:00:00,19.7,41.4,172.0,7.1,7.5,90.0,69,2026-08-25
Mumbai,2026-08-25 16:00:00,19.2,40.9,187.0,9.0,7.7,76.0,69,2026-08-25
Mumbai,2026-08-25 17:00:00,23.3,60.8,206.0,9.3,6.1,58.0,69,2026-08-25
Mumbai,2026-08-25 18:00:00,22.6,61.5,235.0,9.2,5.8,53.0,69,2026-08-25
Mumbai,2026-08-25 19:00:00,22.2,61.2,269.0,8.9,5.3,45.0,69,2026-08-25
Mumbai,2026-08-25 20:00:00,22.2,62.2,289.0,8.5,4.9,40.0,70,2026-08-25
Mumbai,2026-08-25 21:00:00,22.1,61.9,289.0,7.8,4.6,39.0,70,2026-08-25
Mumbai,2026-08-25 22:00:00,21.6,59.4,276.0,6.9,4.3,41.0,70,2026-08-25
Mumbai,2026-08-25 23:00:00,20.8,56.1,253.0,6.1,4.0,42.0,70,2026-08-25
Mumbai,2026-08-26 00:00:00,20.5,54.7,214.0,5.4,3.7,43.0,70,2026-08-26
Mumbai,2026-08-26 01:00:00,20.6,56.9,166.0,4.8,3.4,43.0,71,2026-08-26
Mumbai,2026-08-26 02:00:00,20.6,58.7,132.0,4.4,3.2,44.0,71,2026-08-26
Mumbai,2026-08-26 03:00:00,19.4,53.2,118.0,4.1,3.2,45.0,71,2026-08-26
Mumbai,2026-08-26 04:00:00,18.6,49.7,119.0,3.9,3.4,45.0,72,2026-08-26
Mumbai,2026-08-26 05:00:00,18.2,51.3,142.0,4.0,3.0,46.0,72,2026-08-26
Mumbai,2026-08-26 06:00:00,19.0,53.9,210.0,4.9,3.7,46.0,72,2026-08-26
Mumbai,2026-08-26 07:00:00,18.8,52.0,299.0,6.0,4.6,47.0,72,2026-08-26
Mumbai,2026-08-26 08:00:00,19.9,53.3,346.0,6.7,5.4,51.0,72,2026-08-26
Mumbai,2026-08-26 09:00:00,21.1,54.8,308.0,6.4,5.9,61.0,72,2026-08-26
Mumbai,2026-08-26 10:00:00,21.9,55.3,227.0,5.5,6.3,74.0,72,2026-08-26
Mumbai,2026-08-26 11:00:00,22.2,55.3,166.0,4.9,6.5,84.0,72,2026-08-26
Mumbai,2026-08-26 12:00:00,22.1,54.4,152.0,4.6,6.4,88.0,72,2026-08-26
Mumbai,2026-08-26 13:00:00,21.9,52.7,157.0,4.5,6.1,88.0,72,2026-08-26
Mumbai,2026-08-26 14:00:00,20.8,50.4,168.0,4.9,5.8,84.0,72,2026-08-26
Mumbai,2026-08-26 15:00:00,19.3,46.8,178.0,6.1,5.6,75.0,72,2026-08-26
Mumbai,2026-08-26 16:00:00,17.9,43.9,192.0,7.7,5.5,62.0,72,2026-08-26
Mumbai,2026-08-26 17:00:00,16.6,43.7,213.0,7.7,4.4,51.0,72,2026-08-26
Mumbai,2026-08-26 18:00:00,16.2,43.3,250.0,8.0,4.5,48.0,72,2026-08-26
Mumbai,2026-08-26 19:00:00,16.3,43.9,293.0,8.3,4.7,43.0,71,2026-08-26
Mumbai,2026-08-26 20:00:00,16.3,44.5,318.0,8.4,4.8,40.0,71,2026-08-26
Mumbai,2026-08-26 21:00:00,16.6,45.2,312.0,8.0,4.7,40.0,70,2026-08-26
Mumbai,2026-08-26 22:00:00,16.4,45.1,286.0,7.4,4.5,41.0,70,2026-08-26
Mumbai,2026-08-26 23:00:00,16.8,47.1,254.0,6.7,4.3,42.0,69,2026-08-26
Mumbai,2026-08-27 00:00:00,16.1,44.2,211.0,6.0,4.0,43.0,69,2026-08-27
Mumbai,2026-08-27 01:00:00,14.8,38.5,161.0,5.3,3.8,43.0,69,2026-08-27
Mumbai,2026-08-27 02:00:00,14.7,38.9,125.0,4.8,3.6,44.0,68,2026-08-27
Mumbai,2026-08-27 03:00:00,14.8,39.3,113.0,4.4,3.5,45.0,68,2026-08-27
Mumbai,2026-08-27 04:00:00,14.4,38.0,116.0,4.2,3.6,45.0,67,2026-08-27
Mumbai,2026-08-27 05:00:00,13.5,32.4,126.0,4.6,4.0,45.0,67,2026-08-27
Mumbai,2026-08-27 06:00:00,14.0,33.6,149.0,5.4,4.3,45.0,67,2026-08-27
Mumbai,2026-08-27 07:00:00,15.7,36.0,179.0,6.5,4.7,45.0,66,2026-08-27
Mumbai,2026-08-27 08:00:00,16.5,37.3,197.0,7.0,5.1,48.0,66,2026-08-27
Mumbai,2026-08-27 09:00:00,18.2,43.4,189.0,6.5,5.3,55.0,66,2026-08-27
Mumbai,2026-08-27 10:00:00,18.5,44.5,167.0,5.4,5.5,65.0,66,2026-08-27
Mumbai,2026-08-27 11:00:00,18.3,40.6,151.0,4.6,5.6,72.0,65,2026-08-27
Mumbai,2026-08-27 12:00:00,17.8,36.6,146.0,4.3,5.5,76.0,65,2026-08-27
Mumbai,2026-08-27 13:00:00,17.6,35.0,146.0,4.1,5.3,78.0,65,2026-08-27
Mumbai,2026-08-27 14:00:00,17.3,35.7,152.0,4.4,5.1,77.0,64,2026-08-27
Mumbai,2026-08-27 15:00:00,16.2,35.3,164.0,5.2,4.8,69.0,64,2026-08-27
Mumbai,2026-08-27 16:00:00,15.4,34.6,183.0,6.4,4.5,58.0,64,2026-08-27
Mumbai,2026-08-27 17:00:00,14.4,32.6,206.0,7.4,4.3,49.0,64,2026-08-27
Mumbai,2026-08-27 18:00:00,13.7,30.6,242.0,8.2,4.5,44.0,63,2026-08-27
Mumbai,2026-08-27 19:00:00,13.1,28.6,284.0,9.0,5.0,41.0,63,2026-08-27
Mumbai,2026-08-27 20:00:00,12.1,24.7,305.0,9.1,5.2,39.0,63,2026-08-27
Mumbai,2026-08-27 21:00:00,11.3,24.6,293.0,8.3,5.1,39.0,63,2026-08-27
Mumbai,2026-08-27 22:00:00,10.9,24.2,261.0,7.0,4.7,41.0,62,2026-08-27
Mumbai,2026-08-27 23:00:00,10.5,23.8,226.0,5.8,4.3,43.0,62,2026-08-27
Mumbai,2026-08-28 00:00:00,10.8,26.3,188.0,4.8,3.8,44.0,61,2026-08-28
Mumbai,2026-08-28 01:00:00,10.4,24.7,147.0,3.9,3.2,44.0,61,2026-08-28
Mumbai,2026-08-28 02:00:00,9.7,21.6,117.0,3.3,2.8,44.0,61,2026-08-28
Mumbai,2026-08-28 03:00:00,10.1,24.3,104.0,3.0,2.6,44.0,60,2026-08-28
Mumbai,2026-08-28 04:00:00,9.7,23.5,101.0,3.1,2.6,43.0,60,2026-08-28
Mumbai,2026-08-28 05:00:00,12.7,30.7,111.0,3.3,2.6,43.0,59,2026-08-28
Mumbai,2026-08-28 06:00:00,12.6,31.5,142.0,4.4,3.2,43.0,59,2026-08-28
Mumbai,2026-08-28 07:00:00,13.0,30.2,185.0,5.8,4.0,42.0,59,2026-08-28
Mumbai,2026-08-28 08:00:00,12.1,25.5,209.0,6.7,4.7,45.0,59,2026-08-28
Mumbai,2026-08-28 09:00:00,11.4,24.5,197.0,6.4,5.2,53.0,59,2026-08-28
Mumbai,2026-08-28 10:00:00,13.1,27.4,166.0,5.5,5.5,64.0,58,2026-08-28
Mumbai,2026-08-28 11:00:00,13.3,26.8,144.0,4.8,5.7,72.0,58,2026-08-28
Mumbai,2026-08-28 12:00:00,12.9,24.3,140.0,4.6,5.6,75.0,57,2026-08-28
Mumbai,2026-08-28 13:00:00,12.0,22.1,144.0,4.7,5.4,75.0,57,2026-08-28
Mumbai,2026-08-28 14:00:00,12.8,25.5,156.0,5.2,5.2,72.0,57,2026-08-28
Mumbai,2026-08-28 15:00:00,12.7,21.7,180.0,6.6,5.0,65.0,56,2026-08-28
Mumbai,2026-08-28 16:00:00,11.4,21.0,211.0,8.5,4.9,55.0,56,2026-08-28
Mumbai,2026-08-28 17:00:00,12.0,22.0,232.0,5.8,3.0,47.0,56,2026-08-28
Mumbai,2026-08-28 18:00:00,13.1,23.5,238.0,6.3,3.4,45.0,55,2026-08-28
Mumbai,2026-08-28 19:00:00,12.7,23.2,234.0,6.9,4.0,42.0,55,2026-08-28
Mumbai,2026-08-28 20:00:00,12.3,22.5,224.0,7.3,4.4,40.0,55,2026-08-28
Mumbai,2026-08-28 21:00:00,11.7,21.4,205.0,7.2,4.5,39.0,55,2026-08-28
Mumbai,2026-08-28 22:00:00,12.2,24.9,179.0,6.7,4.4,39.0,55,2026-08-28
Mumbai,2026-08-28 23:00:00,12.5,27.0,155.0,6.1,4.2,39.0,55,2026-08-28
Mumbai,2026-08-29 00:00:00,11.7,24.9,136.0,5.3,3.8,39.0,56,2026-08-29
Mumbai,2026-08-29 01:00:00,10.9,22.4,119.0,4.3,3.2,40.0,56,2026-08-29
Mumbai,2026-08-29 02:00:00,11.1,23.4,107.0,3.5,2.8,40.0,56,2026-08-29
Mumbai,2026-08-29 03:00:00,10.8,24.0,99.0,3.1,2.6,40.0,56,2026-08-29
Mumbai,2026-08-29 04:00:00,10.2,23.2,96.0,2.9,2.6,41.0,56,2026-08-29
Mumbai,2026-08-29 05:00:00,10.3,25.0,107.0,2.5,2.1,42.0,56,2026-08-29
Mumbai,2026-08-29 06:00:00,10.9,26.2,146.0,4.0,2.7,41.0,56,2026-08-29
Mumbai,2026-08-29 07:00:00,11.3,24.9,200.0,6.0,3.4,39.0,56,2026-08-29
Mumbai,2026-08-29 08:00:00,12.5,25.7,229.0,7.0,4.0,40.0,55,2026-08-29
Mumbai,2026-08-29 09:00:00,13.2,26.4,211.0,6.1,4.1,46.0,55,2026-08-29
Mumbai,2026-08-29 10:00:00,12.7,24.6,170.0,4.3,4.0,55.0,56,2026-08-29
Mumbai,2026-08-29 11:00:00,12.2,23.6,139.0,3.0,3.9,62.0,56,2026-08-29
Mumbai,2026-08-29 12:00:00,12.7,24.6,132.0,2.8,3.9,66.0,56,2026-08-29
Mumbai,2026-08-29 13:00:00,12.8,24.8,136.0,3.2,4.0,67.0,55,2026-08-29
Mumbai,2026-08-29 14:00:00,13.2,25.1,145.0,3.8,4.0,66.0,56,2026-08-29
Mumbai,2026-08-29 15:00:00,12.7,25.3,159.0,4.7,3.9,60.0,56,2026-08-29
Mumbai,2026-08-29 16:00:00,12.4,24.6,177.0,5.8,3.7,52.0,56,2026-08-29
Mumbai,2026-08-29 17:00:00,16.6,37.7,195.0,5.1,2.5,45.0,56,2026-08-29
Mumbai,2026-08-29 18:00:00,14.7,31.9,215.0,5.6,2.9,43.0,56,2026-08-29
Mumbai,2026-08-29 19:00:00,13.9,29.2,234.0,6.3,3.5,41.0,56,2026-08-29
Mumbai,2026-08-29 20:00:00,13.2,27.2,241.0,6.6,3.8,39.0,56,2026-08-29
Mumbai,2026-08-29 21:00:00,11.8,24.9,228.0,6.0,3.7,39.0,56,2026-08-29
Mumbai,2026-08-29 22:00:00,10.5,21.9,204.0,4.9,3.3,40.0,56,2026-08-29
Mumbai,2026-08-29 23:00:00,9.5,19.7,178.0,4.0,2.9,41.0,56,2026-08-29
Mumbai,2026-08-30 00:00:00,8.5,17.4,152.0,3.4,2.6,41.0,56,2026-08-30
Mumbai,2026-08-30 01:00:00,8.2,16.9,124.0,3.0,2.3,41.0,56,2026-08-30
Mumbai,2026-08-30 02:00:00,7.7,15.3,105.0,2.7,2.1,41.0,55,2026-08-30
Mumbai,2026-08-30 03:00:00,7.7,16.4,97.0,2.6,2.1,41.0,55,2026-08-30
Mumbai,2026-08-30 04:00:00,7.4,15.1,98.0,2.8,2.2,40.0,55,2026-08-30
Mumbai,2026-08-30 05:00:00,7.3,15.9,107.0,2.6,2.0,41.0,55,2026-08-30
Mumbai,2026-08-30 06:00:00,7.7,17.1,131.0,3.4,2.7,41.0,55,2026-08-30
Mumbai,2026-08-30 07:00:00,8.5,16.4,163.0,4.4,3.6,41.0,54,2026-08-30
Mumbai,2026-08-30 08:00:00,9.3,17.0,180.0,4.9,4.3,43.0,54,2026-08-30
Mumbai,2026-08-30 09:00:00,9.8,19.6,169.0,4.4,4.5,50.0,54,2026-08-30
Mumbai,2026-08-30 10:00:00,10.0,19.4,143.0,3.5,4.5,59.0,54,2026-08-30
Mumbai,2026-08-30 11:00:00,10.9,20.1,124.0,2.8,4.4,65.0,53,2026-08-30
Mumbai,2026-08-30 12:00:00,11.4,20.0,119.0,2.7,4.3,67.0,53,2026-08-30
Mumbai,2026-08-30 13:00:00,11.2,19.7,119.0,3.0,4.2,67.0,53,2026-08-30
Mumbai,2026-08-30 14:00:00,11.3,19.4,124.0,3.3,4.1,65.0,53,2026-08-30
Mumbai,2026-08-30 15:00:00,10.7,18.6,133.0,3.7,3.9,61.0,53,2026-08-30
Mumbai,2026-08-30 16:00:00,10.8,19.0,145.0,4.3,3.7,54.0,53,2026-08-30
Mumbai,2026-08-30 17:00:00,10.4,18.3,160.0,4.8,3.5,49.0,53,2026-08-30
Mumbai,2026-08-30 18:00:00,11.1,20.3,180.0,5.0,3.6,47.0,52,2026-08-30
Mumbai,2026-08-30 19:00:00,11.9,21.9,202.0,5.4,3.8,45.0,52,2026-08-30
Mumbai,2026-08-30 20:00:00,12.8,23.6,215.0,5.5,3.9,43.0,52,2026-08-30
Mumbai,2026-08-30 21:00:00,13.0,24.0,212.0,5.4,3.8,42.0,52,2026-08-30
Mumbai,2026-08-30 22:00:00,12.5,23.5,199.0,5.1,3.6,41.0,52,2026-08-30
Mumbai,2026-08-30 23:00:00,11.6,21.7,182.0,4.7,3.4,40.0,52,2026-08-30
Mumbai,2026-08-31 00:00:00,10.1,19.6,158.0,4.3,3.1,40.0,52,2026-08-31
Mumbai,2026-08-31 01:00:00,8.8,17.8,129.0,3.8,2.7,41.0,52,2026-08-31
Mumbai,2026-08-31 02:00:00,7.8,14.9,109.0,3.4,2.5,41.0,52,2026-08-31
Mumbai,2026-08-31 03:00:00,7.2,13.6,101.0,3.1,2.3,41.0,52,2026-08-31
Mumbai,2026-08-31 04:00:00,7.1,13.4,101.0,3.0,2.3,40.0,52,2026-08-31
Mumbai,2026-08-31 05:00:00,8.6,17.9,113.0,2.6,2.0,40.0,52,2026-08-31
Mumbai,2026-08-31 06:00:00,8.8,18.7,150.0,3.7,2.6,39.0,52,2026-08-31
Mumbai,2026-08-31 07:00:00,10.0,19.6,199.0,5.3,3.6,37.0,52,2026-08-31
Mumbai,2026-08-31 08:00:00,10.6,19.9,226.0,6.2,4.3,39.0,52,2026-08-31
Mumbai,2026-08-31 09:00:00,10.9,20.5,211.0,5.8,4.7,46.0,53,2026-08-31
Mumbai,2026-08-31 10:00:00,11.7,21.5,175.0,4.9,5.0,56.0,53,2026-08-31
Mumbai,2026-08-31 11:00:00,11.6,20.6,147.0,4.2,5.2,64.0,53,2026-08-31
Mumbai,2026-08-31 12:00:00,12.0,21.0,140.0,4.2,5.5,69.0,53,2026-08-31
Mumbai,2026-08-31 13:00:00,12.2,20.1,141.0,4.5,5.8,72.0,53,2026-08-31
Mumbai,2026-08-31 14:00:00,12.8,20.1,146.0,5.1,5.9,72.0,53,2026-08-31
Mumbai,2026-08-31 15:00:00,12.8,19.8,152.0,6.2,5.9,66.0,53,2026-08-31
Mumbai,2026-08-31 16:00:00,12.2,19.3,162.0,7.5,5.7,56.0,53,2026-08-31
Mumbai,2026-08-31 17:00:00,10.7,19.6,180.0,6.1,3.5,43.0,53,2026-08-31
Mumbai,2026-08-31 18:00:00,11.1,20.6,217.0,6.6,3.8,41.0,53,2026-08-31
Mumbai,2026-08-31 19:00:00,11.4,21.1,263.0,7.2,4.2,38.0,53,2026-08-31
Mumbai,2026-08-31 20:00:00,11.9,21.7,289.0,7.5,4.5,36.0,53,2026-08-31
Mumbai,2026-08-31 21:00:00,11.6,21.0,282.0,7.3,4.6,35.0,53,2026-08-31
Mumbai,2026-08-31 22:00:00,11.2,19.8,255.0,6.9,4.5,36.0,53,2026-08-31
Mumbai,2026-08-31 23:00:00,10.9,19.3,223.0,6.3,4.3,36.0,53,2026-08-31
Mumbai,2026-09-01 00:00:00,10.5,18.5,184.0,5.5,3.9,36.0,53,2026-09-01
Mumbai,2026-09-01 01:00:00,9.7,17.7,139.0,4.6,3.3,37.0,53,2026-09-01
Mumbai,2026-09-01 02:00:00,9.3,17.3,108.0,4.0,2.9,37.0,53,2026-09-01
Mumbai,2026-09-01 03:00:00,8.8,16.4,94.0,3.7,2.8,36.0,53,2026-09-01
Mumbai,2026-09-01 04:00:00,8.3,16.4,95.0,3.7,2.8,35.0,53,2026-09-01
Mumbai,2026-09-01 05:00:00,7.6,15.7,118.0,3.1,2.5,36.0,53,2026-09-01
Mumbai,2026-09-01 06:00:00,8.3,17.2,190.0,4.1,3.1,34.0,53,2026-09-01
Mumbai,2026-09-01 07:00:00,10.1,20.3,285.0,5.4,3.8,33.0,53,2026-09-01
Mumbai,2026-09-01 08:00:00,10.9,22.2,335.0,6.1,4.5,35.0,53,2026-09-01
Mumbai,2026-09-01 09:00:00,12.5,24.4,296.0,5.7,5.0,44.0,53,2026-09-01
Mumbai,2026-09-01 10:00:00,13.1,24.9,212.0,4.8,5.3,58.0,53,2026-09-01
Mumbai,2026-09-01 11:00:00,13.7,25.0,149.0,4.2,5.6,68.0,54,2026-09-01
Mumbai,2026-09-01 12:00:00,14.4,25.0,135.0,4.4,5.9,74.0,54,2026-09-01
Mumbai,2026-09-01 13:00:00,14.5,23.6,142.0,5.0,6.1,76.0,54,2026-09-01
Mumbai,2026-09-01 14:00:00,14.6,23.3,154.0,5.8,6.2,75.0,54,2026-09-01
Mumbai,2026-09-01 15:00:00,14.8,26.8,165.0,6.8,6.2,68.0,54,2026-09-01
Mumbai,2026-09-01 16:00:00,12.9,21.4,180.0,8.0,6.2,56.0,54,2026-09-01
Mumbai,2026-09-01 17:00:00,12.2,21.1,204.0,8.8,4.9,43.0,54,2026-09-01
Mumbai,2026-09-01 18:00:00,11.8,21.0,246.0,9.1,5.1,39.0,55,2026-09-01
Mumbai,2026-09-01 19:00:00,12.1,21.5,295.0,9.5,5.4,34.0,55,2026-09-01
Mumbai,2026-09-01 20:00:00,12.9,22.6,328.0,9.8,5.6,30.0,55,2026-09-01
Mumbai,2026-09-01 21:00:00,13.3,22.9,333.0,9.9,5.8,29.0,55,2026-09-01
Mumbai,2026-09-01 22:00:00,13.7,23.1,322.0,9.8,5.9,29.0,55,2026-09-01
Mumbai,2026-09-01 23:00:00,13.8,22.8,298.0,9.6,6.0,29.0,55,2026-09-01
Mumbai,2026-09-02 00:00:00,13.2,22.0,255.0,9.3,6.1,29.0,55,2026-09-02
Mumbai,2026-09-02 01:00:00,13.0,21.7,200.0,8.9,6.2,29.0,56,2026-09-02
Mumbai,2026-09-02 02:00:00,12.6,21.1,159.0,8.6,6.3,29.0,56,2026-09-02
Mumbai,2026-09-02 03:00:00,11.6,19.6,138.0,8.4,6.1,29.0,56,2026-09-02
Mumbai,2026-09-02 04:00:00,11.2,18.7,131.0,8.2,5.9,29.0,56,2026-09-02
Mumbai,2026-09-02 05:00:00,9.5,15.7,145.0,7.9,5.4,29.0,57,2026-09-02
Mumbai,2026-09-02 06:00:00,8.7,14.7,201.0,8.4,5.9,29.0,57,2026-09-02
Mumbai,2026-09-02 07:00:00,8.8,14.4,278.0,9.0,6.6,29.0,57,2026-09-02
Mumbai,2026-09-02 08:00:00,9.4,15.4,319.0,9.2,7.4,33.0,57,2026-09-02
Mumbai,2026-09-02 09:00:00,10.8,17.7,288.0,8.8,8.3,43.0,56,2026-09-02
Mumbai,2026-09-02 10:00:00,11.7,19.4,221.0,8.0,9.3,56.0,56,2026-09-02
Mumbai,2026-09-02 11:00:00,13.6,22.1,174.0,7.3,9.8,67.0,56,2026-09-02
Mumbai,2026-09-02 12:00:00,14.8,24.0,169.0,6.7,9.6,73.0,56,2026-09-02
Mumbai,2026-09-02 13:00:00,15.5,24.4,183.0,6.3,8.9,76.0,56,2026-09-02
Mumbai,2026-09-02 14:00:00,14.3,23.0,200.0,6.4,8.2,75.0,56,2026-09-02
Mumbai,2026-09-02 15:00:00,13.6,21.7,212.0,7.6,7.6,66.0,56,2026-09-02
Mumbai,2026-09-02 16:00:00,12.3,19.7,228.0,9.3,7.0,52.0,56,2026-09-02
Mumbai,2026-09-02 17:00:00,12.2,22.0,259.0,9.1,4.7,42.0,56,2026-09-02
Mumbai,2026-09-02 18:00:00,12.9,23.6,322.0,9.4,4.8,39.0,56,2026-09-02
Mumbai,2026-09-02 19:00:00,13.1,24.7,399.0,9.8,4.9,36.0,56,2026-09-02
Mumbai,2026-09-02 20:00:00,13.5,24.7,451.0,10.0,5.1,33.0,56,2026-09-02
Mumbai,2026-09-02 21:00:00,14.4,26.1,461.0,10.1,5.6,32.0,56,2026-09-02
Mumbai,2026-09-02 22:00:00,14.8,26.5,446.0,10.0,6.2,33.0,56,2026-09-02
Mumbai,2026-09-02 23:00:00,14.8,26.8,408.0,9.7,6.5,33.0,57,2026-09-02
Mumbai,2026-09-03 00:00:00,14.1,25.9,333.0,8.9,6.3,34.0,57,2026-09-03
Mumbai,2026-09-03 01:00:00,13.4,25.1,237.0,7.8,5.8,34.0,57,2026-09-03
Mumbai,2026-09-03 02:00:00,13.0,24.7,166.0,6.9,5.4,35.0,57,2026-09-03
Mumbai,2026-09-03 03:00:00,12.0,22.9,139.0,6.4,5.1,35.0,57,2026-09-03
Mumbai,2026-09-03 04:00:00,11.2,21.7,139.0,6.0,4.9,36.0,57,2026-09-03
Mumbai,2026-09-03 05:00:00,10.3,19.4,159.0,6.1,4.8,36.0,57,2026-09-03
Mumbai,2026-09-03 06:00:00,9.9,18.6,219.0,6.7,5.3,35.0,57,2026-09-03
Mumbai,2026-09-03 07:00:00,9.8,17.7,299.0,7.5,6.1,34.0,57,2026-09-03
Mumbai,2026-09-03 08:00:00,9.8,17.6,340.0,7.9,6.7,37.0,57,2026-09-03
Mumbai,2026-09-03 09:00:00,9.4,17.2,301.0,7.5,7.2,46.0,57,2026-09-03
Mumbai,2026-09-03 10:00:00,10.5,18.2,221.0,6.6,7.6,57.0,57,2026-09-03
Mumbai,2026-09-03 11:00:00,12.0,20.5,161.0,5.8,7.8,67.0,57,2026-09-03
Mumbai,2026-09-03 12:00:00,13.5,22.1,143.0,5.1,7.5,73.0,57,2026-09-03
Mumbai,2026-09-03 13:00:00,14.8,24.7,143.0,4.4,6.9,78.0,57,2026-09-03
Mumbai,2026-09-03 14:00:00,13.3,23.5,151.0,4.4,6.4,78.0,57,2026-09-03
Mumbai,2026-09-03 15:00:00,13.5,24.3,160.0,5.6,6.3,72.0,56,2026-09-03
Mumbai,2026-09-03 16:00:00,13.0,24.9,176.0,7.4,6.2,62.0,56,2026-09-03
Mumbai,2026-09-03 17:00:00,17.3,37.8,204.0,7.3,5.3,62.0,57,2026-09-03
Mumbai,2026-09-03 18:00:00,16.1,36.1,257.0,8.4,5.4,54.0,57,2026-09-03
Mumbai,2026-09-03 19:00:00,15.9,34.7,322.0,10.0,5.4,42.0,57,2026-09-03
Mumbai,2026-09-03 20:00:00,15.4,33.4,361.0,10.9,5.5,34.0,57,2026-09-03
Mumbai,2026-09-03 21:00:00,14.6,31.2,356.0,10.7,5.5,32.0,58,2026-09-03
Mumbai,2026-09-03 22:00:00,14.1,29.3,326.0,9.9,5.5,33.0,58,2026-09-03
Mumbai,2026-09-03 23:00:00,13.6,28.7,290.0,9.0,5.4,34.0,58,2026-09-03
Mumbai,2026-09-04 00:00:00,12.3,25.8,250.0,8.0,5.1,35.0,57,2026-09-04
Mumbai,2026-09-04 01:00:00,11.5,24.0,206.0,6.9,4.7,36.0,57,2026-09-04
Mumbai,2026-09-04 02:00:00,11.1,23.1,173.0,6.1,4.4,37.0,57,2026-09-04
Mumbai,2026-09-04 03:00:00,10.5,21.8,152.0,5.5,4.2,37.0,57,2026-09-04
Mumbai,2026-09-04 04:00:00,10.2,21.2,142.0,5.2,4.2,37.0,57,2026-09-04
Mumbai,2026-09-04 05:00:00,8.6,18.3,162.0,5.3,3.9,37.0,57,2026-09-04
Mumbai,2026-09-04 06:00:00,8.8,18.0,243.0,6.6,4.9,36.0,57,2026-09-04
Mumbai,2026-09-04 07:00:00,10.4,21.2,354.0,8.4,6.3,36.0,57,2026-09-04
Mumbai,2026-09-04 08:00:00,11.7,22.0,413.0,9.4,7.4,40.0,57,2026-09-04
Mumbai,2026-09-04 09:00:00,13.4,24.0,369.0,8.7,7.9,53.0,57,2026-09-04
Mumbai,2026-09-04 10:00:00,13.9,25.0,274.0,7.1,8.0,72.0,57,2026-09-04
Mumbai,2026-09-04 11:00:00,16.4,28.6,199.0,6.0,8.1,85.0,57,2026-09-04
Mumbai,2026-09-04 12:00:00,16.5,29.0,173.0,5.9,8.2,90.0,58,2026-09-04
Mumbai,2026-09-04 13:00:00,16.3,28.5,168.0,6.3,8.3,91.0,58,2026-09-04
Mumbai,2026-09-04 14:00:00,16.4,27.8,172.0,6.9,8.1,88.0,58,2026-09-04
Mumbai,2026-09-04 15:00:00,15.4,26.0,178.0,7.6,7.4,79.0,58,2026-09-04
Mumbai,2026-09-04 16:00:00,13.5,23.7,192.0,8.4,6.4,66.0,58,2026-09-04
Mumbai,2026-09-04 17:00:00,12.0,22.2,223.0,9.8,5.5,48.0,58,2026-09-04
Mumbai,2026-09-04 18:00:00,12.3,22.2,293.0,10.5,5.9,44.0,58,2026-09-04
Mumbai,2026-09-04 19:00:00,11.9,21.4,381.0,11.5,6.4,39.0,58,2026-09-04
Mumbai,2026-09-04 20:00:00,10.9,19.0,428.0,11.8,6.6,35.0,57,2026-09-04
Mumbai,2026-09-04 21:00:00,10.2,18.2,401.0,11.0,6.4,34.0,57,2026-09-04
Mumbai,2026-09-04 22:00:00,9.9,17.8,335.0,9.7,6.0,35.0,57,2026-09-04
Mumbai,2026-09-04 23:00:00,9.8,18.7,274.0,8.4,5.5,36.0,56,2026-09-04
Mumbai,2026-09-05 00:00:00,9.5,19.0,231.0,7.3,5.0,37.0,56,2026-09-05
Mumbai,2026-09-05 01:00:00,10.2,21.5,194.0,6.2,4.4,38.0,56,2026-09-05
Mumbai,2026-09-05 02:00:00,10.8,23.3,168.0,5.5,4.1,38.0,56,2026-09-05
Mumbai,2026-09-05 03:00:00,10.8,23.1,150.0,5.3,4.1,38.0,56,2026-09-05
Mumbai,2026-09-05 04:00:00,11.1,23.5,145.0,5.5,4.4,37.0,56,2026-09-05
Mumbai,2026-09-05 05:00:00,10.7,21.5,167.0,5.2,4.2,38.0,56,2026-09-05
Mumbai,2026-09-05 06:00:00,10.6,21.0,250.0,6.3,4.7,37.0,56,2026-09-05
Mumbai,2026-09-05 07:00:00,11.3,21.5,361.0,7.7,5.5,36.0,56,2026-09-05
Mumbai,2026-09-05 08:00:00,11.7,20.7,421.0,8.5,6.2,39.0,56,2026-09-05
Mumbai,2026-09-05 09:00:00,12.6,20.9,381.0,8.2,6.9,48.0,56,2026-09-05
Mumbai,2026-09-05 10:00:00,13.2,21.2,291.0,7.3,7.5,61.0,56,2026-09-05
Mumbai,2026-09-05 11:00:00,12.8,20.3,217.0,6.5,7.9,72.0,56,2026-09-05
Mumbai,2026-09-05 12:00:00,13.1,20.1,184.0,5.8,7.8,80.0,56,2026-09-05
Mumbai,2026-09-05 13:00:00,13.3,19.9,169.0,5.2,7.4,87.0,56,2026-09-05
Mumbai,2026-09-05 14:00:00,13.4,21.0,167.0,5.2,7.0,88.0,55,2026-09-05
Mumbai,2026-09-05 15:00:00,12.6,20.5,170.0,6.2,6.8,81.0,55,2026-09-05
Mumbai,2026-09-05 16:00:00,11.6,19.0,188.0,7.7,6.7,69.0,55,2026-09-05
Mumbai,2026-09-05 17:00:00,8.8,15.2,239.0,6.0,3.9,50.0,55,2026-09-05
Mumbai,2026-09-05 18:00:00,9.3,16.5,359.0,7.8,4.5,45.0,54,2026-09-05
Mumbai,2026-09-05 19:00:00,10.4,18.9,513.0,10.2,5.2,38.0,54,2026-09-05
Mumbai,2026-09-05 20:00:00,11.9,22.1,621.0,11.8,5.9,33.0,54,2026-09-05
Mumbai,2026-09-05 21:00:00,13.0,25.1,649.0,12.0,6.3,32.0,54,2026-09-05
Mumbai,2026-09-05 22:00:00,13.9,27.9,631.0,11.4,6.6,32.0,54,2026-09-05
Mumbai,2026-09-05 23:00:00,14.2,30.9,584.0,10.6,6.7,33.0,55,2026-09-05
Mumbai,2026-09-06 00:00:00,14.3,32.0,495.0,9.7,6.5,34.0,55,2026-09-06
Mumbai,2026-09-06 01:00:00,14.9,35.5,377.0,8.5,6.0,34.0,55,2026-09-06
Mumbai,2026-09-06 02:00:00,15.1,35.5,287.0,7.7,5.7,35.0,56,2026-09-06
Mumbai,2026-09-06 03:00:00,15.9,38.2,249.0,7.3,5.5,35.0,56,2026-09-06
Mumbai,2026-09-06 04:00:00,15.9,39.0,239.0,7.2,5.4,35.0,57,2026-09-06
Mumbai,2026-09-06 05:00:00,14.6,34.3,242.0,7.7,6.2,34.0,57,2026-09-06
Mumbai,2026-09-06 06:00:00,14.3,33.3,265.0,7.9,6.9,35.0,57,2026-09-06
Mumbai,2026-09-06 07:00:00,14.3,31.4,302.0,8.1,7.9,37.0,58,2026-09-06
Mumbai,2026-09-06 08:00:00,14.6,29.9,314.0,8.0,8.6,42.0,58,2026-09-06
Mumbai,2026-09-06 09:00:00,14.4,28.1,277.0,7.2,9.0,53.0,58,2026-09-06
Mumbai,2026-09-06 10:00:00,15.0,27.6,215.0,6.1,9.2,68.0,58,2026-09-06
Mumbai,2026-09-06 11:00:00,15.4,26.9,167.0,5.1,9.1,80.0,58,2026-09-06
Mumbai,2026-09-06 12:00:00,15.9,26.5,148.0,4.3,8.6,87.0,59,2026-09-06
Mumbai,2026-09-06 13:00:00,15.1,24.9,143.0,3.8,7.8,92.0,59,2026-09-06
Mumbai,2026-09-06 14:00:00,14.1,23.3,144.0,3.7,7.2,91.0,59,2026-09-06
Mumbai,2026-09-06 15:00:00,15.1,26.1,142.0,4.5,6.8,82.0,59,2026-09-06
Mumbai,2026-09-06 16:00:00,13.6,24.3,145.0,5.8,6.5,68.0,59,2026-09-06
Mumbai,2026-09-06 17:00:00,14.6,28.9,172.0,6.5,5.6,55.0,59,2026-09-06
Mumbai,2026-09-06 18:00:00,14.9,29.3,241.0,7.6,5.9,49.0,60,2026-09-06
Mumbai,2026-09-06 19:00:00,14.5,29.2,334.0,9.2,6.3,40.0,60,2026-09-06
Mumbai,2026-09-06 20:00:00,15.8,33.1,416.0,10.1,6.5,34.0,60,2026-09-06
Mumbai,2026-09-06 21:00:00,16.7,36.2,488.0,10.0,6.5,32.0,61,2026-09-06
Mumbai,2026-09-06 22:00:00,17.1,36.8,550.0,9.3,6.3,33.0,61,2026-09-06
Mumbai,2026-09-06 23:00:00,16.8,37.8,564.0,8.5,6.1,34.0,61,2026-09-06
Mumbai,2026-09-07 00:00:00,16.6,38.5,495.0,7.7,5.7,35.0,62,2026-09-07
Mumbai,2026-09-07 01:00:00,16.7,39.3,377.0,6.9,5.3,36.0,62,2026-09-07
Mumbai,2026-09-07 02:00:00,16.5,40.7,282.0,6.4,5.2,37.0,62,2026-09-07
Mumbai,2026-09-07 03:00:00,16.1,40.6,230.0,6.3,5.5,37.0,62,2026-09-07
Mumbai,2026-09-07 04:00:00,15.8,38.8,199.0,6.5,6.0,37.0,62,2026-09-07
Mumbai,2026-09-07 05:00:00,13.8,33.2,195.0,5.9,4.8,38.0,62,2026-09-07
Mumbai,2026-09-07 06:00:00,14.3,35.3,240.0,6.6,5.4,39.0,62,2026-09-07
Mumbai,2026-09-07 07:00:00,15.4,36.2,313.0,7.5,6.4,41.0,62,2026-09-07
Mumbai,2026-09-07 08:00:00,16.3,37.4,351.0,7.9,7.1,46.0,62,2026-09-07
Mumbai,2026-09-07 09:00:00,18.5,39.7,319.0,7.4,7.6,59.0,62,2026-09-07
Mumbai,2026-09-07 10:00:00,19.2,41.0,252.0,6.3,7.9,75.0,62,2026-09-07
Mumbai,2026-09-07 11:00:00,20.0,41.6,200.0,5.5,8.0,88.0,63,2026-09-07
Mumbai,2026-09-07 12:00:00,21.5,43.2,180.0,5.0,7.8,97.0,63,2026-09-07
Mumbai,2026-09-07 13:00:00,21.7,43.1,174.0,4.8,7.4,103.0,64,2026-09-07
Mumbai,2026-09-07 14:00:00,20.0,40.7,174.0,5.0,6.9,102.0,64,2026-09-07
Mumbai,2026-09-07 15:00:00,18.5,38.4,174.0,6.0,6.4,91.0,65,2026-09-07
Mumbai,2026-09-07 16:00:00,16.1,33.8,180.0,7.5,5.9,74.0,65,2026-09-07
Mumbai,2026-09-07 17:00:00,15.8,38.0,201.0,7.5,4.3,46.0,65,2026-09-07
Mumbai,2026-09-07 18:00:00,15.8,37.6,240.0,8.4,4.7,42.0,65,2026-09-07
Mumbai,2026-09-07 19:00:00,16.3,38.3,292.0,9.7,5.3,37.0,65,2026-09-07
Mumbai,2026-09-07 20:00:00,17.3,40.2,357.0,10.6,5.7,33.0,65,2026-09-07
Mumbai,2026-09-07 21:00:00,18.2,41.2,457.0,10.7,5.8,33.0,65,2026-09-07
Mumbai,2026-09-07 22:00:00,19.3,45.4,569.0,10.3,5.8,34.0,66,2026-09-07
Mumbai,2026-09-07 23:00:00,20.1,48.8,618.0,9.9,5.8,35.0,66,2026-09-07
Mumbai,2026-09-08 00:00:00,19.4,46.9,552.0,9.4,5.8,35.0,66,2026-09-08
Mumbai,2026-09-08 01:00:00,18.6,44.5,423.0,8.8,5.8,36.0,66,2026-09-08
Mumbai,2026-09-08 02:00:00,17.6,42.1,317.0,8.4,6.0,36.0,66,2026-09-08
Mumbai,2026-09-08 03:00:00,16.6,39.8,256.0,8.2,6.3,36.0,66,2026-09-08
Mumbai,2026-09-08 04:00:00,16.2,38.6,217.0,8.2,6.8,36.0,67,2026-09-08
Mumbai,2026-09-08 05:00:00,13.9,36.9,219.0,5.8,4.8,40.0,67,2026-09-08
Mumbai,2026-09-08 06:00:00,14.3,37.5,304.0,6.4,5.4,40.0,67,2026-09-08
Mumbai,2026-09-08 07:00:00,14.6,36.9,430.0,7.1,6.3,41.0,67,2026-09-08
Mumbai,2026-09-08 08:00:00,15.4,37.7,492.0,7.4,6.9,45.0,66,2026-09-08
Mumbai,2026-09-08 09:00:00,16.2,39.1,421.0,6.9,7.1,56.0,66,2026-09-08
Mumbai,2026-09-08 10:00:00,17.0,40.6,285.0,5.9,7.0,71.0,66,2026-09-08
Mumbai,2026-09-08 11:00:00,18.7,44.0,182.0,5.2,7.0,84.0,66,2026-09-08
Mumbai,2026-09-08 12:00:00,19.3,43.8,152.0,4.8,7.3,95.0,66,2026-09-08
Mumbai,2026-09-08 13:00:00,19.0,41.0,155.0,4.5,7.7,104.0,66,2026-09-08
Mumbai,2026-09-08 14:00:00,19.5,41.0,165.0,4.8,7.8,105.0,66,2026-09-08
Mumbai,2026-09-08 15:00:00,18.2,40.4,169.0,6.0,7.2,93.0,66,2026-09-08
Mumbai,2026-09-08 16:00:00,16.0,35.5,180.0,7.8,6.4,72.0,66,2026-09-08
Mumbai,2026-09-08 17:00:00,16.9,38.0,212.0,9.4,5.6,55.0,66,2026-09-08
Mumbai,2026-09-08 18:00:00,14.8,33.1,286.0,9.8,5.6,48.0,66,2026-09-08
Mumbai,2026-09-08 19:00:00,14.1,30.9,380.0,10.3,5.5,38.0,66,2026-09-08
Mumbai,2026-09-08 20:00:00,14.3,30.6,443.0,10.7,5.7,31.0,65,2026-09-08
Mumbai,2026-09-08 21:00:00,14.8,30.6,449.0,11.1,6.2,29.0,65,2026-09-08
Mumbai,2026-09-08 22:00:00,15.9,31.3,424.0,11.4,7.0,29.0,65,2026-09-08
Mumbai,2026-09-08 23:00:00,16.8,32.8,397.0,11.5,7.4,29.0,65,2026-09-08
Mumbai,2026-09-09 00:00:00,15.9,31.4,376.0,11.2,7.3,29.0,64,2026-09-09
Mumbai,2026-09-09 01:00:00,15.3,30.2,351.0,10.6,6.9,30.0,64,2026-09-09
Mumbai,2026-09-09 02:00:00,14.8,30.3,327.0,10.1,6.7,30.0,64,2026-09-09
Mumbai,2026-09-09 03:00:00,13.8,28.3,292.0,9.7,7.0,30.0,64,2026-09-09
Mumbai,2026-09-09 04:00:00,13.3,28.2,257.0,9.4,7.5,30.0,63,2026-09-09
Mumbai,2026-09-09 05:00:00,13.1,28.1,254.0,9.8,7.3,31.0,63,2026-09-09
Mumbai,2026-09-09 06:00:00,13.6,28.5,325.0,10.0,8.3,31.0,63,2026-09-09
Mumbai,2026-09-09 07:00:00,14.6,30.2,428.0,10.3,9.7,31.0,63,2026-09-09
Mumbai,2026-09-09 08:00:00,14.3,31.0,474.0,9.9,10.4,36.0,63,2026-09-09
Mumbai,2026-09-09 09:00:00,14.6,31.7,403.0,8.4,9.7,50.0,63,2026-09-09
Mumbai,2026-09-09 10:00:00,15.1,32.9,275.0,6.3,8.3,68.0,63,2026-09-09
Mumbai,2026-09-09 11:00:00,15.0,33.1,178.0,4.7,7.1,80.0,63,2026-09-09
Mumbai,2026-09-09 12:00:00,14.4,31.7,151.0,4.1,6.3,83.0,62,2026-09-09
Mumbai,2026-09-09 13:00:00,13.7,29.9,155.0,4.1,5.7,80.0,62,2026-09-09
Mumbai,2026-09-09 14:00:00,13.0,27.4,166.0,4.6,5.3,74.0,62,2026-09-09
Mumbai,2026-09-09 15:00:00,11.8,24.7,165.0,5.6,5.2,65.0,61,2026-09-09
Mumbai,2026-09-09 16:00:00,11.0,22.5,171.0,7.1,5.3,54.0,61,2026-09-09
Mumbai,2026-09-09 17:00:00,11.9,27.7,217.0,7.6,4.6,42.0,60,2026-09-09
Mumbai,2026-09-09 18:00:00,11.8,26.3,338.0,8.4,4.9,38.0,60,2026-09-09
Mumbai,2026-09-09 19:00:00,11.7,25.7,499.0,9.6,5.3,34.0,60,2026-09-09
Mumbai,2026-09-09 20:00:00,12.5,27.0,627.0,10.5,5.8,30.0,59,2026-09-09
Mumbai,2026-09-09 21:00:00,13.6,28.6,706.0,11.1,6.4,29.0,59,2026-09-09
Mumbai,2026-09-09 22:00:00,15.2,30.5,753.0,11.6,6.9,29.0,59,2026-09-09
Mumbai,2026-09-09 23:00:00,16.6,32.5,743.0,11.7,7.3,29.0,59,2026-09-09
Mumbai,2026-09-10 00:00:00,16.8,33.4,637.0,11.2,7.3,30.0,59,2026-09-10
Mumbai,2026-09-10 01:00:00,16.9,33.4,475.0,10.3,7.0,30.0,59,2026-09-10
Mumbai,2026-09-10 02:00:00,16.9,34.1,348.0,9.6,6.8,31.0,59,2026-09-10
Mumbai,2026-09-10 03:00:00,16.9,34.1,293.0,9.4,6.7,31.0,59,2026-09-10
Mumbai,2026-09-10 04:00:00,16.8,33.9,274.0,9.4,6.6,31.0,60,2026-09-10
Mumbai,2026-09-10 05:00:00,14.0,29.6,278.0,9.2,5.7,32.0,60,2026-09-10
Mumbai,2026-09-10 06:00:00,13.6,28.5,319.0,9.6,6.6,30.0,60,2026-09-10
Mumbai,2026-09-10 07:00:00,13.5,27.9,382.0,10.2,7.9,30.0,60,2026-09-10
Mumbai,2026-09-10 08:00:00,14.6,28.9,414.0,10.5,9.6,37.0,60,2026-09-10
Mumbai,2026-09-10 09:00:00,16.7,31.2,382.0,10.5,12.2,60.0,60,2026-09-10
Mumbai,2026-09-10 10:00:00,19.8,34.6,320.0,10.2,15.2,91.0,60,2026-09-10
Mumbai,2026-09-10 11:00:00,26.1,41.9,268.0,9.7,16.9,118.0,60,2026-09-10
Mumbai,2026-09-10 12:00:00,31.0,48.3,242.0,8.4,16.5,138.0,61,2026-09-10
Mumbai,2026-09-10 13:00:00,32.2,50.2,228.0,6.9,14.8,153.0,63,2026-09-10
Mumbai,2026-09-10 14:00:00,30.4,49.0,223.0,6.3,13.1,157.0,64,2026-09-10
Mumbai,2026-09-10 15:00:00,26.6,42.7,216.0,7.6,11.7,142.0,65,2026-09-10
Mumbai,2026-09-10 16:00:00,23.2,38.2,219.0,9.9,10.2,115.0,67,2026-09-10
Mumbai,2026-09-10 17:00:00,12.2,24.4,268.0,9.9,6.5,60.0,74,2026-09-10
Mumbai,2026-09-10 18:00:00,11.0,23.0,393.0,10.3,6.2,51.0,74,2026-09-10
Mumbai,2026-09-10 19:00:00,10.9,23.3,565.0,10.8,5.7,38.0,68,2026-09-10
Mumbai,2026-09-10 20:00:00,11.6,24.9,729.0,11.2,5.5,29.0,67,2026-09-10
Mumbai,2026-09-10 21:00:00,12.4,26.1,886.0,11.4,5.7,27.0,67,2026-09-10
Mumbai,2026-09-10 22:00:00,13.5,27.4,1036.0,11.4,6.2,28.0,67,2026-09-10
Mumbai,2026-09-10 23:00:00,14.7,28.7,1119.0,11.4,6.5,29.0,67,2026-09-10
Mumbai,2026-09-11 00:00:00,15.2,29.4,1101.0,11.4,6.3,29.0,67,2026-09-11
Mumbai,2026-09-11 01:00:00,15.2,29.0,1018.0,11.4,6.0,29.0,67,2026-09-11
Mumbai,2026-09-11 02:00:00,15.3,29.0,913.0,11.5,5.8,29.0,67,2026-09-11
Mumbai,2026-09-11 03:00:00,15.2,28.6,782.0,11.6,5.6,28.0,67,2026-09-11
Mumbai,2026-09-11 04:00:00,15.4,29.3,631.0,11.7,5.7,28.0,66,2026-09-11
Mumbai,2026-09-11 05:00:00,13.1,26.1,518.0,11.0,5.6,30.0,66,2026-09-11
Mumbai,2026-09-11 06:00:00,13.6,27.4,484.0,10.7,6.7,30.0,66,2026-09-11
Mumbai,2026-09-11 07:00:00,13.9,26.7,489.0,10.3,8.2,31.0,66,2026-09-11
Mumbai,2026-09-11 08:00:00,13.2,25.3,473.0,9.7,9.4,37.0,66,2026-09-11
Mumbai,2026-09-11 09:00:00,14.4,26.2,402.0,8.7,10.2,52.0,66,2026-09-11
Mumbai,2026-09-11 10:00:00,15.9,27.6,309.0,7.6,10.8,73.0,66,2026-09-11
Mumbai,2026-09-11 11:00:00,17.5,29.0,238.0,6.6,10.9,89.0,66,2026-09-11
Mumbai,2026-09-11 12:00:00,18.5,29.8,207.0,5.9,10.2,99.0,65,2026-09-11
Mumbai,2026-09-11 13:00:00,18.5,29.6,198.0,5.4,9.1,105.0,64,2026-09-11
Mumbai,2026-09-11 14:00:00,17.8,28.6,194.0,5.4,8.0,104.0,63,2026-09-11
Mumbai,2026-09-11 15:00:00,16.4,26.7,175.0,6.4,7.1,92.0,62,2026-09-11
Mumbai,2026-09-11 16:00:00,14.5,24.2,161.0,7.9,6.3,73.0,61,2026-09-11
Mumbai,2026-09-11 17:00:00,10.9,18.6,200.0,8.4,5.1,56.0,61,2026-09-11
Mumbai,2026-09-11 18:00:00,9.3,16.3,332.0,8.8,5.0,49.0,60,2026-09-11
Mumbai,2026-09-11 19:00:00,8.4,15.0,515.0,9.4,5.0,38.0,60,2026-09-11
Mumbai,2026-09-11 20:00:00,8.5,15.2,674.0,9.7,4.9,31.0,60,2026-09-11
Mumbai,2026-09-11 21:00:00,8.9,15.8,795.0,9.5,4.9,29.0,60,2026-09-11
Mumbai,2026-09-11 22:00:00,9.5,16.8,890.0,8.9,5.0,31.0,60,2026-09-11
Mumbai,2026-09-11 23:00:00,9.8,17.5,921.0,8.6,4.9,32.0,59,2026-09-11
Mumbai,2026-09-12 00:00:00,10.0,18.2,848.0,8.6,4.6,32.0,59,2026-09-12
Mumbai,2026-09-12 01:00:00,10.6,19.1,711.0,8.8,4.2,31.0,58,2026-09-12
Mumbai,2026-09-12 02:00:00,11.3,20.1,586.0,9.0,4.0,31.0,58,2026-09-12
Mumbai,2026-09-12 03:00:00,11.6,20.9,495.0,9.4,4.1,30.0,58,2026-09-12
Mumbai,2026-09-12 04:00:00,12.0,21.7,417.0,9.9,4.3,30.0,58,2026-09-12
Mumbai,2026-09-12 05:00:00,12.0,22.4,358.0,10.1,4.7,31.0,57,2026-09-12
Mumbai,2026-09-12 06:00:00,13.0,23.8,332.0,9.7,5.3,33.0,57,2026-09-12
Mumbai,2026-09-12 07:00:00,14.2,25.4,326.0,9.1,6.1,36.0,57,2026-09-12
Mumbai,2026-09-12 08:00:00,12.9,25.2,312.0,8.2,6.6,41.0,57,2026-09-12
Mumbai,2026-09-12 09:00:00,12.4,25.5,274.0,6.7,6.4,49.0,57,2026-09-12
Mumbai,2026-09-12 10:00:00,12.0,25.4,227.0,5.0,5.8,58.0,57,2026-09-12
Mumbai,2026-09-12 11:00:00,12.2,25.8,190.0,3.8,5.2,65.0,57,2026-09-12
Mumbai,2026-09-12 12:00:00,12.4,26.2,168.0,3.4,4.8,68.0,56,2026-09-12
Mumbai,2026-09-12 13:00:00,12.2,25.8,156.0,3.5,4.5,69.0,56,2026-09-12
Mumbai,2026-09-12 14:00:00,12.1,25.4,155.0,4.1,4.3,67.0,55,2026-09-12
Mumbai,2026-09-12 15:00:00,11.6,24.2,160.0,5.4,4.1,60.0,55,2026-09-12
Mumbai,2026-09-12 16:00:00,11.1,23.5,175.0,7.1,3.9,51.0,54,2026-09-12
Mumbai,2026-09-12 17:00:00,11.7,26.6,214.0,7.8,3.5,44.0,54,2026-09-12
Mumbai,2026-09-12 18:00:00,12.3,27.8,299.0,8.0,3.9,42.0,54,2026-09-12
Mumbai,2026-09-12 19:00:00,12.8,29.5,406.0,8.4,4.4,40.0,54,2026-09-12
Mumbai,2026-09-12 20:00:00,13.8,31.8,481.0,8.5,4.7,38.0,55,2026-09-12
Mumbai,2026-09-12 21:00:00,14.7,34.1,502.0,8.3,4.8,38.0,55,2026-09-12
Mumbai,2026-09-12 22:00:00,15.3,35.9,491.0,8.0,4.7,39.0,56,2026-09-12
Mumbai,2026-09-12 23:00:00,15.9,37.0,450.0,7.7,4.6,40.0,56,2026-09-12
Mumbai,2026-09-13 00:00:00,15.9,37.8,362.0,7.6,4.6,40.0,57,2026-09-13
Mumbai,2026-09-13 01:00:00,15.8,38.0,246.0,7.6,4.5,41.0,57,2026-09-13
Mumbai,2026-09-13 02:00:00,16.1,39.1,160.0,7.5,4.5,41.0,57,2026-09-13
Mumbai,2026-09-13 03:00:00,15.7,38.4,125.0,7.2,4.4,41.0,58,2026-09-13
Mumbai,2026-09-13 04:00:00,15.8,39.2,120.0,6.8,4.2,41.0,58,2026-09-13
Mumbai,2026-09-13 05:00:00,14.7,36.1,144.0,6.3,3.5,41.0,58,2026-09-13
Mumbai,2026-09-13 06:00:00,12.7,29.1,223.0,6.4,3.5,41.0,59,2026-09-13
Mumbai,2026-09-13 07:00:00,11.7,25.5,331.0,6.6,3.6,40.0,59,2026-09-13
Mumbai,2026-09-13 08:00:00,10.6,21.8,392.0,6.5,3.7,42.0,58,2026-09-13
Mumbai,2026-09-13 09:00:00,9.8,19.3,360.0,5.9,3.8,47.0,58,2026-09-13
Mumbai,2026-09-13 10:00:00,9.6,18.0,280.0,5.0,3.9,54.0,58,2026-09-13
Mumbai,2026-09-13 11:00:00,9.7,17.9,213.0,4.5,4.0,60.0,58,2026-09-13
Mumbai,2026-09-13 12:00:00,10.4,19.3,176.0,4.5,4.0,63.0,58,2026-09-13
Mumbai,2026-09-13 13:00:00,10.8,20.3,151.0,4.8,4.0,64.0,58,2026-09-13
Mumbai,2026-09-13 14:00:00,11.4,21.2,145.0,5.3,4.1,64.0,57,2026-09-13
Mumbai,2026-09-13 15:00:00,11.3,20.7,167.0,6.0,4.3,62.0,57,2026-09-13
Mumbai,2026-09-13 16:00:00,10.6,19.4,207.0,6.8,4.6,59.0,57,2026-09-13
Mumbai,2026-09-13 17:00:00,13.9,25.9,242.0,6.9,4.9,66.0,57,2026-09-13
Mumbai,2026-09-13 18:00:00,14.6,26.4,267.0,8.0,5.7,63.0,57,2026-09-13
Mumbai,2026-09-13 19:00:00,14.1,25.7,287.0,9.6,6.9,60.0,58,2026-09-13
Mumbai,2026-09-13 20:00:00,14.3,24.9,297.0,10.5,7.7,57.0,58,2026-09-13
Mumbai,2026-09-13 21:00:00,13.0,22.8,295.0,10.2,7.9,57.0,58,2026-09-13
Mumbai,2026-09-13 22:00:00,12.1,21.1,284.0,9.3,7.6,58.0,58,2026-09-13
Mumbai,2026-09-13 23:00:00,11.3,19.4,263.0,8.3,7.2,58.0,57,2026-09-13
Bengaluru,2026-08-15 00:00:00,6.6,8.3,209.0,15.1,4.6,33.0,36,2026-08-15
Bengaluru,2026-08-15 01:00:00,5.1,7.0,173.0,11.3,3.9,35.0,36,2026-08-15
Bengaluru,2026-08-15 02:00:00,4.3,6.3,148.0,8.5,3.5,36.0,35,2026-08-15
Bengaluru,2026-08-15 03:00:00,3.9,6.1,135.0,7.2,3.4,36.0,34,2026-08-15
Bengaluru,2026-08-15 04:00:00,3.9,6.5,134.0,6.9,3.6,36.0,33,2026-08-15
Bengaluru,2026-08-15 05:00:00,4.5,7.7,151.0,7.6,3.8,35.0,33,2026-08-15
Bengaluru,2026-08-15 06:00:00,4.9,8.3,204.0,8.2,3.9,35.0,33,2026-08-15
Bengaluru,2026-08-15 07:00:00,5.8,9.7,275.0,8.9,4.0,36.0,33,2026-08-15
Bengaluru,2026-08-15 08:00:00,5.7,10.1,317.0,9.0,4.0,38.0,34,2026-08-15
Bengaluru,2026-08-15 09:00:00,6.3,11.0,300.0,7.7,3.7,44.0,34,2026-08-15
Bengaluru,2026-08-15 10:00:00,7.1,13.7,253.0,5.7,3.1,51.0,34,2026-08-15
Bengaluru,2026-08-15 11:00:00,8.1,16.6,217.0,4.2,2.7,58.0,35,2026-08-15
Bengaluru,2026-08-15 12:00:00,9.3,19.7,203.0,3.4,2.4,64.0,36,2026-08-15
Bengaluru,2026-08-15 13:00:00,7.4,14.5,199.0,3.1,2.2,70.0,37,2026-08-15
Bengaluru,2026-08-15 14:00:00,6.3,11.5,208.0,3.4,2.1,73.0,38,2026-08-15
Bengaluru,2026-08-15 15:00:00,5.7,10.2,238.0,4.6,2.0,72.0,38,2026-08-15
Bengaluru,2026-08-15 16:00:00,5.7,10.0,281.0,6.4,2.1,67.0,38,2026-08-15
Bengaluru,2026-08-15 17:00:00,7.2,12.5,317.0,8.8,2.3,62.0,38,2026-08-15
Bengaluru,2026-08-15 18:00:00,9.8,14.6,342.0,12.8,3.2,56.0,38,2026-08-15
Bengaluru,2026-08-15 19:00:00,11.3,15.8,360.0,18.2,4.3,48.0,38,2026-08-15
Bengaluru,2026-08-15 20:00:00,11.0,15.1,362.0,21.5,5.1,41.0,38,2026-08-15
Bengaluru,2026-08-15 21:00:00,10.2,13.8,340.0,20.7,5.2,38.0,39,2026-08-15
Bengaluru,2026-08-15 22:00:00,9.7,13.1,303.0,17.7,4.9,37.0,39,2026-08-15
Bengaluru,2026-08-15 23:00:00,8.5,11.5,264.0,14.8,4.5,37.0,39,2026-08-15
Bengaluru,2026-08-16 00:00:00,7.1,9.7,224.0,12.5,4.1,37.0,39,2026-08-16
Bengaluru,2026-08-16 01:00:00,6.0,8.3,182.0,10.2,3.6,37.0,39,2026-08-16
Bengaluru,2026-08-16 02:00:00,5.2,7.5,155.0,8.4,3.3,37.0,39,2026-08-16
Bengaluru,2026-08-16 03:00:00,4.7,7.0,151.0,7.4,3.2,37.0,39,2026-08-16
Bengaluru,2026-08-16 04:00:00,4.4,6.8,160.0,7.0,3.3,36.0,40,2026-08-16
Bengaluru,2026-08-16 05:00:00,3.9,5.6,174.0,7.2,3.5,36.0,40,2026-08-16
Bengaluru,2026-08-16 06:00:00,3.8,5.4,194.0,7.0,3.7,37.0,40,2026-08-16
Bengaluru,2026-08-16 07:00:00,4.2,6.2,218.0,6.8,3.9,38.0,39,2026-08-16
Bengaluru,2026-08-16 08:00:00,4.5,7.1,229.0,6.2,3.9,41.0,39,2026-08-16
Bengaluru,2026-08-16 09:00:00,4.9,8.5,214.0,5.0,3.7,48.0,39,2026-08-16
Bengaluru,2026-08-16 10:00:00,5.4,10.0,186.0,3.6,3.3,57.0,38,2026-08-16
Bengaluru,2026-08-16 11:00:00,5.9,11.0,166.0,2.5,2.9,65.0,38,2026-08-16
Bengaluru,2026-08-16 12:00:00,5.6,10.7,161.0,2.0,2.5,70.0,38,2026-08-16
Bengaluru,2026-08-16 13:00:00,5.3,9.9,163.0,1.8,2.2,72.0,37,2026-08-16
Bengaluru,2026-08-16 14:00:00,5.0,9.0,171.0,2.2,2.0,73.0,36,2026-08-16
Bengaluru,2026-08-16 15:00:00,5.0,8.8,187.0,3.2,2.1,71.0,36,2026-08-16
Bengaluru,2026-08-16 16:00:00,6.3,10.8,208.0,4.7,2.3,66.0,36,2026-08-16
Bengaluru,2026-08-16 17:00:00,9.5,17.8,224.0,7.6,2.6,60.0,36,2026-08-16
Bengaluru,2026-08-16 18:00:00,11.9,19.8,230.0,11.1,3.6,54.0,36,2026-08-16
Bengaluru,2026-08-16 19:00:00,14.2,21.8,231.0,15.8,5.0,45.0,37,2026-08-16
Bengaluru,2026-08-16 20:00:00,14.8,21.8,229.0,18.5,5.9,39.0,38,2026-08-16
Bengaluru,2026-08-16 21:00:00,13.9,20.3,226.0,17.3,5.9,38.0,38,2026-08-16
Bengaluru,2026-08-16 22:00:00,12.8,18.6,219.0,14.2,5.3,40.0,39,2026-08-16
Bengaluru,2026-08-16 23:00:00,11.1,16.2,208.0,11.4,4.8,41.0,40,2026-08-16
Bengaluru,2026-08-17 00:00:00,9.1,13.6,185.0,9.8,4.4,41.0,41,2026-08-17
Bengaluru,2026-08-17 01:00:00,7.8,11.8,157.0,8.5,4.0,40.0,41,2026-08-17
Bengaluru,2026-08-17 02:00:00,6.8,10.3,140.0,7.5,3.8,39.0,41,2026-08-17
Bengaluru,2026-08-17 03:00:00,5.9,8.9,137.0,6.8,3.8,38.0,42,2026-08-17
Bengaluru,2026-08-17 04:00:00,5.2,7.7,145.0,6.4,3.8,37.0,42,2026-08-17
Bengaluru,2026-08-17 05:00:00,5.4,8.7,166.0,6.2,3.9,38.0,42,2026-08-17
Bengaluru,2026-08-17 06:00:00,4.9,7.5,218.0,7.5,4.2,37.0,43,2026-08-17
Bengaluru,2026-08-17 07:00:00,5.0,8.1,283.0,9.1,4.7,35.0,43,2026-08-17
Bengaluru,2026-08-17 08:00:00,6.2,10.0,318.0,9.7,4.8,37.0,43,2026-08-17
Bengaluru,2026-08-17 09:00:00,6.8,12.6,292.0,8.2,4.3,45.0,43,2026-08-17
Bengaluru,2026-08-17 10:00:00,8.3,18.1,236.0,5.6,3.6,56.0,44,2026-08-17
Bengaluru,2026-08-17 11:00:00,9.4,21.2,195.0,3.7,3.0,65.0,45,2026-08-17
Bengaluru,2026-08-17 12:00:00,9.7,21.7,186.0,2.9,2.7,71.0,45,2026-08-17
Bengaluru,2026-08-17 13:00:00,9.2,19.6,192.0,2.9,2.6,76.0,46,2026-08-17
Bengaluru,2026-08-17 14:00:00,8.7,17.3,208.0,3.9,2.6,77.0,47,2026-08-17
Bengaluru,2026-08-17 15:00:00,8.8,17.1,234.0,6.6,2.6,74.0,48,2026-08-17
Bengaluru,2026-08-17 16:00:00,8.7,16.8,270.0,10.3,2.7,68.0,49,2026-08-17
Bengaluru,2026-08-17 17:00:00,10.3,18.3,304.0,14.0,3.2,59.0,50,2026-08-17
Bengaluru,2026-08-17 18:00:00,11.5,18.2,341.0,17.4,4.2,53.0,50,2026-08-17
Bengaluru,2026-08-17 19:00:00,12.7,18.6,378.0,21.8,5.5,44.0,50,2026-08-17
Bengaluru,2026-08-17 20:00:00,13.3,18.7,392.0,24.3,6.3,37.0,49,2026-08-17
Bengaluru,2026-08-17 21:00:00,12.3,16.9,370.0,22.9,6.2,35.0,49,2026-08-17
Bengaluru,2026-08-17 22:00:00,10.9,14.5,327.0,19.4,5.6,36.0,49,2026-08-17
Bengaluru,2026-08-17 23:00:00,9.1,12.0,283.0,16.2,5.1,36.0,48,2026-08-17
Bengaluru,2026-08-18 00:00:00,7.5,10.2,242.0,14.1,4.8,36.0,48,2026-08-18
Bengaluru,2026-08-18 01:00:00,6.9,9.9,200.0,12.2,4.5,36.0,47,2026-08-18
Bengaluru,2026-08-18 02:00:00,6.8,10.5,171.0,10.9,4.3,35.0,47,2026-08-18
Bengaluru,2026-08-18 03:00:00,7.1,11.8,157.0,10.3,4.4,33.0,47,2026-08-18
Bengaluru,2026-08-18 04:00:00,7.6,13.2,154.0,10.2,4.5,32.0,47,2026-08-18
Bengaluru,2026-08-18 05:00:00,7.6,14.1,169.0,8.9,4.2,33.0,48,2026-08-18
Bengaluru,2026-08-18 06:00:00,7.8,14.1,217.0,9.1,4.2,33.0,48,2026-08-18
Bengaluru,2026-08-18 07:00:00,8.3,14.2,283.0,9.2,4.1,34.0,49,2026-08-18
Bengaluru,2026-08-18 08:00:00,7.1,12.2,320.0,8.8,4.0,37.0,50,2026-08-18
Bengaluru,2026-08-18 09:00:00,7.3,12.0,300.0,7.2,3.8,45.0,50,2026-08-18
Bengaluru,2026-08-18 10:00:00,6.9,12.7,251.0,5.0,3.4,56.0,50,2026-08-18
Bengaluru,2026-08-18 11:00:00,7.2,13.1,216.0,3.4,3.1,65.0,50,2026-08-18
Bengaluru,2026-08-18 12:00:00,8.0,14.8,204.0,2.5,2.7,72.0,49,2026-08-18
Bengaluru,2026-08-18 13:00:00,8.4,15.9,205.0,2.3,2.3,77.0,49,2026-08-18
Bengaluru,2026-08-18 14:00:00,8.6,16.9,229.0,3.1,2.2,78.0,49,2026-08-18
Bengaluru,2026-08-18 15:00:00,9.5,19.9,294.0,5.5,2.5,74.0,49,2026-08-18
Bengaluru,2026-08-18 16:00:00,9.7,18.3,383.0,9.0,3.0,65.0,49,2026-08-18
Bengaluru,2026-08-18 17:00:00,13.4,22.5,452.0,19.1,3.5,50.0,49,2026-08-18
Bengaluru,2026-08-18 18:00:00,15.7,22.8,489.0,22.4,4.5,45.0,50,2026-08-18
Bengaluru,2026-08-18 19:00:00,15.4,21.4,508.0,26.8,5.8,38.0,50,2026-08-18
Bengaluru,2026-08-18 20:00:00,14.6,19.9,500.0,29.1,6.7,33.0,51,2026-08-18
Bengaluru,2026-08-18 21:00:00,13.5,18.0,455.0,27.7,6.8,32.0,51,2026-08-18
Bengaluru,2026-08-18 22:00:00,12.5,16.3,384.0,24.3,6.4,32.0,51,2026-08-18
Bengaluru,2026-08-18 23:00:00,11.1,14.6,318.0,20.8,5.9,32.0,51,2026-08-18
Bengaluru,2026-08-19 00:00:00,9.2,12.2,263.0,17.4,5.4,31.0,51,2026-08-19
Bengaluru,2026-08-19 01:00:00,7.7,10.3,213.0,13.9,4.7,31.0,51,2026-08-19
Bengaluru,2026-08-19 02:00:00,6.6,8.8,178.0,11.2,4.3,30.0,51,2026-08-19
Bengaluru,2026-08-19 03:00:00,5.7,7.5,160.0,9.9,4.3,29.0,51,2026-08-19
Bengaluru,2026-08-19 04:00:00,5.2,6.8,157.0,9.4,4.4,27.0,51,2026-08-19
Bengaluru,2026-08-19 05:00:00,4.5,6.1,175.0,8.5,4.3,27.0,51,2026-08-19
Bengaluru,2026-08-19 06:00:00,4.8,6.7,237.0,8.6,4.3,27.0,51,2026-08-19
Bengaluru,2026-08-19 07:00:00,5.8,8.5,320.0,8.7,4.2,28.0,50,2026-08-19
Bengaluru,2026-08-19 08:00:00,5.9,9.4,365.0,8.3,4.1,32.0,50,2026-08-19
Bengaluru,2026-08-19 09:00:00,5.8,10.0,335.0,6.9,3.8,41.0,50,2026-08-19
Bengaluru,2026-08-19 10:00:00,5.7,9.6,268.0,5.0,3.4,53.0,50,2026-08-19
Bengaluru,2026-08-19 11:00:00,5.4,9.4,217.0,3.6,3.0,62.0,50,2026-08-19
Bengaluru,2026-08-19 12:00:00,5.7,10.6,191.0,2.5,2.7,68.0,49,2026-08-19
Bengaluru,2026-08-19 13:00:00,6.5,13.3,181.0,1.9,2.4,71.0,49,2026-08-19
Bengaluru,2026-08-19 14:00:00,7.6,16.2,219.0,3.3,2.3,70.0,48,2026-08-19
Bengaluru,2026-08-19 15:00:00,8.6,18.5,356.0,8.3,2.6,62.0,48,2026-08-19
Bengaluru,2026-08-19 16:00:00,9.0,16.5,541.0,15.3,3.2,49.0,48,2026-08-19
Bengaluru,2026-08-19 17:00:00,11.6,18.7,651.0,18.1,3.7,44.0,48,2026-08-19
Bengaluru,2026-08-19 18:00:00,15.7,26.7,612.0,19.3,4.2,40.0,47,2026-08-19
Bengaluru,2026-08-19 19:00:00,17.2,30.4,498.0,20.9,5.0,34.0,47,2026-08-19
Bengaluru,2026-08-19 20:00:00,15.5,25.8,405.0,21.4,5.4,30.0,48,2026-08-19
Bengaluru,2026-08-19 21:00:00,14.3,24.3,377.0,19.7,5.3,28.0,48,2026-08-19
Bengaluru,2026-08-19 22:00:00,13.5,22.8,371.0,16.9,4.9,28.0,48,2026-08-19
Bengaluru,2026-08-19 23:00:00,9.9,14.9,349.0,14.3,4.6,28.0,48,2026-08-19
Bengaluru,2026-08-20 00:00:00,6.9,9.5,287.0,12.4,4.4,27.0,48,2026-08-20
Bengaluru,2026-08-20 01:00:00,5.3,7.1,211.0,10.7,4.1,27.0,47,2026-08-20
Bengaluru,2026-08-20 02:00:00,4.6,6.2,158.0,9.4,4.0,26.0,47,2026-08-20
Bengaluru,2026-08-20 03:00:00,4.7,7.1,145.0,8.4,4.0,26.0,46,2026-08-20
Bengaluru,2026-08-20 04:00:00,4.5,7.2,157.0,7.7,4.0,26.0,46,2026-08-20
Bengaluru,2026-08-20 05:00:00,4.2,6.7,182.0,7.1,4.0,27.0,46,2026-08-20
Bengaluru,2026-08-20 06:00:00,4.7,7.6,232.0,7.6,4.0,27.0,46,2026-08-20
Bengaluru,2026-08-20 07:00:00,5.6,8.9,296.0,8.3,3.9,28.0,46,2026-08-20
Bengaluru,2026-08-20 08:00:00,5.7,10.2,331.0,8.2,3.8,32.0,46,2026-08-20
Bengaluru,2026-08-20 09:00:00,7.1,14.4,306.0,6.7,3.5,41.0,46,2026-08-20
Bengaluru,2026-08-20 10:00:00,7.8,16.8,252.0,4.5,3.1,52.0,46,2026-08-20
Bengaluru,2026-08-20 11:00:00,8.4,19.5,213.0,3.0,2.8,61.0,47,2026-08-20
Bengaluru,2026-08-20 12:00:00,12.6,33.4,195.0,2.4,2.5,64.0,47,2026-08-20
Bengaluru,2026-08-20 13:00:00,9.1,22.8,193.0,2.6,2.1,65.0,49,2026-08-20
Bengaluru,2026-08-20 14:00:00,9.4,24.1,235.0,4.1,2.1,63.0,50,2026-08-20
Bengaluru,2026-08-20 15:00:00,9.9,25.3,354.0,8.0,2.5,58.0,50,2026-08-20
Bengaluru,2026-08-20 16:00:00,11.3,25.0,517.0,13.3,3.1,51.0,50,2026-08-20
Bengaluru,2026-08-20 17:00:00,7.9,11.1,652.0,16.9,3.5,50.0,50,2026-08-20
Bengaluru,2026-08-20 18:00:00,10.4,14.5,752.0,20.2,4.3,45.0,50,2026-08-20
Bengaluru,2026-08-20 19:00:00,11.7,15.5,825.0,24.7,5.4,37.0,49,2026-08-20
Bengaluru,2026-08-20 20:00:00,11.2,15.3,822.0,26.8,6.1,32.0,47,2026-08-20
Bengaluru,2026-08-20 21:00:00,10.0,13.5,689.0,24.6,6.0,31.0,46,2026-08-20
Bengaluru,2026-08-20 22:00:00,9.4,12.3,480.0,20.1,5.4,33.0,45,2026-08-20
Bengaluru,2026-08-20 23:00:00,8.6,11.1,313.0,16.1,4.9,34.0,45,2026-08-20
Bengaluru,2026-08-21 00:00:00,7.4,9.6,234.0,13.3,4.4,34.0,44,2026-08-21
Bengaluru,2026-08-21 01:00:00,6.5,8.6,197.0,10.9,4.0,34.0,44,2026-08-21
Bengaluru,2026-08-21 02:00:00,6.0,8.0,174.0,9.2,3.7,33.0,45,2026-08-21
Bengaluru,2026-08-21 03:00:00,5.8,8.0,157.0,8.3,3.7,32.0,45,2026-08-21
Bengaluru,2026-08-21 04:00:00,5.7,8.0,155.0,8.0,3.9,30.0,45,2026-08-21
Bengaluru,2026-08-21 05:00:00,6.0,8.3,170.0,8.6,4.2,28.0,45,2026-08-21
Bengaluru,2026-08-21 06:00:00,6.4,9.0,219.0,8.4,4.2,29.0,46,2026-08-21
Bengaluru,2026-08-21 07:00:00,7.3,10.7,285.0,8.1,4.2,31.0,46,2026-08-21
Bengaluru,2026-08-21 08:00:00,7.7,11.7,325.0,7.5,4.1,35.0,47,2026-08-21
Bengaluru,2026-08-21 09:00:00,8.4,13.8,311.0,6.4,3.8,43.0,47,2026-08-21
Bengaluru,2026-08-21 10:00:00,8.9,16.6,269.0,5.1,3.4,53.0,47,2026-08-21
Bengaluru,2026-08-21 11:00:00,9.4,18.2,237.0,4.1,3.0,62.0,48,2026-08-21
Bengaluru,2026-08-21 12:00:00,11.5,25.4,223.0,3.1,2.7,69.0,48,2026-08-21
Bengaluru,2026-08-21 13:00:00,11.6,27.1,218.0,2.3,2.4,76.0,48,2026-08-21
Bengaluru,2026-08-21 14:00:00,10.8,24.8,232.0,3.1,2.3,78.0,48,2026-08-21
Bengaluru,2026-08-21 15:00:00,9.9,21.9,282.0,6.8,2.5,74.0,49,2026-08-21
Bengaluru,2026-08-21 16:00:00,9.5,18.9,352.0,12.1,2.9,66.0,49,2026-08-21
Bengaluru,2026-08-21 17:00:00,9.0,17.5,403.0,11.5,2.7,64.0,48,2026-08-21
Bengaluru,2026-08-21 18:00:00,12.8,18.0,422.0,15.4,3.6,58.0,48,2026-08-21
Bengaluru,2026-08-21 19:00:00,14.6,20.5,423.0,20.5,4.9,49.0,49,2026-08-21
Bengaluru,2026-08-21 20:00:00,13.8,19.5,408.0,23.3,5.7,42.0,50,2026-08-21
Bengaluru,2026-08-21 21:00:00,11.9,15.9,370.0,21.4,5.5,40.0,50,2026-08-21
Bengaluru,2026-08-21 22:00:00,10.7,13.8,316.0,17.0,4.9,40.0,50,2026-08-21
Bengaluru,2026-08-21 23:00:00,9.0,11.3,267.0,13.3,4.4,40.0,50,2026-08-21
Bengaluru,2026-08-22 00:00:00,7.8,9.9,227.0,11.4,4.3,38.0,50,2026-08-22
Bengaluru,2026-08-22 01:00:00,7.2,9.1,191.0,10.2,4.2,36.0,50,2026-08-22
Bengaluru,2026-08-22 02:00:00,6.8,8.6,167.0,9.3,4.2,34.0,50,2026-08-22
Bengaluru,2026-08-22 03:00:00,6.4,8.1,158.0,8.4,4.1,33.0,51,2026-08-22
Bengaluru,2026-08-22 04:00:00,6.1,7.7,161.0,7.7,4.0,32.0,51,2026-08-22
Bengaluru,2026-08-22 05:00:00,4.8,5.9,178.0,7.1,4.1,33.0,51,2026-08-22
Bengaluru,2026-08-22 06:00:00,4.3,5.0,222.0,7.9,4.1,32.0,50,2026-08-22
Bengaluru,2026-08-22 07:00:00,4.4,4.8,280.0,9.0,4.1,32.0,50,2026-08-22
Bengaluru,2026-08-22 08:00:00,3.4,3.7,314.0,9.2,4.0,34.0,50,2026-08-22
Bengaluru,2026-08-22 09:00:00,3.1,3.3,299.0,7.7,3.6,42.0,49,2026-08-22
Bengaluru,2026-08-22 10:00:00,2.9,3.1,260.0,5.3,3.0,53.0,48,2026-08-22
Bengaluru,2026-08-22 11:00:00,2.6,3.0,231.0,3.5,2.5,62.0,47,2026-08-22
Bengaluru,2026-08-22 12:00:00,2.8,3.4,221.0,2.5,2.1,67.0,45,2026-08-22
Bengaluru,2026-08-22 13:00:00,3.1,4.2,220.0,2.2,1.8,69.0,43,2026-08-22
Bengaluru,2026-08-22 14:00:00,3.9,6.0,240.0,3.5,1.8,69.0,41,2026-08-22
Bengaluru,2026-08-22 15:00:00,4.6,7.1,297.0,7.5,2.1,64.0,40,2026-08-22
Bengaluru,2026-08-22 16:00:00,5.7,7.6,374.0,13.1,2.7,56.0,38,2026-08-22
Bengaluru,2026-08-22 17:00:00,9.5,12.6,427.0,22.4,3.4,42.0,37,2026-08-22
Bengaluru,2026-08-22 18:00:00,12.5,15.4,437.0,24.1,4.1,39.0,38,2026-08-22
Bengaluru,2026-08-22 19:00:00,13.5,16.6,424.0,26.3,5.1,34.0,37,2026-08-22
Bengaluru,2026-08-22 20:00:00,11.4,14.4,402.0,26.6,5.6,31.0,37,2026-08-22
Bengaluru,2026-08-22 21:00:00,9.7,12.4,375.0,23.3,5.3,31.0,37,2026-08-22
Bengaluru,2026-08-22 22:00:00,8.6,11.3,339.0,18.2,4.7,32.0,36,2026-08-22
Bengaluru,2026-08-22 23:00:00,7.3,9.7,298.0,13.9,4.1,33.0,36,2026-08-22
Bengaluru,2026-08-23 00:00:00,6.5,8.8,246.0,11.6,3.9,33.0,35,2026-08-23
Bengaluru,2026-08-23 01:00:00,6.0,8.1,190.0,10.2,3.7,32.0,35,2026-08-23
Bengaluru,2026-08-23 02:00:00,5.5,7.6,150.0,9.0,3.6,31.0,35,2026-08-23
Bengaluru,2026-08-23 03:00:00,5.2,7.3,136.0,7.8,3.5,31.0,34,2026-08-23
Bengaluru,2026-08-23 04:00:00,4.7,6.8,138.0,6.8,3.3,32.0,34,2026-08-23
Bengaluru,2026-08-23 05:00:00,4.3,6.2,151.0,6.2,3.3,33.0,34,2026-08-23
Bengaluru,2026-08-23 06:00:00,4.4,5.8,184.0,6.8,3.5,32.0,34,2026-08-23
Bengaluru,2026-08-23 07:00:00,4.1,5.6,227.0,7.6,3.8,31.0,34,2026-08-23
Bengaluru,2026-08-23 08:00:00,4.5,5.8,251.0,7.6,3.9,33.0,34,2026-08-23
Bengaluru,2026-08-23 09:00:00,4.4,6.3,235.0,6.2,3.6,41.0,34,2026-08-23
Bengaluru,2026-08-23 10:00:00,4.6,7.1,198.0,4.0,3.0,51.0,34,2026-08-23
Bengaluru,2026-08-23 11:00:00,4.4,7.2,173.0,2.4,2.6,60.0,35,2026-08-23
Bengaluru,2026-08-23 12:00:00,4.3,7.3,165.0,1.6,2.3,66.0,35,2026-08-23
Bengaluru,2026-08-23 13:00:00,4.2,6.8,167.0,1.4,2.2,70.0,35,2026-08-23
Bengaluru,2026-08-23 14:00:00,4.3,7.0,193.0,2.2,2.2,70.0,36,2026-08-23
Bengaluru,2026-08-23 15:00:00,4.9,8.7,270.0,5.0,2.4,65.0,36,2026-08-23
Bengaluru,2026-08-23 16:00:00,6.2,10.1,370.0,8.8,2.8,56.0,36,2026-08-23
Bengaluru,2026-08-23 17:00:00,9.7,15.8,421.0,11.8,3.4,48.0,36,2026-08-23
Bengaluru,2026-08-23 18:00:00,9.6,13.8,376.0,13.1,3.9,44.0,36,2026-08-23
Bengaluru,2026-08-23 19:00:00,9.0,11.9,283.0,14.9,4.7,38.0,35,2026-08-23
Bengaluru,2026-08-23 20:00:00,8.8,11.3,210.0,15.7,5.1,34.0,34,2026-08-23
Bengaluru,2026-08-23 21:00:00,8.3,10.6,190.0,14.8,5.0,32.0,34,2026-08-23
Bengaluru,2026-08-23 22:00:00,7.4,9.5,190.0,12.9,4.7,31.0,33,2026-08-23
Bengaluru,2026-08-23 23:00:00,6.7,8.5,186.0,11.0,4.3,31.0,33,2026-08-23
Bengaluru,2026-08-24 00:00:00,5.8,7.7,166.0,9.3,4.0,31.0,33,2026-08-24
Bengaluru,2026-08-24 01:00:00,4.9,6.5,141.0,7.6,3.7,32.0,33,2026-08-24
Bengaluru,2026-08-24 02:00:00,4.2,5.6,124.0,6.3,3.5,32.0,32,2026-08-24
Bengaluru,2026-08-24 03:00:00,3.7,5.1,113.0,5.4,3.3,32.0,32,2026-08-24
Bengaluru,2026-08-24 04:00:00,3.3,4.5,109.0,4.9,3.3,32.0,32,2026-08-24
Bengaluru,2026-08-24 05:00:00,2.8,3.6,127.0,5.3,3.3,31.0,31,2026-08-24
Bengaluru,2026-08-24 06:00:00,3.1,3.9,191.0,6.2,3.5,30.0,31,2026-08-24
Bengaluru,2026-08-24 07:00:00,3.7,4.4,277.0,7.4,3.8,29.0,31,2026-08-24
Bengaluru,2026-08-24 08:00:00,3.3,4.1,327.0,7.8,3.8,31.0,31,2026-08-24
Bengaluru,2026-08-24 09:00:00,3.3,4.5,304.0,6.4,3.4,39.0,30,2026-08-24
Bengaluru,2026-08-24 10:00:00,3.8,6.5,245.0,4.1,2.8,50.0,30,2026-08-24
Bengaluru,2026-08-24 11:00:00,4.5,8.4,207.0,3.1,2.4,57.0,30,2026-08-24
Bengaluru,2026-08-24 12:00:00,5.3,10.8,209.0,4.2,2.6,57.0,30,2026-08-24
Bengaluru,2026-08-24 13:00:00,6.9,12.5,232.0,6.5,3.1,54.0,30,2026-08-24
Bengaluru,2026-08-24 14:00:00,7.7,12.5,277.0,9.3,3.4,50.0,31,2026-08-24
Bengaluru,2026-08-24 15:00:00,7.9,14.2,365.0,13.0,3.4,45.0,32,2026-08-24
Bengaluru,2026-08-24 16:00:00,8.7,15.6,475.0,17.2,3.2,40.0,32,2026-08-24
Bengaluru,2026-08-24 17:00:00,7.5,10.4,541.0,19.2,3.2,36.0,33,2026-08-24
Bengaluru,2026-08-24 18:00:00,8.6,10.7,527.0,20.4,3.9,33.0,32,2026-08-24
Bengaluru,2026-08-24 19:00:00,9.0,10.7,469.0,21.8,4.8,29.0,32,2026-08-24
Bengaluru,2026-08-24 20:00:00,8.0,9.3,411.0,21.9,5.4,26.0,32,2026-08-24
Bengaluru,2026-08-24 21:00:00,6.8,8.2,367.0,19.5,5.2,26.0,32,2026-08-24
Bengaluru,2026-08-24 22:00:00,5.8,6.9,324.0,15.8,4.7,28.0,32,2026-08-24
Bengaluru,2026-08-24 23:00:00,4.8,5.9,283.0,12.4,4.2,30.0,31,2026-08-24
Bengaluru,2026-08-25 00:00:00,3.9,5.1,243.0,9.9,3.8,31.0,31,2026-08-25
Bengaluru,2026-08-25 01:00:00,3.4,4.7,205.0,7.8,3.5,32.0,30,2026-08-25
Bengaluru,2026-08-25 02:00:00,3.0,4.1,178.0,6.4,3.4,33.0,30,2026-08-25
Bengaluru,2026-08-25 03:00:00,2.6,3.4,158.0,5.9,3.6,33.0,30,2026-08-25
Bengaluru,2026-08-25 04:00:00,2.4,2.9,149.0,6.1,3.9,32.0,30,2026-08-25
Bengaluru,2026-08-25 05:00:00,2.4,3.2,175.0,5.7,3.8,34.0,29,2026-08-25
Bengaluru,2026-08-25 06:00:00,2.9,3.6,276.0,7.2,4.1,32.0,29,2026-08-25
Bengaluru,2026-08-25 07:00:00,4.3,5.0,412.0,9.2,4.4,30.0,29,2026-08-25
Bengaluru,2026-08-25 08:00:00,4.1,4.8,487.0,9.9,4.5,31.0,29,2026-08-25
Bengaluru,2026-08-25 09:00:00,5.1,8.8,438.0,8.1,3.9,38.0,30,2026-08-25
Bengaluru,2026-08-25 10:00:00,4.8,8.6,328.0,5.0,3.0,49.0,30,2026-08-25
Bengaluru,2026-08-25 11:00:00,5.6,10.7,246.0,2.9,2.4,57.0,30,2026-08-25
Bengaluru,2026-08-25 12:00:00,4.6,8.6,223.0,2.7,2.2,59.0,30,2026-08-25
Bengaluru,2026-08-25 13:00:00,6.0,12.2,228.0,3.6,2.3,59.0,30,2026-08-25
Bengaluru,2026-08-25 14:00:00,4.8,8.1,253.0,4.7,2.4,58.0,30,2026-08-25
Bengaluru,2026-08-25 15:00:00,4.7,7.8,313.0,6.0,2.5,57.0,29,2026-08-25
Bengaluru,2026-08-25 16:00:00,5.0,8.0,394.0,7.7,2.6,55.0,29,2026-08-25
Bengaluru,2026-08-25 17:00:00,6.1,10.0,442.0,8.8,2.7,60.0,28,2026-08-25
Bengaluru,2026-08-25 18:00:00,6.9,9.9,428.0,10.7,3.3,54.0,27,2026-08-25
Bengaluru,2026-08-25 19:00:00,7.2,9.3,381.0,13.2,4.1,47.0,27,2026-08-25
Bengaluru,2026-08-25 20:00:00,6.4,7.8,338.0,14.8,4.6,40.0,27,2026-08-25
Bengaluru,2026-08-25 21:00:00,5.4,6.3,312.0,14.8,4.7,35.0,26,2026-08-25
Bengaluru,2026-08-25 22:00:00,4.9,5.5,289.0,13.8,4.5,32.0,26,2026-08-25
Bengaluru,2026-08-25 23:00:00,4.4,5.0,262.0,12.5,4.3,30.0,26,2026-08-25
Bengaluru,2026-08-26 00:00:00,3.7,4.5,223.0,10.8,4.1,30.0,26,2026-08-26
Bengaluru,2026-08-26 01:00:00,3.2,3.9,180.0,8.8,3.8,32.0,26,2026-08-26
Bengaluru,2026-08-26 02:00:00,2.8,3.7,152.0,7.2,3.6,33.0,26,2026-08-26
Bengaluru,2026-08-26 03:00:00,2.7,4.1,146.0,6.2,3.5,34.0,26,2026-08-26
Bengaluru,2026-08-26 04:00:00,3.2,5.7,155.0,5.6,3.4,35.0,26,2026-08-26
Bengaluru,2026-08-26 05:00:00,3.3,5.4,180.0,5.7,3.7,34.0,26,2026-08-26
Bengaluru,2026-08-26 06:00:00,4.7,8.3,238.0,6.8,3.8,34.0,26,2026-08-26
Bengaluru,2026-08-26 07:00:00,6.4,13.9,312.0,8.2,4.0,33.0,26,2026-08-26
Bengaluru,2026-08-26 08:00:00,8.7,20.7,354.0,8.7,4.0,36.0,27,2026-08-26
Bengaluru,2026-08-26 09:00:00,8.9,19.8,329.0,7.4,3.8,43.0,28,2026-08-26
Bengaluru,2026-08-26 10:00:00,12.0,29.9,272.0,5.3,3.5,53.0,29,2026-08-26
Bengaluru,2026-08-26 11:00:00,8.8,19.2,233.0,3.7,3.2,62.0,30,2026-08-26
Bengaluru,2026-08-26 12:00:00,8.0,16.8,229.0,3.0,2.8,68.0,31,2026-08-26
Bengaluru,2026-08-26 13:00:00,7.1,13.8,243.0,2.8,2.3,73.0,32,2026-08-26
Bengaluru,2026-08-26 14:00:00,8.6,20.4,275.0,3.8,2.2,75.0,32,2026-08-26
Bengaluru,2026-08-26 15:00:00,7.7,15.9,338.0,6.9,2.6,71.0,33,2026-08-26
Bengaluru,2026-08-26 16:00:00,8.4,13.3,419.0,11.1,3.3,65.0,34,2026-08-26
Bengaluru,2026-08-26 17:00:00,17.3,33.8,484.0,17.3,3.6,51.0,35,2026-08-26
Bengaluru,2026-08-26 18:00:00,16.3,26.9,527.0,18.9,4.2,48.0,37,2026-08-26
Bengaluru,2026-08-26 19:00:00,15.3,23.7,554.0,21.1,5.1,43.0,39,2026-08-26
Bengaluru,2026-08-26 20:00:00,14.2,21.4,542.0,21.7,5.6,40.0,41,2026-08-26
Bengaluru,2026-08-26 21:00:00,12.9,19.6,465.0,19.5,5.4,39.0,43,2026-08-26
Bengaluru,2026-08-26 22:00:00,10.8,16.5,350.0,15.8,4.8,40.0,45,2026-08-26
Bengaluru,2026-08-26 23:00:00,8.6,13.2,254.0,12.4,4.2,40.0,46,2026-08-26
Bengaluru,2026-08-27 00:00:00,6.9,11.1,200.0,9.9,3.8,40.0,47,2026-08-27
Bengaluru,2026-08-27 01:00:00,5.1,8.4,165.0,7.6,3.5,40.0,48,2026-08-27
Bengaluru,2026-08-27 02:00:00,4.3,7.2,144.0,6.1,3.3,40.0,48,2026-08-27
Bengaluru,2026-08-27 03:00:00,3.8,6.5,132.0,5.5,3.3,39.0,49,2026-08-27
Bengaluru,2026-08-27 04:00:00,3.4,5.8,133.0,5.5,3.4,37.0,49,2026-08-27
Bengaluru,2026-08-27 05:00:00,2.8,4.9,152.0,5.4,3.4,37.0,49,2026-08-27
Bengaluru,2026-08-27 06:00:00,3.9,6.7,208.0,6.1,3.5,37.0,49,2026-08-27
Bengaluru,2026-08-27 07:00:00,5.1,10.5,281.0,6.9,3.6,36.0,49,2026-08-27
Bengaluru,2026-08-27 08:00:00,6.8,16.8,324.0,7.3,3.6,38.0,48,2026-08-27
Bengaluru,2026-08-27 09:00:00,8.3,20.0,304.0,6.7,3.5,43.0,48,2026-08-27
Bengaluru,2026-08-27 10:00:00,9.1,23.1,253.0,5.6,3.3,49.0,48,2026-08-27
Bengaluru,2026-08-27 11:00:00,10.5,27.8,216.0,4.6,3.1,56.0,47,2026-08-27
Bengaluru,2026-08-27 12:00:00,12.3,32.0,204.0,3.6,2.8,64.0,48,2026-08-27
Bengaluru,2026-08-27 13:00:00,12.1,30.6,204.0,2.8,2.4,73.0,48,2026-08-27
Bengaluru,2026-08-27 14:00:00,11.1,26.9,228.0,3.2,2.2,78.0,50,2026-08-27
Bengaluru,2026-08-27 15:00:00,9.9,22.8,292.0,5.7,2.3,76.0,50,2026-08-27
Bengaluru,2026-08-27 16:00:00,9.3,18.8,379.0,9.3,2.6,69.0,50,2026-08-27
Bengaluru,2026-08-27 17:00:00,9.6,17.5,445.0,12.5,3.1,62.0,50,2026-08-27
Bengaluru,2026-08-27 18:00:00,11.5,18.2,476.0,15.0,3.8,56.0,49,2026-08-27
Bengaluru,2026-08-27 19:00:00,11.2,17.3,485.0,17.0,4.7,49.0,48,2026-08-27
Bengaluru,2026-08-27 20:00:00,10.0,15.2,472.0,17.9,5.2,44.0,47,2026-08-27
Bengaluru,2026-08-27 21:00:00,9.0,13.4,426.0,17.0,5.0,40.0,46,2026-08-27
Bengaluru,2026-08-27 22:00:00,7.9,12.0,357.0,15.0,4.5,38.0,45,2026-08-27
Bengaluru,2026-08-27 23:00:00,7.0,10.8,293.0,12.9,4.0,36.0,45,2026-08-27
Bengaluru,2026-08-28 00:00:00,6.1,9.9,238.0,10.9,3.7,35.0,44,2026-08-28
Bengaluru,2026-08-28 01:00:00,5.6,9.5,187.0,8.8,3.4,36.0,44,2026-08-28
Bengaluru,2026-08-28 02:00:00,5.3,9.3,153.0,7.2,3.3,36.0,44,2026-08-28
Bengaluru,2026-08-28 03:00:00,5.0,8.9,140.0,6.4,3.4,36.0,44,2026-08-28
Bengaluru,2026-08-28 04:00:00,4.7,8.3,144.0,6.1,3.5,35.0,45,2026-08-28
Bengaluru,2026-08-28 05:00:00,5.0,8.7,165.0,7.1,3.7,33.0,45,2026-08-28
Bengaluru,2026-08-28 06:00:00,5.1,8.2,221.0,7.5,3.7,33.0,45,2026-08-28
Bengaluru,2026-08-28 07:00:00,5.2,9.5,294.0,7.9,3.8,34.0,46,2026-08-28
Bengaluru,2026-08-28 08:00:00,6.4,13.7,334.0,7.8,3.7,37.0,46,2026-08-28
Bengaluru,2026-08-28 09:00:00,7.1,15.9,307.0,6.6,3.5,43.0,46,2026-08-28
Bengaluru,2026-08-28 10:00:00,7.8,18.3,247.0,4.8,3.2,52.0,45,2026-08-28
Bengaluru,2026-08-28 11:00:00,9.2,23.9,203.0,3.4,2.9,60.0,45,2026-08-28
Bengaluru,2026-08-28 12:00:00,9.3,25.0,187.0,2.2,2.5,68.0,45,2026-08-28
Bengaluru,2026-08-28 13:00:00,9.8,26.1,187.0,1.5,2.1,76.0,44,2026-08-28
Bengaluru,2026-08-28 14:00:00,9.5,24.8,219.0,2.7,2.0,78.0,44,2026-08-28
Bengaluru,2026-08-28 15:00:00,9.0,22.4,314.0,7.8,2.4,71.0,43,2026-08-28
Bengaluru,2026-08-28 16:00:00,9.1,19.0,441.0,14.9,3.1,59.0,43,2026-08-28
Bengaluru,2026-08-28 17:00:00,11.9,23.2,521.0,16.1,3.3,53.0,43,2026-08-28
Bengaluru,2026-08-28 18:00:00,11.6,21.2,513.0,17.4,4.0,50.0,43,2026-08-28
Bengaluru,2026-08-28 19:00:00,12.1,19.0,457.0,19.2,4.9,45.0,43,2026-08-28
Bengaluru,2026-08-28 20:00:00,11.0,16.5,400.0,19.8,5.4,41.0,44,2026-08-28
Bengaluru,2026-08-28 21:00:00,9.6,13.9,355.0,18.3,5.2,39.0,44,2026-08-28
Bengaluru,2026-08-28 22:00:00,8.3,11.6,309.0,15.7,4.6,37.0,44,2026-08-28
Bengaluru,2026-08-28 23:00:00,6.8,9.3,265.0,13.2,4.1,36.0,44,2026-08-28
Bengaluru,2026-08-29 00:00:00,5.4,7.6,223.0,11.0,3.8,35.0,44,2026-08-29
Bengaluru,2026-08-29 01:00:00,4.5,6.8,184.0,9.0,3.6,35.0,44,2026-08-29
Bengaluru,2026-08-29 02:00:00,4.1,6.8,157.0,7.5,3.4,35.0,44,2026-08-29
Bengaluru,2026-08-29 03:00:00,4.0,7.2,143.0,6.9,3.4,34.0,43,2026-08-29
Bengaluru,2026-08-29 04:00:00,4.0,8.1,140.0,6.8,3.5,33.0,43,2026-08-29
Bengaluru,2026-08-29 05:00:00,3.6,5.7,156.0,6.4,3.4,33.0,43,2026-08-29
Bengaluru,2026-08-29 06:00:00,4.4,7.5,209.0,7.3,3.5,32.0,43,2026-08-29
Bengaluru,2026-08-29 07:00:00,5.2,8.4,280.0,8.4,3.6,32.0,43,2026-08-29
Bengaluru,2026-08-29 08:00:00,5.2,8.4,320.0,8.6,3.6,34.0,43,2026-08-29
Bengaluru,2026-08-29 09:00:00,5.4,9.7,297.0,7.0,3.2,42.0,42,2026-08-29
Bengaluru,2026-08-29 10:00:00,5.7,12.0,243.0,4.5,2.7,52.0,42,2026-08-29
Bengaluru,2026-08-29 11:00:00,5.7,12.5,203.0,2.7,2.2,61.0,41,2026-08-29
Bengaluru,2026-08-29 12:00:00,6.0,13.1,186.0,1.9,1.9,67.0,41,2026-08-29
Bengaluru,2026-08-29 13:00:00,6.4,14.2,183.0,1.7,1.8,72.0,40,2026-08-29
Bengaluru,2026-08-29 14:00:00,7.4,17.5,216.0,2.5,1.8,74.0,39,2026-08-29
Bengaluru,2026-08-29 15:00:00,8.1,18.6,325.0,4.9,2.0,71.0,39,2026-08-29
Bengaluru,2026-08-29 16:00:00,8.5,16.5,471.0,8.3,2.3,64.0,38,2026-08-29
Bengaluru,2026-08-29 17:00:00,11.1,23.3,555.0,10.5,2.6,58.0,38,2026-08-29
Bengaluru,2026-08-29 18:00:00,11.5,21.4,518.0,11.9,3.1,54.0,38,2026-08-29
Bengaluru,2026-08-29 19:00:00,12.2,21.5,420.0,13.8,3.7,47.0,38,2026-08-29
Bengaluru,2026-08-29 20:00:00,12.3,21.1,339.0,15.0,4.1,42.0,38,2026-08-29
Bengaluru,2026-08-29 21:00:00,11.8,19.3,309.0,14.8,4.1,38.0,38,2026-08-29
Bengaluru,2026-08-29 22:00:00,10.9,16.9,296.0,13.8,3.8,36.0,39,2026-08-29
Bengaluru,2026-08-29 23:00:00,9.0,13.7,276.0,12.6,3.6,34.0,39,2026-08-29
Bengaluru,2026-08-30 00:00:00,7.5,11.4,232.0,11.0,3.4,33.0,40,2026-08-30
Bengaluru,2026-08-30 01:00:00,6.6,10.3,181.0,9.0,3.2,33.0,40,2026-08-30
Bengaluru,2026-08-30 02:00:00,6.0,9.4,146.0,7.6,3.1,33.0,41,2026-08-30
Bengaluru,2026-08-30 03:00:00,5.4,8.7,136.0,7.1,3.2,32.0,41,2026-08-30
Bengaluru,2026-08-30 04:00:00,5.0,7.9,142.0,7.2,3.3,30.0,42,2026-08-30
Bengaluru,2026-08-30 05:00:00,4.5,6.6,157.0,6.5,3.3,31.0,42,2026-08-30
Bengaluru,2026-08-30 06:00:00,4.8,6.9,187.0,6.3,3.4,32.0,42,2026-08-30
Bengaluru,2026-08-30 07:00:00,5.1,7.3,226.0,6.0,3.6,34.0,42,2026-08-30
Bengaluru,2026-08-30 08:00:00,5.0,7.8,246.0,5.4,3.6,38.0,42,2026-08-30
Bengaluru,2026-08-30 09:00:00,4.9,7.9,230.0,4.3,3.3,45.0,42,2026-08-30
Bengaluru,2026-08-30 10:00:00,4.9,7.9,196.0,3.0,2.7,54.0,42,2026-08-30
Bengaluru,2026-08-30 11:00:00,4.9,8.0,170.0,2.0,2.3,61.0,42,2026-08-30
Bengaluru,2026-08-30 12:00:00,4.9,8.3,162.0,1.4,2.0,66.0,42,2026-08-30
Bengaluru,2026-08-30 13:00:00,5.1,8.7,162.0,1.2,1.9,70.0,41,2026-08-30
Bengaluru,2026-08-30 14:00:00,4.9,8.0,170.0,2.0,1.9,70.0,41,2026-08-30
Bengaluru,2026-08-30 15:00:00,5.0,7.9,191.0,4.7,2.2,64.0,40,2026-08-30
Bengaluru,2026-08-30 16:00:00,4.8,7.5,220.0,8.3,2.6,55.0,40,2026-08-30
Bengaluru,2026-08-30 17:00:00,7.7,11.8,242.0,9.8,2.7,50.0,39,2026-08-30
Bengaluru,2026-08-30 18:00:00,8.1,10.9,251.0,11.0,3.4,46.0,38,2026-08-30
Bengaluru,2026-08-30 19:00:00,8.7,11.1,254.0,12.5,4.3,41.0,37,2026-08-30
Bengaluru,2026-08-30 20:00:00,8.8,11.1,251.0,13.1,4.8,37.0,37,2026-08-30
Bengaluru,2026-08-30 21:00:00,8.0,10.2,244.0,12.0,4.6,35.0,36,2026-08-30
Bengaluru,2026-08-30 22:00:00,7.1,9.1,231.0,9.9,4.0,35.0,35,2026-08-30
Bengaluru,2026-08-30 23:00:00,5.6,7.1,214.0,8.1,3.5,35.0,34,2026-08-30
Bengaluru,2026-08-31 00:00:00,4.7,6.0,188.0,6.9,3.2,35.0,33,2026-08-31
Bengaluru,2026-08-31 01:00:00,4.1,5.4,157.0,5.9,3.0,34.0,33,2026-08-31
Bengaluru,2026-08-31 02:00:00,4.0,5.5,136.0,5.2,2.9,34.0,32,2026-08-31
Bengaluru,2026-08-31 03:00:00,3.5,4.8,127.0,4.7,2.9,34.0,31,2026-08-31
Bengaluru,2026-08-31 04:00:00,3.1,4.2,127.0,4.4,3.0,34.0,31,2026-08-31
Bengaluru,2026-08-31 05:00:00,2.5,3.2,143.0,4.2,2.9,35.0,31,2026-08-31
Bengaluru,2026-08-31 06:00:00,3.4,4.3,191.0,5.3,3.1,34.0,30,2026-08-31
Bengaluru,2026-08-31 07:00:00,4.2,5.5,255.0,6.8,3.4,34.0,30,2026-08-31
Bengaluru,2026-08-31 08:00:00,4.4,6.5,291.0,7.4,3.5,36.0,30,2026-08-31
Bengaluru,2026-08-31 09:00:00,4.4,6.4,272.0,6.4,3.3,42.0,29,2026-08-31
Bengaluru,2026-08-31 10:00:00,4.4,6.8,225.0,4.6,2.9,51.0,29,2026-08-31
Bengaluru,2026-08-31 11:00:00,4.6,7.3,192.0,3.2,2.6,58.0,29,2026-08-31
Bengaluru,2026-08-31 12:00:00,4.4,6.9,185.0,2.2,2.3,64.0,29,2026-08-31
Bengaluru,2026-08-31 13:00:00,4.0,6.3,191.0,1.7,2.1,70.0,29,2026-08-31
Bengaluru,2026-08-31 14:00:00,3.9,6.0,210.0,2.9,2.1,71.0,29,2026-08-31
Bengaluru,2026-08-31 15:00:00,4.3,7.0,248.0,7.2,2.4,65.0,29,2026-08-31
Bengaluru,2026-08-31 16:00:00,4.3,6.4,300.0,13.2,3.0,55.0,28,2026-08-31
Bengaluru,2026-08-31 17:00:00,7.2,11.1,351.0,10.4,2.8,60.0,28,2026-08-31
Bengaluru,2026-08-31 18:00:00,9.0,12.1,406.0,16.6,4.2,51.0,29,2026-08-31
Bengaluru,2026-08-31 19:00:00,11.6,14.8,461.0,25.0,6.1,37.0,29,2026-08-31
Bengaluru,2026-08-31 20:00:00,13.5,16.6,488.0,30.2,7.4,28.0,29,2026-08-31
Bengaluru,2026-08-31 21:00:00,14.5,17.5,473.0,29.6,7.5,26.0,30,2026-08-31
Bengaluru,2026-08-31 22:00:00,14.0,16.9,431.0,25.9,7.0,27.0,32,2026-08-31
Bengaluru,2026-08-31 23:00:00,11.9,14.8,380.0,21.8,6.3,28.0,33,2026-08-31
Bengaluru,2026-09-01 00:00:00,9.2,11.7,315.0,17.6,5.6,29.0,35,2026-09-01
Bengaluru,2026-09-01 01:00:00,7.3,9.2,242.0,12.9,4.7,31.0,36,2026-09-01
Bengaluru,2026-09-01 02:00:00,6.3,7.8,190.0,9.7,4.2,31.0,36,2026-09-01
Bengaluru,2026-09-01 03:00:00,5.6,6.8,172.0,9.0,4.2,29.0,37,2026-09-01
Bengaluru,2026-09-01 04:00:00,5.2,6.3,176.0,9.7,4.6,26.0,38,2026-09-01
Bengaluru,2026-09-01 05:00:00,4.4,5.3,198.0,9.2,4.6,27.0,38,2026-09-01
Bengaluru,2026-09-01 06:00:00,5.4,6.2,255.0,9.2,4.7,27.0,38,2026-09-01
Bengaluru,2026-09-01 07:00:00,5.2,6.1,330.0,9.0,4.7,28.0,39,2026-09-01
Bengaluru,2026-09-01 08:00:00,4.9,6.1,368.0,8.4,4.6,31.0,39,2026-09-01
Bengaluru,2026-09-01 09:00:00,4.7,6.4,331.0,6.8,4.1,40.0,39,2026-09-01
Bengaluru,2026-09-01 10:00:00,5.0,7.5,257.0,4.7,3.5,52.0,39,2026-09-01
Bengaluru,2026-09-01 11:00:00,5.2,7.9,204.0,3.2,3.0,62.0,39,2026-09-01
Bengaluru,2026-09-01 12:00:00,5.1,7.9,192.0,2.4,2.7,69.0,40,2026-09-01
Bengaluru,2026-09-01 13:00:00,4.9,7.5,202.0,2.1,2.5,74.0,40,2026-09-01
Bengaluru,2026-09-01 14:00:00,4.8,7.1,236.0,3.0,2.5,75.0,40,2026-09-01
Bengaluru,2026-09-01 15:00:00,4.6,6.7,308.0,5.7,2.6,71.0,40,2026-09-01
Bengaluru,2026-09-01 16:00:00,4.6,6.3,403.0,9.7,2.9,62.0,40,2026-09-01
Bengaluru,2026-09-01 17:00:00,4.2,4.6,486.0,14.7,3.4,54.0,40,2026-09-01
Bengaluru,2026-09-01 18:00:00,7.9,8.1,551.0,20.5,4.6,44.0,40,2026-09-01
Bengaluru,2026-09-01 19:00:00,9.3,9.5,603.0,28.4,6.3,31.0,39,2026-09-01
Bengaluru,2026-09-01 20:00:00,10.0,10.3,617.0,33.3,7.5,22.0,39,2026-09-01
Bengaluru,2026-09-01 21:00:00,10.5,10.9,571.0,32.8,7.6,20.0,38,2026-09-01
Bengaluru,2026-09-01 22:00:00,10.2,10.8,486.0,29.3,7.2,23.0,37,2026-09-01
Bengaluru,2026-09-01 23:00:00,9.4,10.2,402.0,25.5,6.7,25.0,36,2026-09-01
Bengaluru,2026-09-02 00:00:00,8.3,9.2,324.0,22.0,6.2,26.0,36,2026-09-02
Bengaluru,2026-09-02 01:00:00,7.5,8.5,246.0,18.1,5.5,28.0,35,2026-09-02
Bengaluru,2026-09-02 02:00:00,7.0,8.0,193.0,15.1,5.1,28.0,35,2026-09-02
Bengaluru,2026-09-02 03:00:00,6.5,7.6,174.0,13.5,5.0,27.0,36,2026-09-02
Bengaluru,2026-09-02 04:00:00,6.2,7.3,179.0,12.7,5.1,25.0,36,2026-09-02
Bengaluru,2026-09-02 05:00:00,5.7,6.7,200.0,11.3,5.1,26.0,36,2026-09-02
Bengaluru,2026-09-02 06:00:00,6.6,7.7,252.0,10.8,5.2,26.0,36,2026-09-02
Bengaluru,2026-09-02 07:00:00,6.8,8.3,321.0,10.1,5.3,28.0,37,2026-09-02
Bengaluru,2026-09-02 08:00:00,6.7,9.2,357.0,9.0,5.2,32.0,37,2026-09-02
Bengaluru,2026-09-02 09:00:00,7.0,10.9,328.0,7.1,4.5,43.0,37,2026-09-02
Bengaluru,2026-09-02 10:00:00,7.3,13.0,265.0,4.8,3.6,57.0,38,2026-09-02
Bengaluru,2026-09-02 11:00:00,7.6,14.3,219.0,3.2,2.9,68.0,38,2026-09-02
Bengaluru,2026-09-02 12:00:00,7.6,14.2,204.0,2.1,2.5,75.0,39,2026-09-02
Bengaluru,2026-09-02 13:00:00,7.3,13.6,205.0,1.7,2.3,80.0,40,2026-09-02
Bengaluru,2026-09-02 14:00:00,7.0,13.0,224.0,3.0,2.3,80.0,40,2026-09-02
Bengaluru,2026-09-02 15:00:00,6.9,12.4,267.0,7.1,2.6,74.0,41,2026-09-02
Bengaluru,2026-09-02 16:00:00,6.8,11.1,328.0,13.0,3.1,64.0,41,2026-09-02
Bengaluru,2026-09-02 17:00:00,9.7,16.6,391.0,15.2,3.1,57.0,42,2026-09-02
Bengaluru,2026-09-02 18:00:00,12.7,16.9,461.0,20.1,4.3,48.0,43,2026-09-02
Bengaluru,2026-09-02 19:00:00,12.0,15.2,532.0,26.8,5.9,35.0,44,2026-09-02
Bengaluru,2026-09-02 20:00:00,12.3,15.3,574.0,30.7,7.0,26.0,45,2026-09-02
Bengaluru,2026-09-02 21:00:00,12.0,15.1,573.0,29.4,7.0,23.0,45,2026-09-02
Bengaluru,2026-09-02 22:00:00,11.8,14.8,543.0,25.4,6.5,24.0,46,2026-09-02
Bengaluru,2026-09-02 23:00:00,10.5,13.4,492.0,21.2,5.9,25.0,46,2026-09-02
Bengaluru,2026-09-03 00:00:00,9.1,12.0,407.0,17.4,5.4,25.0,46,2026-09-03
Bengaluru,2026-09-03 01:00:00,8.1,11.0,301.0,13.6,4.8,25.0,46,2026-09-03
Bengaluru,2026-09-03 02:00:00,7.4,10.2,223.0,10.9,4.5,25.0,47,2026-09-03
Bengaluru,2026-09-03 03:00:00,6.9,9.7,189.0,10.4,4.6,23.0,47,2026-09-03
Bengaluru,2026-09-03 04:00:00,6.8,9.5,184.0,11.0,5.0,20.0,47,2026-09-03
Bengaluru,2026-09-03 05:00:00,6.3,8.8,202.0,10.0,4.9,21.0,47,2026-09-03
Bengaluru,2026-09-03 06:00:00,8.0,10.7,266.0,10.0,5.4,22.0,47,2026-09-03
Bengaluru,2026-09-03 07:00:00,7.9,11.0,355.0,10.0,6.0,24.0,47,2026-09-03
Bengaluru,2026-09-03 08:00:00,8.5,11.9,401.0,9.4,6.2,29.0,48,2026-09-03
Bengaluru,2026-09-03 09:00:00,8.5,13.6,360.0,7.6,5.4,39.0,48,2026-09-03
Bengaluru,2026-09-03 10:00:00,8.6,16.0,275.0,5.3,4.1,51.0,48,2026-09-03
Bengaluru,2026-09-03 11:00:00,8.7,16.9,212.0,3.6,3.1,61.0,49,2026-09-03
Bengaluru,2026-09-03 12:00:00,9.4,18.2,189.0,2.3,2.6,68.0,49,2026-09-03
Bengaluru,2026-09-03 13:00:00,7.8,15.0,188.0,1.7,2.5,72.0,49,2026-09-03
Bengaluru,2026-09-03 14:00:00,7.3,13.4,217.0,3.5,2.5,71.0,49,2026-09-03
Bengaluru,2026-09-03 15:00:00,6.9,12.1,293.0,9.7,2.7,62.0,50,2026-09-03
Bengaluru,2026-09-03 16:00:00,6.5,11.6,399.0,18.4,3.1,48.0,50,2026-09-03
Bengaluru,2026-09-03 17:00:00,10.2,14.3,491.0,22.6,3.4,44.0,49,2026-09-03
Bengaluru,2026-09-03 18:00:00,11.7,14.7,565.0,27.2,4.6,37.0,50,2026-09-03
Bengaluru,2026-09-03 19:00:00,13.5,16.2,625.0,33.3,6.3,28.0,49,2026-09-03
Bengaluru,2026-09-03 20:00:00,14.1,16.9,635.0,36.7,7.5,21.0,50,2026-09-03
Bengaluru,2026-09-03 21:00:00,14.1,16.9,560.0,35.2,7.6,20.0,50,2026-09-03
Bengaluru,2026-09-03 22:00:00,13.4,16.3,436.0,31.0,7.2,22.0,50,2026-09-03
Bengaluru,2026-09-03 23:00:00,12.1,14.8,329.0,26.6,6.7,24.0,50,2026-09-03
Bengaluru,2026-09-04 00:00:00,10.3,13.0,262.0,22.3,6.1,25.0,50,2026-09-04
Bengaluru,2026-09-04 01:00:00,9.1,11.6,214.0,17.8,5.5,27.0,51,2026-09-04
Bengaluru,2026-09-04 02:00:00,8.4,10.7,184.0,14.5,5.1,27.0,51,2026-09-04
Bengaluru,2026-09-04 03:00:00,7.9,10.3,175.0,13.6,5.2,25.0,51,2026-09-04
Bengaluru,2026-09-04 04:00:00,7.9,10.3,186.0,13.9,5.6,22.0,51,2026-09-04
Bengaluru,2026-09-04 05:00:00,6.1,7.9,210.0,10.1,5.0,24.0,51,2026-09-04
Bengaluru,2026-09-04 06:00:00,7.5,9.2,261.0,10.2,5.1,25.0,51,2026-09-04
Bengaluru,2026-09-04 07:00:00,7.4,9.2,325.0,10.2,5.3,26.0,51,2026-09-04
Bengaluru,2026-09-04 08:00:00,6.7,9.0,358.0,9.6,5.2,30.0,51,2026-09-04
Bengaluru,2026-09-04 09:00:00,6.4,8.9,329.0,7.7,4.6,40.0,51,2026-09-04
Bengaluru,2026-09-04 10:00:00,6.1,9.3,268.0,5.2,3.8,53.0,50,2026-09-04
Bengaluru,2026-09-04 11:00:00,5.8,9.3,222.0,3.4,3.1,64.0,50,2026-09-04
Bengaluru,2026-09-04 12:00:00,5.5,8.8,207.0,2.6,2.8,72.0,50,2026-09-04
Bengaluru,2026-09-04 13:00:00,5.3,8.2,208.0,2.4,2.6,77.0,49,2026-09-04
Bengaluru,2026-09-04 14:00:00,5.0,7.7,222.0,3.3,2.6,79.0,49,2026-09-04
Bengaluru,2026-09-04 15:00:00,4.8,7.2,238.0,5.0,2.6,76.0,48,2026-09-04
Bengaluru,2026-09-04 16:00:00,4.7,7.0,268.0,7.8,2.8,68.0,48,2026-09-04
Bengaluru,2026-09-04 17:00:00,8.2,10.5,347.0,21.6,3.6,43.0,47,2026-09-04
Bengaluru,2026-09-04 18:00:00,14.5,16.4,535.0,26.1,4.6,36.0,47,2026-09-04
Bengaluru,2026-09-04 19:00:00,16.5,18.2,772.0,32.3,6.0,26.0,47,2026-09-04
Bengaluru,2026-09-04 20:00:00,12.5,13.9,911.0,36.3,7.1,18.0,48,2026-09-04
Bengaluru,2026-09-04 21:00:00,13.4,14.7,870.0,36.4,7.5,15.0,48,2026-09-04
Bengaluru,2026-09-04 22:00:00,13.6,14.9,730.0,34.4,7.5,15.0,48,2026-09-04
Bengaluru,2026-09-04 23:00:00,12.0,13.3,588.0,31.6,7.4,16.0,48,2026-09-04
Bengaluru,2026-09-05 00:00:00,10.5,11.7,462.0,28.0,7.0,17.0,48,2026-09-05
Bengaluru,2026-09-05 01:00:00,9.8,11.2,335.0,23.7,6.4,19.0,48,2026-09-05
Bengaluru,2026-09-05 02:00:00,10.0,11.5,249.0,20.3,6.0,20.0,48,2026-09-05
Bengaluru,2026-09-05 03:00:00,10.1,11.8,227.0,18.9,6.2,19.0,48,2026-09-05
Bengaluru,2026-09-05 04:00:00,9.8,11.8,246.0,18.4,6.6,17.0,49,2026-09-05
Bengaluru,2026-09-05 05:00:00,10.5,12.9,280.0,18.0,7.0,21.0,49,2026-09-05
Bengaluru,2026-09-05 06:00:00,12.3,15.0,341.0,15.9,6.7,25.0,50,2026-09-05
Bengaluru,2026-09-05 07:00:00,11.9,15.1,417.0,12.9,6.3,32.0,50,2026-09-05
Bengaluru,2026-09-05 08:00:00,9.1,13.4,449.0,10.0,5.7,40.0,51,2026-09-05
Bengaluru,2026-09-05 09:00:00,8.8,13.9,393.0,7.4,4.9,52.0,51,2026-09-05
Bengaluru,2026-09-05 10:00:00,8.9,15.3,293.0,5.0,4.0,67.0,51,2026-09-05
Bengaluru,2026-09-05 11:00:00,8.9,15.9,219.0,3.3,3.3,78.0,51,2026-09-05
Bengaluru,2026-09-05 12:00:00,8.6,15.7,200.0,2.4,2.8,84.0,52,2026-09-05
Bengaluru,2026-09-05 13:00:00,8.0,14.6,206.0,2.3,2.5,87.0,52,2026-09-05
Bengaluru,2026-09-05 14:00:00,7.6,13.5,224.0,2.9,2.3,87.0,52,2026-09-05
Bengaluru,2026-09-05 15:00:00,7.2,12.7,233.0,3.6,2.2,86.0,52,2026-09-05
Bengaluru,2026-09-05 16:00:00,7.3,12.6,253.0,5.1,2.2,82.0,52,2026-09-05
Bengaluru,2026-09-05 17:00:00,5.1,6.2,326.0,12.7,2.9,69.0,53,2026-09-05
Bengaluru,2026-09-05 18:00:00,9.3,10.5,530.0,23.5,4.6,53.0,52,2026-09-05
Bengaluru,2026-09-05 19:00:00,14.1,15.4,787.0,38.1,7.0,30.0,52,2026-09-05
Bengaluru,2026-09-05 20:00:00,15.4,16.9,908.0,46.9,8.5,15.0,52,2026-09-05
Bengaluru,2026-09-05 21:00:00,15.5,17.3,763.0,44.5,8.4,13.0,52,2026-09-05
Bengaluru,2026-09-05 22:00:00,14.3,16.2,482.0,36.2,7.5,19.0,52,2026-09-05
Bengaluru,2026-09-05 23:00:00,12.2,14.3,263.0,28.5,6.6,24.0,52,2026-09-05
Bengaluru,2026-09-06 00:00:00,10.5,12.9,191.0,23.1,6.0,27.0,52,2026-09-06
Bengaluru,2026-09-06 01:00:00,9.9,12.6,181.0,18.2,5.4,30.0,52,2026-09-06
Bengaluru,2026-09-06 02:00:00,10.1,13.3,180.0,15.0,5.2,31.0,52,2026-09-06
Bengaluru,2026-09-06 03:00:00,10.9,14.5,169.0,14.8,5.6,28.0,52,2026-09-06
Bengaluru,2026-09-06 04:00:00,11.5,15.4,168.0,16.2,6.3,24.0,52,2026-09-06
Bengaluru,2026-09-06 05:00:00,15.4,21.7,179.0,16.8,6.6,21.0,53,2026-09-06
Bengaluru,2026-09-06 06:00:00,15.1,21.2,215.0,13.8,6.3,27.0,53,2026-09-06
Bengaluru,2026-09-06 07:00:00,13.2,21.1,264.0,9.7,5.8,36.0,53,2026-09-06
Bengaluru,2026-09-06 08:00:00,12.9,24.5,289.0,6.3,5.2,46.0,53,2026-09-06
Bengaluru,2026-09-06 09:00:00,15.1,31.0,266.0,4.3,4.5,58.0,54,2026-09-06
Bengaluru,2026-09-06 10:00:00,14.2,30.3,218.0,3.0,3.7,71.0,54,2026-09-06
Bengaluru,2026-09-06 11:00:00,13.3,28.6,183.0,2.2,3.1,81.0,54,2026-09-06
Bengaluru,2026-09-06 12:00:00,12.4,26.8,173.0,1.7,2.7,85.0,55,2026-09-06
Bengaluru,2026-09-06 13:00:00,12.4,26.7,175.0,1.7,2.4,85.0,55,2026-09-06
Bengaluru,2026-09-06 14:00:00,12.4,26.7,183.0,2.1,2.3,84.0,55,2026-09-06
Bengaluru,2026-09-06 15:00:00,12.4,26.4,185.0,2.8,2.2,82.0,56,2026-09-06
Bengaluru,2026-09-06 16:00:00,12.7,26.5,193.0,3.9,2.2,78.0,56,2026-09-06
Bengaluru,2026-09-06 17:00:00,14.9,30.4,240.0,6.3,2.7,72.0,57,2026-09-06
Bengaluru,2026-09-06 18:00:00,18.4,30.6,375.0,14.2,4.5,59.0,57,2026-09-06
Bengaluru,2026-09-06 19:00:00,22.4,34.2,549.0,24.8,6.9,41.0,58,2026-09-06
Bengaluru,2026-09-06 20:00:00,22.7,33.6,640.0,31.1,8.4,29.0,59,2026-09-06
Bengaluru,2026-09-06 21:00:00,20.9,30.4,572.0,29.1,8.2,29.0,59,2026-09-06
Bengaluru,2026-09-06 22:00:00,18.6,26.2,421.0,22.8,7.1,35.0,60,2026-09-06
Bengaluru,2026-09-06 23:00:00,15.7,21.2,296.0,17.1,6.1,39.0,60,2026-09-06
Bengaluru,2026-09-07 00:00:00,12.9,17.0,238.0,13.6,5.3,39.0,60,2026-09-07
Bengaluru,2026-09-07 01:00:00,11.1,14.4,206.0,10.8,4.6,38.0,61,2026-09-07
Bengaluru,2026-09-07 02:00:00,9.4,12.1,188.0,8.8,4.1,36.0,61,2026-09-07
Bengaluru,2026-09-07 03:00:00,8.3,10.8,178.0,8.0,4.1,33.0,61,2026-09-07
Bengaluru,2026-09-07 04:00:00,7.7,10.1,182.0,8.1,4.3,29.0,60,2026-09-07
Bengaluru,2026-09-07 05:00:00,7.1,10.0,200.0,7.2,4.4,28.0,60,2026-09-07
Bengaluru,2026-09-07 06:00:00,8.4,12.0,246.0,8.1,5.0,29.0,59,2026-09-07
Bengaluru,2026-09-07 07:00:00,9.8,15.2,306.0,9.1,5.9,31.0,59,2026-09-07
Bengaluru,2026-09-07 08:00:00,10.9,20.5,337.0,9.3,6.2,36.0,59,2026-09-07
Bengaluru,2026-09-07 09:00:00,12.5,26.3,309.0,7.6,5.6,48.0,58,2026-09-07
Bengaluru,2026-09-07 10:00:00,13.6,30.2,252.0,5.0,4.4,63.0,58,2026-09-07
Bengaluru,2026-09-07 11:00:00,14.3,32.4,209.0,3.1,3.5,76.0,58,2026-09-07
Bengaluru,2026-09-07 12:00:00,14.7,32.8,196.0,2.2,3.0,83.0,58,2026-09-07
Bengaluru,2026-09-07 13:00:00,14.5,31.7,197.0,2.0,2.6,87.0,59,2026-09-07
Bengaluru,2026-09-07 14:00:00,13.9,29.3,210.0,2.7,2.4,89.0,59,2026-09-07
Bengaluru,2026-09-07 15:00:00,13.2,27.1,233.0,4.2,2.3,88.0,59,2026-09-07
Bengaluru,2026-09-07 16:00:00,13.0,25.7,268.0,6.6,2.5,84.0,59,2026-09-07
Bengaluru,2026-09-07 17:00:00,12.3,22.4,315.0,10.5,3.0,75.0,59,2026-09-07
Bengaluru,2026-09-07 18:00:00,17.3,26.2,397.0,18.7,4.6,63.0,59,2026-09-07
Bengaluru,2026-09-07 19:00:00,20.7,29.0,492.0,29.7,6.8,46.0,59,2026-09-07
Bengaluru,2026-09-07 20:00:00,20.4,28.1,533.0,36.0,8.2,35.0,58,2026-09-07
Bengaluru,2026-09-07 21:00:00,18.6,25.4,474.0,33.1,8.0,35.0,58,2026-09-07
Bengaluru,2026-09-07 22:00:00,17.1,23.1,362.0,25.4,6.9,40.0,58,2026-09-07
Bengaluru,2026-09-07 23:00:00,15.5,21.4,268.0,18.7,6.0,43.0,58,2026-09-07
Bengaluru,2026-09-08 00:00:00,14.0,20.0,219.0,15.1,5.4,42.0,58,2026-09-08
Bengaluru,2026-09-08 01:00:00,12.3,18.2,188.0,12.5,4.9,39.0,58,2026-09-08
Bengaluru,2026-09-08 02:00:00,11.4,17.6,172.0,10.7,4.6,36.0,58,2026-09-08
Bengaluru,2026-09-08 03:00:00,11.0,17.9,167.0,10.0,4.7,33.0,58,2026-09-08
Bengaluru,2026-09-08 04:00:00,10.9,18.7,176.0,10.2,5.0,29.0,59,2026-09-08
Bengaluru,2026-09-08 05:00:00,10.5,20.1,202.0,8.7,4.7,31.0,59,2026-09-08
Bengaluru,2026-09-08 06:00:00,11.8,22.0,264.0,8.8,5.0,32.0,59,2026-09-08
Bengaluru,2026-09-08 07:00:00,12.7,26.0,343.0,8.8,5.3,34.0,59,2026-09-08
Bengaluru,2026-09-08 08:00:00,13.0,27.2,382.0,8.3,5.3,39.0,60,2026-09-08
Bengaluru,2026-09-08 09:00:00,13.6,28.5,344.0,6.7,4.8,51.0,60,2026-09-08
Bengaluru,2026-09-08 10:00:00,14.4,30.4,267.0,4.5,3.9,66.0,60,2026-09-08
Bengaluru,2026-09-08 11:00:00,15.0,32.1,210.0,2.9,3.2,78.0,60,2026-09-08
Bengaluru,2026-09-08 12:00:00,15.3,32.2,194.0,2.3,2.8,84.0,60,2026-09-08
Bengaluru,2026-09-08 13:00:00,16.8,34.0,197.0,2.3,2.5,87.0,60,2026-09-08
Bengaluru,2026-09-08 14:00:00,13.3,25.8,212.0,3.0,2.4,87.0,60,2026-09-08
Bengaluru,2026-09-08 15:00:00,12.1,22.7,245.0,4.6,2.3,84.0,60,2026-09-08
Bengaluru,2026-09-08 16:00:00,10.5,19.0,291.0,6.9,2.4,78.0,60,2026-09-08
Bengaluru,2026-09-08 17:00:00,11.8,20.7,324.0,8.7,2.5,72.0,60,2026-09-08
Bengaluru,2026-09-08 18:00:00,13.3,19.8,333.0,14.2,3.8,61.0,60,2026-09-08
Bengaluru,2026-09-08 19:00:00,14.4,19.6,331.0,21.7,5.6,47.0,59,2026-09-08
Bengaluru,2026-09-08 20:00:00,14.2,18.7,329.0,26.4,6.8,36.0,59,2026-09-08
Bengaluru,2026-09-08 21:00:00,13.6,18.2,338.0,25.7,6.9,33.0,58,2026-09-08
Bengaluru,2026-09-08 22:00:00,13.4,18.2,348.0,22.3,6.4,34.0,58,2026-09-08
Bengaluru,2026-09-08 23:00:00,12.8,18.2,339.0,18.7,5.9,35.0,58,2026-09-08
Bengaluru,2026-09-09 00:00:00,11.7,17.2,290.0,15.6,5.4,35.0,58,2026-09-09
Bengaluru,2026-09-09 01:00:00,10.1,15.1,221.0,12.4,4.8,36.0,57,2026-09-09
Bengaluru,2026-09-09 02:00:00,8.7,13.2,174.0,10.1,4.4,36.0,57,2026-09-09
Bengaluru,2026-09-09 03:00:00,8.0,12.5,168.0,9.2,4.4,34.0,57,2026-09-09
Bengaluru,2026-09-09 04:00:00,7.9,12.8,184.0,9.2,4.7,30.0,57,2026-09-09
Bengaluru,2026-09-09 05:00:00,7.4,12.0,207.0,9.7,4.9,30.0,57,2026-09-09
Bengaluru,2026-09-09 06:00:00,8.6,13.5,244.0,9.3,4.9,31.0,56,2026-09-09
Bengaluru,2026-09-09 07:00:00,9.4,15.8,288.0,8.7,4.9,34.0,56,2026-09-09
Bengaluru,2026-09-09 08:00:00,9.5,18.2,309.0,7.8,4.7,39.0,56,2026-09-09
Bengaluru,2026-09-09 09:00:00,10.5,22.3,283.0,6.2,4.2,49.0,55,2026-09-09
Bengaluru,2026-09-09 10:00:00,11.8,26.4,235.0,4.3,3.6,62.0,55,2026-09-09
Bengaluru,2026-09-09 11:00:00,12.6,28.1,200.0,3.0,3.1,72.0,55,2026-09-09
Bengaluru,2026-09-09 12:00:00,12.4,27.8,194.0,2.4,2.8,78.0,55,2026-09-09
Bengaluru,2026-09-09 13:00:00,12.1,26.6,202.0,2.4,2.7,81.0,55,2026-09-09
Bengaluru,2026-09-09 14:00:00,11.6,25.1,221.0,3.2,2.6,81.0,54,2026-09-09
Bengaluru,2026-09-09 15:00:00,11.0,23.1,249.0,4.7,2.5,78.0,54,2026-09-09
Bengaluru,2026-09-09 16:00:00,10.6,21.6,287.0,7.2,2.6,73.0,54,2026-09-09
Bengaluru,2026-09-09 17:00:00,17.0,35.6,333.0,13.9,3.3,62.0,54,2026-09-09
Bengaluru,2026-09-09 18:00:00,21.6,36.1,403.0,24.8,5.8,46.0,54,2026-09-09
Bengaluru,2026-09-09 19:00:00,27.2,41.1,481.0,39.7,9.2,25.0,55,2026-09-09
Bengaluru,2026-09-09 20:00:00,30.2,43.0,511.0,49.0,11.4,10.0,56,2026-09-09
Bengaluru,2026-09-09 21:00:00,28.6,39.6,454.0,48.2,11.3,9.0,57,2026-09-09
Bengaluru,2026-09-09 22:00:00,24.7,33.3,350.0,42.0,10.0,14.0,59,2026-09-09
Bengaluru,2026-09-09 23:00:00,19.7,26.0,264.0,34.8,8.6,20.0,59,2026-09-09
Bengaluru,2026-09-10 00:00:00,15.0,19.6,222.0,27.0,7.4,26.0,60,2026-09-10
Bengaluru,2026-09-10 01:00:00,11.9,15.4,198.0,18.1,6.2,32.0,60,2026-09-10
Bengaluru,2026-09-10 02:00:00,9.7,12.3,185.0,11.8,5.4,36.0,60,2026-09-10
Bengaluru,2026-09-10 03:00:00,8.5,10.9,181.0,9.9,5.3,34.0,60,2026-09-10
Bengaluru,2026-09-10 04:00:00,8.1,10.4,187.0,10.6,5.5,30.0,60,2026-09-10
Bengaluru,2026-09-10 05:00:00,8.1,10.5,204.0,11.4,5.9,30.0,61,2026-09-10
Bengaluru,2026-09-10 06:00:00,9.4,11.8,243.0,11.0,5.8,32.0,61,2026-09-10
Bengaluru,2026-09-10 07:00:00,9.2,12.6,292.0,10.4,5.5,36.0,61,2026-09-10
Bengaluru,2026-09-10 08:00:00,9.8,15.6,318.0,9.3,5.3,45.0,61,2026-09-10
Bengaluru,2026-09-10 09:00:00,10.9,19.2,297.0,7.3,5.0,64.0,61,2026-09-10
Bengaluru,2026-09-10 10:00:00,13.1,24.1,252.0,4.9,4.7,88.0,61,2026-09-10
Bengaluru,2026-09-10 11:00:00,14.2,26.5,220.0,3.2,4.4,106.0,61,2026-09-10
Bengaluru,2026-09-10 12:00:00,14.5,27.1,211.0,2.5,4.0,114.0,61,2026-09-10
Bengaluru,2026-09-10 13:00:00,14.5,27.2,213.0,2.5,3.7,116.0,61,2026-09-10
Bengaluru,2026-09-10 14:00:00,14.3,26.4,232.0,3.4,3.5,115.0,61,2026-09-10
Bengaluru,2026-09-10 15:00:00,14.0,25.4,269.0,4.9,3.5,112.0,61,2026-09-10
Bengaluru,2026-09-10 16:00:00,14.0,24.7,322.0,7.4,3.6,106.0,62,2026-09-10
Bengaluru,2026-09-10 17:00:00,17.6,30.3,385.0,21.2,4.9,77.0,62,2026-09-10
Bengaluru,2026-09-10 18:00:00,22.4,33.1,473.0,34.1,7.2,59.0,62,2026-09-10
Bengaluru,2026-09-10 19:00:00,27.7,37.7,570.0,51.5,10.4,34.0,62,2026-09-10
Bengaluru,2026-09-10 20:00:00,29.9,39.6,626.0,61.3,12.3,18.0,62,2026-09-10
Bengaluru,2026-09-10 21:00:00,29.4,38.6,613.0,56.7,11.9,18.0,62,2026-09-10
Bengaluru,2026-09-10 22:00:00,26.5,34.2,559.0,44.7,10.3,26.0,62,2026-09-10
Bengaluru,2026-09-10 23:00:00,19.2,24.3,493.0,33.5,8.7,34.0,62,2026-09-10
Bengaluru,2026-09-11 00:00:00,14.3,18.0,411.0,25.8,7.5,38.0,62,2026-09-11
Bengaluru,2026-09-11 01:00:00,11.9,15.3,316.0,19.1,6.4,42.0,62,2026-09-11
Bengaluru,2026-09-11 02:00:00,11.2,15.3,252.0,14.2,5.6,44.0,62,2026-09-11
Bengaluru,2026-09-11 03:00:00,11.3,16.3,240.0,12.1,5.5,43.0,62,2026-09-11
Bengaluru,2026-09-11 04:00:00,11.9,17.8,258.0,11.8,5.7,40.0,63,2026-09-11
Bengaluru,2026-09-11 05:00:00,10.3,15.4,280.0,11.1,5.7,41.0,63,2026-09-11
Bengaluru,2026-09-11 06:00:00,11.6,17.1,306.0,10.7,5.5,44.0,63,2026-09-11
Bengaluru,2026-09-11 07:00:00,12.3,19.0,335.0,10.0,5.3,48.0,63,2026-09-11
Bengaluru,2026-09-11 08:00:00,12.5,22.6,345.0,8.9,5.2,57.0,63,2026-09-11
Bengaluru,2026-09-11 09:00:00,14.3,27.5,315.0,7.1,5.3,75.0,64,2026-09-11
Bengaluru,2026-09-11 10:00:00,16.5,32.1,266.0,4.8,5.5,97.0,64,2026-09-11
Bengaluru,2026-09-11 11:00:00,17.5,33.8,230.0,3.3,5.5,113.0,64,2026-09-11
Bengaluru,2026-09-11 12:00:00,17.2,33.1,220.0,2.8,5.0,120.0,64,2026-09-11
Bengaluru,2026-09-11 13:00:00,16.6,31.7,225.0,2.9,4.3,121.0,65,2026-09-11
Bengaluru,2026-09-11 14:00:00,15.9,30.2,238.0,3.8,3.8,119.0,65,2026-09-11
Bengaluru,2026-09-11 15:00:00,15.8,29.3,249.0,4.1,3.3,116.0,65,2026-09-11
Bengaluru,2026-09-11 16:00:00,15.7,28.7,269.0,5.2,2.9,110.0,65,2026-09-11
Bengaluru,2026-09-11 17:00:00,16.6,27.9,330.0,17.5,4.2,87.0,65,2026-09-11
Bengaluru,2026-09-11 18:00:00,22.1,31.8,482.0,32.9,7.0,65.0,65,2026-09-11
Bengaluru,2026-09-11 19:00:00,29.2,39.2,673.0,54.0,10.8,34.0,65,2026-09-11
Bengaluru,2026-09-11 20:00:00,34.2,44.9,786.0,68.1,13.7,12.0,65,2026-09-11
Bengaluru,2026-09-11 21:00:00,38.1,49.2,752.0,69.4,14.9,6.0,66,2026-09-11
Bengaluru,2026-09-11 22:00:00,39.1,50.5,639.0,63.9,15.1,8.0,66,2026-09-11
Bengaluru,2026-09-11 23:00:00,36.0,46.9,527.0,56.3,14.4,12.0,67,2026-09-11
Bengaluru,2026-09-12 00:00:00,29.4,39.5,433.0,47.1,12.4,17.0,69,2026-09-12
Bengaluru,2026-09-12 01:00:00,23.0,31.4,340.0,36.0,9.5,23.0,70,2026-09-12
Bengaluru,2026-09-12 02:00:00,18.7,25.8,275.0,26.7,7.3,28.0,71,2026-09-12
Bengaluru,2026-09-12 03:00:00,16.1,22.3,250.0,20.7,6.4,29.0,71,2026-09-12
Bengaluru,2026-09-12 04:00:00,14.4,20.2,254.0,16.6,6.2,29.0,72,2026-09-12
Bengaluru,2026-09-12 05:00:00,12.2,16.8,277.0,11.5,5.8,36.0,72,2026-09-12
Bengaluru,2026-09-12 06:00:00,13.0,17.7,339.0,11.1,5.6,40.0,72,2026-09-12
Bengaluru,2026-09-12 07:00:00,12.8,20.3,421.0,10.5,5.4,46.0,72,2026-09-12
Bengaluru,2026-09-12 08:00:00,13.6,24.6,460.0,9.4,5.1,56.0,72,2026-09-12
Bengaluru,2026-09-12 09:00:00,15.0,28.1,413.0,7.5,4.6,72.0,72,2026-09-12
Bengaluru,2026-09-12 10:00:00,16.0,31.7,323.0,5.1,4.1,93.0,72,2026-09-12
Bengaluru,2026-09-12 11:00:00,16.0,31.9,256.0,3.4,3.6,108.0,72,2026-09-12
Bengaluru,2026-09-12 12:00:00,15.0,29.3,236.0,2.6,3.2,116.0,72,2026-09-12
Bengaluru,2026-09-12 13:00:00,14.5,27.6,239.0,2.5,3.0,119.0,72,2026-09-12
Bengaluru,2026-09-12 14:00:00,14.0,26.1,255.0,3.3,2.8,119.0,72,2026-09-12
Bengaluru,2026-09-12 15:00:00,14.1,25.8,278.0,4.4,2.7,117.0,72,2026-09-12
Bengaluru,2026-09-12 16:00:00,14.7,26.5,314.0,6.5,2.6,113.0,71,2026-09-12
Bengaluru,2026-09-12 17:00:00,14.6,21.1,378.0,16.8,3.9,94.0,71,2026-09-12
Bengaluru,2026-09-12 18:00:00,18.3,24.1,507.0,24.6,5.3,80.0,71,2026-09-12
Bengaluru,2026-09-12 19:00:00,21.7,27.3,664.0,35.1,7.1,61.0,71,2026-09-12
Bengaluru,2026-09-12 20:00:00,21.0,26.1,743.0,40.7,8.2,47.0,70,2026-09-12
Bengaluru,2026-09-12 21:00:00,18.1,22.2,679.0,36.8,7.8,44.0,69,2026-09-12
Bengaluru,2026-09-12 22:00:00,15.5,18.5,537.0,28.1,6.7,47.0,68,2026-09-12
Bengaluru,2026-09-12 23:00:00,13.3,15.7,415.0,20.7,5.8,48.0,66,2026-09-12
Bengaluru,2026-09-13 00:00:00,11.4,13.4,346.0,16.8,5.3,46.0,64,2026-09-13
Bengaluru,2026-09-13 01:00:00,9.9,11.8,297.0,14.3,5.1,43.0,63,2026-09-13
Bengaluru,2026-09-13 02:00:00,9.1,10.8,262.0,12.8,5.0,39.0,62,2026-09-13
Bengaluru,2026-09-13 03:00:00,8.5,10.1,239.0,12.6,5.2,34.0,61,2026-09-13
Bengaluru,2026-09-13 04:00:00,8.2,10.0,230.0,13.4,5.6,29.0,60,2026-09-13
Bengaluru,2026-09-13 05:00:00,8.0,9.8,237.0,12.6,5.9,32.0,60,2026-09-13
Bengaluru,2026-09-13 06:00:00,9.3,11.3,276.0,12.1,6.2,32.0,59,2026-09-13
Bengaluru,2026-09-13 07:00:00,8.7,11.9,331.0,11.3,6.5,33.0,59,2026-09-13
Bengaluru,2026-09-13 08:00:00,9.1,13.7,357.0,10.1,6.6,38.0,59,2026-09-13
Bengaluru,2026-09-13 09:00:00,9.8,16.4,323.0,7.9,6.1,53.0,58,2026-09-13
Bengaluru,2026-09-13 10:00:00,10.5,18.3,260.0,5.3,5.3,72.0,58,2026-09-13
Bengaluru,2026-09-13 11:00:00,11.1,19.5,213.0,3.3,4.6,88.0,58,2026-09-13
Bengaluru,2026-09-13 12:00:00,11.6,20.1,202.0,2.4,4.1,98.0,57,2026-09-13
Bengaluru,2026-09-13 13:00:00,11.6,20.3,208.0,2.1,3.7,104.0,57,2026-09-13
Bengaluru,2026-09-13 14:00:00,11.7,20.5,220.0,2.4,3.5,107.0,57,2026-09-13
Bengaluru,2026-09-13 15:00:00,11.3,19.8,222.0,2.5,3.3,107.0,57,2026-09-13
Bengaluru,2026-09-13 16:00:00,11.2,19.4,230.0,3.1,3.2,104.0,56,2026-09-13
Bengaluru,2026-09-13 17:00:00,14.3,24.7,288.0,10.3,4.4,72.0,56,2026-09-13
Bengaluru,2026-09-13 18:00:00,18.3,26.8,445.0,17.1,5.9,59.0,56,2026-09-13
Bengaluru,2026-09-13 19:00:00,21.0,28.9,651.0,26.5,8.1,40.0,56,2026-09-13
Bengaluru,2026-09-13 20:00:00,21.9,29.9,803.0,33.8,10.0,25.0,56,2026-09-13
Bengaluru,2026-09-13 21:00:00,23.5,32.1,865.0,37.0,11.4,18.0,56,2026-09-13
Bengaluru,2026-09-13 22:00:00,26.3,35.5,874.0,38.1,12.5,14.0,57,2026-09-13
Bengaluru,2026-09-13 23:00:00,28.1,37.1,833.0,38.7,13.5,12.0,57,2026-09-13
Hyderabad,2026-08-15 00:00:00,9.7,14.0,234.0,8.9,4.4,47.0,48,2026-08-15
Hyderabad,2026-08-15 01:00:00,9.5,14.0,197.0,8.7,4.8,44.0,48,2026-08-15
Hyderabad,2026-08-15 02:00:00,9.0,12.8,170.0,8.5,5.0,41.0,48,2026-08-15
Hyderabad,2026-08-15 03:00:00,8.2,11.6,153.0,8.4,5.0,38.0,48,2026-08-15
Hyderabad,2026-08-15 04:00:00,7.6,11.0,146.0,8.4,4.8,34.0,48,2026-08-15
Hyderabad,2026-08-15 05:00:00,7.0,10.9,155.0,7.1,4.2,35.0,48,2026-08-15
Hyderabad,2026-08-15 06:00:00,6.7,9.8,197.0,6.8,4.3,36.0,48,2026-08-15
Hyderabad,2026-08-15 07:00:00,6.7,8.9,256.0,6.3,4.4,37.0,48,2026-08-15
Hyderabad,2026-08-15 08:00:00,5.6,7.7,287.0,5.6,4.3,41.0,48,2026-08-15
Hyderabad,2026-08-15 09:00:00,6.0,9.5,263.0,4.4,3.9,51.0,48,2026-08-15
Hyderabad,2026-08-15 10:00:00,5.6,8.9,212.0,2.9,3.4,63.0,47,2026-08-15
Hyderabad,2026-08-15 11:00:00,6.0,9.9,175.0,1.9,2.9,73.0,47,2026-08-15
Hyderabad,2026-08-15 12:00:00,6.6,11.1,168.0,1.4,2.6,78.0,46,2026-08-15
Hyderabad,2026-08-15 13:00:00,6.6,11.1,175.0,1.4,2.4,80.0,45,2026-08-15
Hyderabad,2026-08-15 14:00:00,6.6,11.4,192.0,1.8,2.3,81.0,45,2026-08-15
Hyderabad,2026-08-15 15:00:00,6.8,11.9,222.0,2.8,2.4,82.0,45,2026-08-15
Hyderabad,2026-08-15 16:00:00,7.5,12.5,262.0,4.3,2.6,82.0,45,2026-08-15
Hyderabad,2026-08-15 17:00:00,8.5,13.0,301.0,6.2,2.7,78.0,45,2026-08-15
Hyderabad,2026-08-15 18:00:00,10.2,14.0,343.0,8.0,3.2,73.0,45,2026-08-15
Hyderabad,2026-08-15 19:00:00,11.3,15.0,385.0,10.4,3.8,66.0,45,2026-08-15
Hyderabad,2026-08-15 20:00:00,11.7,16.2,401.0,11.7,4.1,60.0,45,2026-08-15
Hyderabad,2026-08-15 21:00:00,9.7,12.9,376.0,10.9,3.9,57.0,45,2026-08-15
Hyderabad,2026-08-15 22:00:00,7.7,10.3,326.0,8.9,3.3,55.0,45,2026-08-15
Hyderabad,2026-08-15 23:00:00,6.8,9.1,277.0,7.4,3.0,53.0,44,2026-08-15
Hyderabad,2026-08-16 00:00:00,6.2,8.7,234.0,6.9,3.1,50.0,43,2026-08-16
Hyderabad,2026-08-16 01:00:00,6.0,8.7,191.0,6.8,3.3,46.0,43,2026-08-16
Hyderabad,2026-08-16 02:00:00,6.0,8.6,162.0,6.9,3.6,42.0,42,2026-08-16
Hyderabad,2026-08-16 03:00:00,6.0,8.8,154.0,7.2,3.8,38.0,41,2026-08-16
Hyderabad,2026-08-16 04:00:00,6.1,9.1,160.0,7.6,4.0,35.0,41,2026-08-16
Hyderabad,2026-08-16 05:00:00,4.9,7.8,168.0,6.9,3.6,34.0,40,2026-08-16
Hyderabad,2026-08-16 06:00:00,5.8,9.0,180.0,6.7,3.9,34.0,40,2026-08-16
Hyderabad,2026-08-16 07:00:00,7.0,10.5,195.0,6.4,4.4,34.0,40,2026-08-16
Hyderabad,2026-08-16 08:00:00,7.5,12.6,201.0,5.7,4.5,38.0,40,2026-08-16
Hyderabad,2026-08-16 09:00:00,8.4,15.9,188.0,4.4,4.0,48.0,40,2026-08-16
Hyderabad,2026-08-16 10:00:00,9.7,19.6,166.0,2.7,3.3,61.0,41,2026-08-16
Hyderabad,2026-08-16 11:00:00,10.1,21.2,151.0,1.5,2.7,71.0,42,2026-08-16
Hyderabad,2026-08-16 12:00:00,10.3,21.9,147.0,1.1,2.5,77.0,43,2026-08-16
Hyderabad,2026-08-16 13:00:00,10.7,22.9,150.0,1.2,2.4,80.0,43,2026-08-16
Hyderabad,2026-08-16 14:00:00,10.8,22.8,162.0,1.5,2.4,81.0,44,2026-08-16
Hyderabad,2026-08-16 15:00:00,10.1,21.1,188.0,2.0,2.4,81.0,45,2026-08-16
Hyderabad,2026-08-16 16:00:00,9.9,20.4,222.0,2.8,2.5,79.0,46,2026-08-16
Hyderabad,2026-08-16 17:00:00,10.7,21.7,252.0,3.9,2.5,74.0,47,2026-08-16
Hyderabad,2026-08-16 18:00:00,12.6,22.5,276.0,7.3,3.5,66.0,47,2026-08-16
Hyderabad,2026-08-16 19:00:00,15.4,25.8,295.0,12.0,5.0,54.0,48,2026-08-16
Hyderabad,2026-08-16 20:00:00,17.9,28.9,303.0,15.3,6.0,45.0,49,2026-08-16
Hyderabad,2026-08-16 21:00:00,19.4,31.1,298.0,16.2,6.3,41.0,50,2026-08-16
Hyderabad,2026-08-16 22:00:00,19.7,31.5,281.0,15.7,6.1,39.0,51,2026-08-16
Hyderabad,2026-08-16 23:00:00,18.6,29.9,256.0,14.6,5.9,38.0,52,2026-08-16
Hyderabad,2026-08-17 00:00:00,17.5,29.3,215.0,12.8,5.7,39.0,53,2026-08-17
Hyderabad,2026-08-17 01:00:00,17.8,31.8,165.0,10.4,5.3,40.0,54,2026-08-17
Hyderabad,2026-08-17 02:00:00,15.5,26.5,129.0,8.4,5.0,41.0,54,2026-08-17
Hyderabad,2026-08-17 03:00:00,10.7,16.3,116.0,7.3,4.6,40.0,55,2026-08-17
Hyderabad,2026-08-17 04:00:00,6.4,8.7,118.0,6.6,4.2,38.0,56,2026-08-17
Hyderabad,2026-08-17 05:00:00,4.8,6.7,132.0,5.7,3.8,37.0,56,2026-08-17
Hyderabad,2026-08-17 06:00:00,5.1,7.1,171.0,5.6,4.0,38.0,56,2026-08-17
Hyderabad,2026-08-17 07:00:00,6.1,9.1,222.0,5.4,4.3,41.0,56,2026-08-17
Hyderabad,2026-08-17 08:00:00,7.0,12.3,252.0,4.9,4.3,45.0,55,2026-08-17
Hyderabad,2026-08-17 09:00:00,8.6,17.2,237.0,3.9,3.9,53.0,55,2026-08-17
Hyderabad,2026-08-17 10:00:00,11.4,25.9,200.0,2.7,3.4,63.0,55,2026-08-17
Hyderabad,2026-08-17 11:00:00,10.4,22.1,172.0,1.8,2.9,72.0,56,2026-08-17
Hyderabad,2026-08-17 12:00:00,10.2,22.1,166.0,1.5,2.7,78.0,56,2026-08-17
Hyderabad,2026-08-17 13:00:00,10.0,21.0,169.0,1.5,2.6,83.0,56,2026-08-17
Hyderabad,2026-08-17 14:00:00,9.8,21.0,178.0,2.0,2.6,85.0,56,2026-08-17
Hyderabad,2026-08-17 15:00:00,9.8,21.1,192.0,3.1,2.7,85.0,55,2026-08-17
Hyderabad,2026-08-17 16:00:00,9.5,18.8,212.0,4.6,2.8,83.0,55,2026-08-17
Hyderabad,2026-08-17 17:00:00,11.8,22.9,240.0,6.3,2.8,74.0,55,2026-08-17
Hyderabad,2026-08-17 18:00:00,13.7,24.3,290.0,7.3,3.4,70.0,56,2026-08-17
Hyderabad,2026-08-17 19:00:00,14.9,25.6,347.0,8.8,4.3,65.0,56,2026-08-17
Hyderabad,2026-08-17 20:00:00,14.5,23.3,375.0,9.7,4.9,60.0,56,2026-08-17
Hyderabad,2026-08-17 21:00:00,13.5,21.0,348.0,9.7,5.0,56.0,55,2026-08-17
Hyderabad,2026-08-17 22:00:00,12.6,19.2,291.0,9.3,5.0,52.0,55,2026-08-17
Hyderabad,2026-08-17 23:00:00,11.7,18.0,239.0,8.9,4.9,48.0,54,2026-08-17
Hyderabad,2026-08-18 00:00:00,11.3,17.5,204.0,8.7,5.0,44.0,54,2026-08-18
Hyderabad,2026-08-18 01:00:00,11.1,17.5,175.0,8.5,5.1,41.0,53,2026-08-18
Hyderabad,2026-08-18 02:00:00,10.9,17.2,155.0,8.3,5.1,38.0,53,2026-08-18
Hyderabad,2026-08-18 03:00:00,10.2,16.2,146.0,8.3,5.0,35.0,52,2026-08-18
Hyderabad,2026-08-18 04:00:00,9.4,14.9,147.0,8.3,4.9,33.0,52,2026-08-18
Hyderabad,2026-08-18 05:00:00,8.5,14.0,158.0,7.2,4.5,33.0,53,2026-08-18
Hyderabad,2026-08-18 06:00:00,8.2,12.5,190.0,7.0,4.7,33.0,53,2026-08-18
Hyderabad,2026-08-18 07:00:00,8.4,12.3,232.0,6.7,5.0,34.0,53,2026-08-18
Hyderabad,2026-08-18 08:00:00,7.7,12.1,255.0,6.1,5.0,38.0,53,2026-08-18
Hyderabad,2026-08-18 09:00:00,7.7,13.1,238.0,4.8,4.5,48.0,53,2026-08-18
Hyderabad,2026-08-18 10:00:00,8.0,15.2,202.0,3.1,3.7,60.0,53,2026-08-18
Hyderabad,2026-08-18 11:00:00,8.0,15.6,177.0,1.9,3.1,71.0,53,2026-08-18
Hyderabad,2026-08-18 12:00:00,8.0,16.0,174.0,1.4,2.8,78.0,53,2026-08-18
Hyderabad,2026-08-18 13:00:00,8.4,17.1,182.0,1.4,2.7,82.0,53,2026-08-18
Hyderabad,2026-08-18 14:00:00,8.9,18.5,199.0,2.1,2.7,84.0,52,2026-08-18
Hyderabad,2026-08-18 15:00:00,11.0,24.0,231.0,3.7,2.7,81.0,52,2026-08-18
Hyderabad,2026-08-18 16:00:00,10.7,22.5,272.0,5.9,2.8,75.0,53,2026-08-18
Hyderabad,2026-08-18 17:00:00,16.5,29.4,304.0,8.8,3.7,68.0,53,2026-08-18
Hyderabad,2026-08-18 18:00:00,16.7,27.1,319.0,9.3,4.0,64.0,53,2026-08-18
Hyderabad,2026-08-18 19:00:00,16.3,24.9,325.0,10.0,4.5,59.0,53,2026-08-18
Hyderabad,2026-08-18 20:00:00,15.4,22.8,325.0,10.7,4.9,54.0,53,2026-08-18
Hyderabad,2026-08-18 21:00:00,14.2,20.6,323.0,11.5,5.3,49.0,53,2026-08-18
Hyderabad,2026-08-18 22:00:00,13.4,18.7,316.0,12.2,5.8,45.0,53,2026-08-18
Hyderabad,2026-08-18 23:00:00,12.1,16.6,297.0,12.4,6.0,41.0,54,2026-08-18
Hyderabad,2026-08-19 00:00:00,10.9,14.7,256.0,11.7,5.9,39.0,54,2026-08-19
Hyderabad,2026-08-19 01:00:00,9.6,13.6,203.0,10.4,5.6,37.0,54,2026-08-19
Hyderabad,2026-08-19 02:00:00,9.3,13.8,164.0,9.4,5.3,36.0,53,2026-08-19
Hyderabad,2026-08-19 03:00:00,9.1,13.8,144.0,9.0,5.2,34.0,53,2026-08-19
Hyderabad,2026-08-19 04:00:00,8.8,13.3,138.0,8.9,5.2,32.0,53,2026-08-19
Hyderabad,2026-08-19 05:00:00,7.4,10.2,150.0,7.9,4.9,30.0,53,2026-08-19
Hyderabad,2026-08-19 06:00:00,7.4,9.9,198.0,7.7,5.1,30.0,53,2026-08-19
Hyderabad,2026-08-19 07:00:00,8.0,10.9,264.0,7.5,5.5,30.0,53,2026-08-19
Hyderabad,2026-08-19 08:00:00,8.5,12.5,303.0,7.1,5.6,32.0,53,2026-08-19
Hyderabad,2026-08-19 09:00:00,10.1,17.9,285.0,6.3,5.3,38.0,53,2026-08-19
Hyderabad,2026-08-19 10:00:00,10.4,18.5,239.0,5.2,4.8,46.0,53,2026-08-19
Hyderabad,2026-08-19 11:00:00,10.7,19.8,204.0,4.9,4.5,53.0,53,2026-08-19
Hyderabad,2026-08-19 12:00:00,10.6,19.3,193.0,5.6,4.6,57.0,54,2026-08-19
Hyderabad,2026-08-19 13:00:00,10.7,19.3,194.0,6.9,4.8,61.0,54,2026-08-19
Hyderabad,2026-08-19 14:00:00,11.8,19.3,207.0,8.6,5.1,62.0,54,2026-08-19
Hyderabad,2026-08-19 15:00:00,12.1,19.3,240.0,11.1,5.3,61.0,54,2026-08-19
Hyderabad,2026-08-19 16:00:00,12.4,18.9,286.0,13.9,5.4,58.0,54,2026-08-19
Hyderabad,2026-08-19 17:00:00,17.6,31.4,320.0,12.2,5.0,61.0,54,2026-08-19
Hyderabad,2026-08-19 18:00:00,20.3,31.9,331.0,14.6,5.7,56.0,55,2026-08-19
Hyderabad,2026-08-19 19:00:00,20.4,31.0,330.0,17.9,6.7,49.0,55,2026-08-19
Hyderabad,2026-08-19 20:00:00,20.1,29.6,330.0,19.7,7.3,45.0,55,2026-08-19
Hyderabad,2026-08-19 21:00:00,19.8,28.4,341.0,18.6,7.2,45.0,55,2026-08-19
Hyderabad,2026-08-19 22:00:00,19.0,27.1,354.0,16.1,6.8,47.0,56,2026-08-19
Hyderabad,2026-08-19 23:00:00,17.0,24.4,350.0,13.7,6.5,49.0,56,2026-08-19
Hyderabad,2026-08-20 00:00:00,15.2,22.2,317.0,11.9,6.5,50.0,57,2026-08-20
Hyderabad,2026-08-20 01:00:00,14.6,22.6,267.0,10.4,6.6,52.0,57,2026-08-20
Hyderabad,2026-08-20 02:00:00,14.7,23.5,225.0,9.4,6.7,51.0,57,2026-08-20
Hyderabad,2026-08-20 03:00:00,14.8,23.5,193.0,9.5,6.8,47.0,58,2026-08-20
Hyderabad,2026-08-20 04:00:00,14.7,22.6,168.0,10.1,7.0,42.0,58,2026-08-20
Hyderabad,2026-08-20 05:00:00,11.9,17.4,164.0,9.0,6.4,37.0,59,2026-08-20
Hyderabad,2026-08-20 06:00:00,10.4,14.8,202.0,8.2,6.5,37.0,59,2026-08-20
Hyderabad,2026-08-20 07:00:00,10.2,15.2,260.0,7.2,6.6,39.0,59,2026-08-20
Hyderabad,2026-08-20 08:00:00,10.4,17.6,293.0,6.0,6.5,43.0,60,2026-08-20
Hyderabad,2026-08-20 09:00:00,11.3,20.4,272.0,4.7,6.0,53.0,60,2026-08-20
Hyderabad,2026-08-20 10:00:00,12.8,26.4,224.0,3.3,5.2,67.0,60,2026-08-20
Hyderabad,2026-08-20 11:00:00,13.5,29.2,190.0,2.3,4.6,78.0,60,2026-08-20
Hyderabad,2026-08-20 12:00:00,18.7,47.5,182.0,1.8,4.2,85.0,60,2026-08-20
Hyderabad,2026-08-20 13:00:00,14.4,31.9,186.0,1.7,4.0,91.0,61,2026-08-20
Hyderabad,2026-08-20 14:00:00,14.1,31.3,201.0,2.1,3.8,93.0,61,2026-08-20
Hyderabad,2026-08-20 15:00:00,13.5,29.7,223.0,2.8,3.6,92.0,61,2026-08-20
Hyderabad,2026-08-20 16:00:00,12.7,26.7,255.0,4.0,3.6,89.0,61,2026-08-20
Hyderabad,2026-08-20 17:00:00,19.7,40.3,305.0,5.7,3.7,82.0,61,2026-08-20
Hyderabad,2026-08-20 18:00:00,20.4,37.3,397.0,9.2,4.6,73.0,62,2026-08-20
Hyderabad,2026-08-20 19:00:00,22.7,38.8,506.0,14.0,5.8,61.0,62,2026-08-20
Hyderabad,2026-08-20 20:00:00,25.3,41.9,569.0,17.9,6.8,51.0,62,2026-08-20
Hyderabad,2026-08-20 21:00:00,27.6,45.8,550.0,20.1,7.2,44.0,62,2026-08-20
Hyderabad,2026-08-20 22:00:00,29.5,49.0,484.0,21.4,7.4,39.0,63,2026-08-20
Hyderabad,2026-08-20 23:00:00,29.4,50.3,411.0,21.5,7.4,36.0,64,2026-08-20
Hyderabad,2026-08-21 00:00:00,27.8,48.9,332.0,19.7,7.2,37.0,65,2026-08-21
Hyderabad,2026-08-21 01:00:00,26.5,47.0,246.0,16.7,6.8,39.0,66,2026-08-21
Hyderabad,2026-08-21 02:00:00,26.3,46.8,183.0,14.2,6.5,41.0,67,2026-08-21
Hyderabad,2026-08-21 03:00:00,27.3,47.4,158.0,13.2,6.4,39.0,68,2026-08-21
Hyderabad,2026-08-21 04:00:00,21.6,33.5,157.0,12.8,6.4,36.0,68,2026-08-21
Hyderabad,2026-08-21 05:00:00,13.2,18.8,172.0,9.2,5.7,39.0,69,2026-08-21
Hyderabad,2026-08-21 06:00:00,11.1,15.8,215.0,8.3,5.8,41.0,69,2026-08-21
Hyderabad,2026-08-21 07:00:00,10.9,16.4,274.0,6.9,5.8,44.0,69,2026-08-21
Hyderabad,2026-08-21 08:00:00,11.6,20.6,306.0,5.6,5.6,49.0,69,2026-08-21
Hyderabad,2026-08-21 09:00:00,12.8,25.6,282.0,4.2,5.0,57.0,69,2026-08-21
Hyderabad,2026-08-21 10:00:00,14.1,31.4,231.0,2.8,4.1,68.0,69,2026-08-21
Hyderabad,2026-08-21 11:00:00,14.7,34.1,192.0,1.9,3.4,76.0,70,2026-08-21
Hyderabad,2026-08-21 12:00:00,15.0,34.3,182.0,1.6,3.1,81.0,70,2026-08-21
Hyderabad,2026-08-21 13:00:00,15.2,34.2,185.0,1.8,3.0,85.0,69,2026-08-21
Hyderabad,2026-08-21 14:00:00,15.5,34.5,194.0,2.2,2.9,86.0,69,2026-08-21
Hyderabad,2026-08-21 15:00:00,15.9,35.4,193.0,2.6,2.8,86.0,70,2026-08-21
Hyderabad,2026-08-21 16:00:00,15.7,34.2,198.0,3.3,2.7,84.0,70,2026-08-21
Hyderabad,2026-08-21 17:00:00,15.7,32.1,257.0,5.4,2.9,78.0,70,2026-08-21
Hyderabad,2026-08-21 18:00:00,17.1,30.5,440.0,9.8,3.9,69.0,70,2026-08-21
Hyderabad,2026-08-21 19:00:00,18.6,29.7,676.0,15.8,5.2,56.0,69,2026-08-21
Hyderabad,2026-08-21 20:00:00,19.7,29.7,798.0,19.7,6.2,47.0,69,2026-08-21
Hyderabad,2026-08-21 21:00:00,20.2,29.9,699.0,19.8,6.6,46.0,69,2026-08-21
Hyderabad,2026-08-21 22:00:00,19.6,29.6,485.0,17.8,6.6,48.0,68,2026-08-21
Hyderabad,2026-08-21 23:00:00,18.5,29.2,308.0,15.5,6.4,49.0,67,2026-08-21
Hyderabad,2026-08-22 00:00:00,17.5,29.2,225.0,13.1,6.0,48.0,66,2026-08-22
Hyderabad,2026-08-22 01:00:00,16.0,26.0,178.0,10.4,5.3,46.0,66,2026-08-22
Hyderabad,2026-08-22 02:00:00,13.6,20.9,149.0,8.5,4.8,43.0,65,2026-08-22
Hyderabad,2026-08-22 03:00:00,11.6,17.3,134.0,7.9,4.6,40.0,64,2026-08-22
Hyderabad,2026-08-22 04:00:00,10.2,14.7,137.0,8.1,4.5,36.0,63,2026-08-22
Hyderabad,2026-08-22 05:00:00,9.3,12.9,151.0,7.7,4.2,34.0,62,2026-08-22
Hyderabad,2026-08-22 06:00:00,8.0,10.7,183.0,7.3,4.2,34.0,61,2026-08-22
Hyderabad,2026-08-22 07:00:00,8.1,10.9,226.0,6.7,4.3,35.0,61,2026-08-22
Hyderabad,2026-08-22 08:00:00,8.0,11.8,250.0,5.8,4.1,38.0,61,2026-08-22
Hyderabad,2026-08-22 09:00:00,8.3,13.7,236.0,4.5,3.6,47.0,61,2026-08-22
Hyderabad,2026-08-22 10:00:00,8.8,16.2,203.0,3.0,2.9,58.0,60,2026-08-22
Hyderabad,2026-08-22 11:00:00,9.3,18.0,180.0,1.9,2.4,68.0,60,2026-08-22
Hyderabad,2026-08-22 12:00:00,9.2,17.9,177.0,1.4,2.2,76.0,59,2026-08-22
Hyderabad,2026-08-22 13:00:00,8.9,17.3,183.0,1.4,2.1,82.0,59,2026-08-22
Hyderabad,2026-08-22 14:00:00,8.8,16.6,195.0,1.9,2.1,85.0,58,2026-08-22
Hyderabad,2026-08-22 15:00:00,8.4,15.5,213.0,3.1,2.1,84.0,58,2026-08-22
Hyderabad,2026-08-22 16:00:00,7.9,13.5,238.0,4.8,2.3,79.0,57,2026-08-22
Hyderabad,2026-08-22 17:00:00,9.2,15.8,263.0,5.8,2.4,75.0,57,2026-08-22
Hyderabad,2026-08-22 18:00:00,10.9,16.4,294.0,8.2,3.1,69.0,56,2026-08-22
Hyderabad,2026-08-22 19:00:00,13.0,18.0,325.0,11.5,4.1,61.0,56,2026-08-22
Hyderabad,2026-08-22 20:00:00,12.5,17.3,338.0,13.3,4.7,56.0,55,2026-08-22
Hyderabad,2026-08-22 21:00:00,11.2,15.0,321.0,12.4,4.5,56.0,55,2026-08-22
Hyderabad,2026-08-22 22:00:00,9.5,12.7,285.0,10.0,3.9,58.0,54,2026-08-22
Hyderabad,2026-08-22 23:00:00,8.4,10.8,249.0,8.2,3.5,59.0,53,2026-08-22
Hyderabad,2026-08-23 00:00:00,7.5,9.5,213.0,7.7,3.4,57.0,52,2026-08-23
Hyderabad,2026-08-23 01:00:00,7.2,9.3,176.0,7.6,3.5,54.0,52,2026-08-23
Hyderabad,2026-08-23 02:00:00,7.1,9.4,151.0,7.7,3.7,50.0,51,2026-08-23
Hyderabad,2026-08-23 03:00:00,7.3,10.0,145.0,7.8,3.9,46.0,50,2026-08-23
Hyderabad,2026-08-23 04:00:00,7.5,10.8,152.0,8.0,4.2,41.0,50,2026-08-23
Hyderabad,2026-08-23 05:00:00,7.9,11.6,164.0,7.7,4.5,43.0,50,2026-08-23
Hyderabad,2026-08-23 06:00:00,8.8,12.5,186.0,7.4,4.7,42.0,49,2026-08-23
Hyderabad,2026-08-23 07:00:00,9.7,14.3,215.0,6.9,5.0,41.0,49,2026-08-23
Hyderabad,2026-08-23 08:00:00,9.9,15.2,229.0,6.1,5.1,42.0,50,2026-08-23
Hyderabad,2026-08-23 09:00:00,10.5,17.3,215.0,4.8,4.7,48.0,50,2026-08-23
Hyderabad,2026-08-23 10:00:00,10.8,19.2,187.0,3.2,4.1,57.0,50,2026-08-23
Hyderabad,2026-08-23 11:00:00,10.9,20.2,168.0,2.1,3.6,64.0,50,2026-08-23
Hyderabad,2026-08-23 12:00:00,10.8,20.3,166.0,1.5,3.3,69.0,51,2026-08-23
Hyderabad,2026-08-23 13:00:00,10.9,20.1,173.0,1.4,3.1,74.0,51,2026-08-23
Hyderabad,2026-08-23 14:00:00,11.8,21.4,191.0,1.9,3.0,75.0,51,2026-08-23
Hyderabad,2026-08-23 15:00:00,12.0,21.1,227.0,3.4,3.1,72.0,51,2026-08-23
Hyderabad,2026-08-23 16:00:00,12.1,20.3,274.0,5.4,3.4,67.0,51,2026-08-23
Hyderabad,2026-08-23 17:00:00,13.4,18.5,308.0,12.6,3.6,45.0,52,2026-08-23
Hyderabad,2026-08-23 18:00:00,13.3,18.5,322.0,12.9,3.8,43.0,52,2026-08-23
Hyderabad,2026-08-23 19:00:00,14.0,18.0,324.0,13.2,4.1,41.0,52,2026-08-23
Hyderabad,2026-08-23 20:00:00,13.1,16.7,316.0,12.9,4.2,40.0,52,2026-08-23
Hyderabad,2026-08-23 21:00:00,12.7,16.4,295.0,11.4,4.0,42.0,52,2026-08-23
Hyderabad,2026-08-23 22:00:00,11.1,14.2,263.0,9.3,3.6,45.0,52,2026-08-23
Hyderabad,2026-08-23 23:00:00,8.8,10.9,231.0,7.5,3.2,47.0,53,2026-08-23
Hyderabad,2026-08-24 00:00:00,6.5,8.0,200.0,6.4,2.9,47.0,53,2026-08-24
Hyderabad,2026-08-24 01:00:00,5.3,6.5,169.0,5.6,2.7,46.0,53,2026-08-24
Hyderabad,2026-08-24 02:00:00,4.8,6.0,146.0,5.2,2.6,45.0,52,2026-08-24
Hyderabad,2026-08-24 03:00:00,4.6,5.8,128.0,5.0,2.7,43.0,52,2026-08-24
Hyderabad,2026-08-24 04:00:00,4.6,5.8,118.0,5.2,3.0,41.0,52,2026-08-24
Hyderabad,2026-08-24 05:00:00,4.0,4.9,137.0,5.3,3.7,44.0,52,2026-08-24
Hyderabad,2026-08-24 06:00:00,5.3,7.2,216.0,7.0,4.2,40.0,51,2026-08-24
Hyderabad,2026-08-24 07:00:00,7.1,9.7,325.0,9.4,4.8,34.0,51,2026-08-24
Hyderabad,2026-08-24 08:00:00,8.1,11.1,391.0,10.7,5.3,31.0,51,2026-08-24
Hyderabad,2026-08-24 09:00:00,8.8,12.6,370.0,10.0,5.6,32.0,51,2026-08-24
Hyderabad,2026-08-24 10:00:00,9.6,14.2,306.0,8.2,5.8,37.0,51,2026-08-24
Hyderabad,2026-08-24 11:00:00,10.4,16.0,265.0,6.7,5.9,42.0,51,2026-08-24
Hyderabad,2026-08-24 12:00:00,11.1,17.3,268.0,5.8,5.8,50.0,51,2026-08-24
Hyderabad,2026-08-24 13:00:00,11.9,18.3,294.0,5.3,5.5,58.0,51,2026-08-24
Hyderabad,2026-08-24 14:00:00,12.3,18.8,342.0,5.5,5.3,64.0,51,2026-08-24
Hyderabad,2026-08-24 15:00:00,12.7,19.3,429.0,6.9,5.2,65.0,51,2026-08-24
Hyderabad,2026-08-24 16:00:00,12.9,19.2,539.0,9.1,5.2,62.0,51,2026-08-24
Hyderabad,2026-08-24 17:00:00,15.8,25.6,622.0,10.7,5.4,61.0,51,2026-08-24
Hyderabad,2026-08-24 18:00:00,17.8,25.9,669.0,13.5,6.0,55.0,51,2026-08-24
Hyderabad,2026-08-24 19:00:00,20.4,28.1,689.0,17.3,6.8,46.0,51,2026-08-24
Hyderabad,2026-08-24 20:00:00,20.3,27.9,661.0,19.4,7.3,41.0,52,2026-08-24
Hyderabad,2026-08-24 21:00:00,19.8,27.6,550.0,18.2,7.3,43.0,52,2026-08-24
Hyderabad,2026-08-24 22:00:00,19.3,27.4,390.0,15.2,7.1,47.0,53,2026-08-24
Hyderabad,2026-08-24 23:00:00,17.8,26.2,264.0,12.7,6.8,50.0,54,2026-08-24
Hyderabad,2026-08-25 00:00:00,16.2,24.3,205.0,11.4,6.4,47.0,54,2026-08-25
Hyderabad,2026-08-25 01:00:00,14.8,22.2,179.0,10.4,6.0,42.0,55,2026-08-25
Hyderabad,2026-08-25 02:00:00,13.2,19.7,164.0,9.6,5.6,39.0,56,2026-08-25
Hyderabad,2026-08-25 03:00:00,12.5,18.4,149.0,8.8,5.2,39.0,57,2026-08-25
Hyderabad,2026-08-25 04:00:00,12.1,17.8,144.0,8.0,4.9,42.0,57,2026-08-25
Hyderabad,2026-08-25 05:00:00,10.0,15.1,158.0,7.1,4.5,43.0,58,2026-08-25
Hyderabad,2026-08-25 06:00:00,10.6,15.7,212.0,7.2,4.9,41.0,58,2026-08-25
Hyderabad,2026-08-25 07:00:00,13.0,22.3,285.0,7.2,5.5,39.0,59,2026-08-25
Hyderabad,2026-08-25 08:00:00,13.0,22.9,327.0,6.8,5.7,41.0,59,2026-08-25
Hyderabad,2026-08-25 09:00:00,14.7,28.1,306.0,5.4,5.3,49.0,59,2026-08-25
Hyderabad,2026-08-25 10:00:00,20.7,44.6,253.0,3.6,4.7,61.0,60,2026-08-25
Hyderabad,2026-08-25 11:00:00,16.4,36.0,216.0,2.3,4.1,70.0,61,2026-08-25
Hyderabad,2026-08-25 12:00:00,17.2,41.4,206.0,1.9,3.7,74.0,61,2026-08-25
Hyderabad,2026-08-25 13:00:00,17.0,42.1,211.0,1.9,3.4,75.0,62,2026-08-25
Hyderabad,2026-08-25 14:00:00,17.3,44.7,245.0,2.3,3.2,76.0,62,2026-08-25
Hyderabad,2026-08-25 15:00:00,17.4,45.1,340.0,2.9,3.0,77.0,63,2026-08-25
Hyderabad,2026-08-25 16:00:00,17.2,41.7,464.0,3.9,3.0,78.0,63,2026-08-25
Hyderabad,2026-08-25 17:00:00,19.6,40.9,536.0,5.6,3.6,80.0,63,2026-08-25
Hyderabad,2026-08-25 18:00:00,19.8,34.8,508.0,8.1,4.3,74.0,64,2026-08-25
Hyderabad,2026-08-25 19:00:00,20.5,33.8,427.0,11.5,5.3,66.0,64,2026-08-25
Hyderabad,2026-08-25 20:00:00,21.2,34.5,356.0,13.7,6.1,59.0,64,2026-08-25
Hyderabad,2026-08-25 21:00:00,22.1,36.1,321.0,13.8,6.4,56.0,64,2026-08-25
Hyderabad,2026-08-25 22:00:00,22.6,37.5,296.0,12.7,6.5,54.0,64,2026-08-25
Hyderabad,2026-08-25 23:00:00,22.2,36.9,267.0,11.5,6.3,52.0,64,2026-08-25
Hyderabad,2026-08-26 00:00:00,20.6,34.1,224.0,10.5,5.8,50.0,65,2026-08-26
Hyderabad,2026-08-26 01:00:00,17.6,28.7,177.0,9.3,5.2,48.0,65,2026-08-26
Hyderabad,2026-08-26 02:00:00,14.6,23.5,145.0,8.5,4.7,46.0,65,2026-08-26
Hyderabad,2026-08-26 03:00:00,12.5,20.5,135.0,8.3,4.5,42.0,65,2026-08-26
Hyderabad,2026-08-26 04:00:00,11.4,18.7,141.0,8.5,4.5,37.0,65,2026-08-26
Hyderabad,2026-08-26 05:00:00,12.5,21.8,161.0,7.8,4.5,36.0,65,2026-08-26
Hyderabad,2026-08-26 06:00:00,13.2,21.8,209.0,7.7,4.9,36.0,65,2026-08-26
Hyderabad,2026-08-26 07:00:00,14.2,23.0,271.0,7.6,5.4,36.0,66,2026-08-26
Hyderabad,2026-08-26 08:00:00,14.8,26.2,305.0,7.0,5.6,40.0,66,2026-08-26
Hyderabad,2026-08-26 09:00:00,15.4,30.3,284.0,5.5,5.1,51.0,66,2026-08-26
Hyderabad,2026-08-26 10:00:00,15.7,32.1,235.0,3.5,4.3,66.0,66,2026-08-26
Hyderabad,2026-08-26 11:00:00,15.9,33.6,199.0,2.1,3.7,78.0,65,2026-08-26
Hyderabad,2026-08-26 12:00:00,16.8,36.6,190.0,1.6,3.4,84.0,65,2026-08-26
Hyderabad,2026-08-26 13:00:00,16.6,36.0,194.0,1.8,3.2,88.0,65,2026-08-26
Hyderabad,2026-08-26 14:00:00,16.2,34.3,215.0,2.3,3.1,89.0,65,2026-08-26
Hyderabad,2026-08-26 15:00:00,16.8,34.6,264.0,3.0,3.1,89.0,65,2026-08-26
Hyderabad,2026-08-26 16:00:00,16.6,32.8,329.0,4.1,3.2,87.0,65,2026-08-26
Hyderabad,2026-08-26 17:00:00,16.5,31.4,377.0,7.0,3.4,79.0,65,2026-08-26
Hyderabad,2026-08-26 18:00:00,18.5,31.8,395.0,11.6,4.5,70.0,65,2026-08-26
Hyderabad,2026-08-26 19:00:00,21.7,34.5,397.0,18.0,5.9,56.0,65,2026-08-26
Hyderabad,2026-08-26 20:00:00,24.9,38.4,390.0,22.7,7.1,46.0,65,2026-08-26
Hyderabad,2026-08-26 21:00:00,27.2,41.8,379.0,24.4,7.7,41.0,65,2026-08-26
Hyderabad,2026-08-26 22:00:00,28.9,46.1,359.0,24.4,8.0,38.0,66,2026-08-26
Hyderabad,2026-08-26 23:00:00,28.1,45.6,328.0,23.0,7.9,38.0,66,2026-08-26
Hyderabad,2026-08-27 00:00:00,25.4,42.6,275.0,19.3,7.4,41.0,67,2026-08-27
Hyderabad,2026-08-27 01:00:00,24.0,42.5,211.0,14.2,6.5,46.0,67,2026-08-27
Hyderabad,2026-08-27 02:00:00,23.1,40.5,166.0,10.3,5.8,49.0,67,2026-08-27
Hyderabad,2026-08-27 03:00:00,19.7,31.8,151.0,9.1,5.6,46.0,68,2026-08-27
Hyderabad,2026-08-27 04:00:00,16.3,23.9,155.0,9.2,5.5,41.0,69,2026-08-27
Hyderabad,2026-08-27 05:00:00,10.2,14.8,171.0,7.0,4.3,36.0,69,2026-08-27
Hyderabad,2026-08-27 06:00:00,9.3,13.7,208.0,6.9,4.4,35.0,69,2026-08-27
Hyderabad,2026-08-27 07:00:00,9.3,13.7,257.0,6.7,4.5,34.0,69,2026-08-27
Hyderabad,2026-08-27 08:00:00,9.1,16.0,284.0,6.1,4.4,37.0,68,2026-08-27
Hyderabad,2026-08-27 09:00:00,10.5,23.1,265.0,4.9,3.9,45.0,68,2026-08-27
Hyderabad,2026-08-27 10:00:00,12.6,30.4,224.0,3.3,3.3,57.0,67,2026-08-27
Hyderabad,2026-08-27 11:00:00,16.2,42.8,195.0,2.1,2.8,67.0,67,2026-08-27
Hyderabad,2026-08-27 12:00:00,15.7,39.7,190.0,1.6,2.6,74.0,67,2026-08-27
Hyderabad,2026-08-27 13:00:00,15.5,38.3,197.0,1.5,2.5,80.0,67,2026-08-27
Hyderabad,2026-08-27 14:00:00,14.8,35.5,214.0,2.0,2.5,83.0,67,2026-08-27
Hyderabad,2026-08-27 15:00:00,12.7,28.6,240.0,3.0,2.5,83.0,67,2026-08-27
Hyderabad,2026-08-27 16:00:00,12.0,25.1,277.0,4.6,2.6,82.0,67,2026-08-27
Hyderabad,2026-08-27 17:00:00,13.1,24.3,329.0,6.5,2.9,78.0,66,2026-08-27
Hyderabad,2026-08-27 18:00:00,14.4,24.0,423.0,9.3,3.7,72.0,66,2026-08-27
Hyderabad,2026-08-27 19:00:00,15.8,24.5,533.0,12.5,4.8,64.0,66,2026-08-27
Hyderabad,2026-08-27 20:00:00,17.1,25.4,586.0,14.7,5.6,57.0,65,2026-08-27
Hyderabad,2026-08-27 21:00:00,17.8,26.1,536.0,15.3,6.1,53.0,65,2026-08-27
Hyderabad,2026-08-27 22:00:00,18.0,26.5,430.0,14.8,6.3,51.0,64,2026-08-27
Hyderabad,2026-08-27 23:00:00,16.7,25.0,334.0,13.8,6.3,49.0,63,2026-08-27
Hyderabad,2026-08-28 00:00:00,13.6,20.3,269.0,12.0,5.8,45.0,62,2026-08-28
Hyderabad,2026-08-28 01:00:00,10.2,15.0,215.0,9.6,5.1,41.0,61,2026-08-28
Hyderabad,2026-08-28 02:00:00,8.0,11.8,177.0,7.9,4.5,38.0,60,2026-08-28
Hyderabad,2026-08-28 03:00:00,7.0,10.1,157.0,7.6,4.4,35.0,59,2026-08-28
Hyderabad,2026-08-28 04:00:00,6.1,8.7,153.0,7.9,4.5,32.0,58,2026-08-28
Hyderabad,2026-08-28 05:00:00,6.1,8.1,161.0,7.7,4.3,32.0,57,2026-08-28
Hyderabad,2026-08-28 06:00:00,5.8,7.7,189.0,7.0,4.3,34.0,57,2026-08-28
Hyderabad,2026-08-28 07:00:00,6.4,8.6,229.0,6.0,4.3,38.0,56,2026-08-28
Hyderabad,2026-08-28 08:00:00,6.9,11.9,251.0,5.0,4.2,44.0,56,2026-08-28
Hyderabad,2026-08-28 09:00:00,8.8,17.6,236.0,3.9,3.8,54.0,56,2026-08-28
Hyderabad,2026-08-28 10:00:00,10.1,21.3,203.0,2.6,3.2,67.0,56,2026-08-28
Hyderabad,2026-08-28 11:00:00,11.0,23.6,179.0,1.8,2.8,77.0,56,2026-08-28
Hyderabad,2026-08-28 12:00:00,11.6,25.6,174.0,1.4,2.6,83.0,55,2026-08-28
Hyderabad,2026-08-28 13:00:00,12.6,28.5,179.0,1.4,2.4,86.0,55,2026-08-28
Hyderabad,2026-08-28 14:00:00,13.6,31.0,194.0,1.8,2.4,88.0,55,2026-08-28
Hyderabad,2026-08-28 15:00:00,14.3,32.5,219.0,2.6,2.4,88.0,55,2026-08-28
Hyderabad,2026-08-28 16:00:00,15.4,34.0,255.0,3.9,2.5,85.0,55,2026-08-28
Hyderabad,2026-08-28 17:00:00,18.9,39.6,302.0,6.0,2.9,80.0,55,2026-08-28
Hyderabad,2026-08-28 18:00:00,20.1,37.1,383.0,9.4,3.8,72.0,56,2026-08-28
Hyderabad,2026-08-28 19:00:00,21.8,36.8,477.0,14.0,5.0,60.0,56,2026-08-28
Hyderabad,2026-08-28 20:00:00,22.8,36.6,514.0,16.8,5.9,52.0,56,2026-08-28
Hyderabad,2026-08-28 21:00:00,22.5,34.8,447.0,16.0,6.0,50.0,57,2026-08-28
Hyderabad,2026-08-28 22:00:00,19.9,30.0,324.0,13.3,5.8,52.0,57,2026-08-28
Hyderabad,2026-08-28 23:00:00,15.0,22.2,226.0,10.8,5.5,52.0,57,2026-08-28
Hyderabad,2026-08-29 00:00:00,11.1,16.4,185.0,9.2,5.1,49.0,57,2026-08-29
Hyderabad,2026-08-29 01:00:00,9.1,13.6,170.0,7.9,4.7,44.0,57,2026-08-29
Hyderabad,2026-08-29 02:00:00,8.0,11.9,160.0,7.1,4.4,40.0,57,2026-08-29
Hyderabad,2026-08-29 03:00:00,7.2,10.2,148.0,7.2,4.4,36.0,57,2026-08-29
Hyderabad,2026-08-29 04:00:00,6.2,8.5,143.0,7.9,4.5,32.0,57,2026-08-29
Hyderabad,2026-08-29 05:00:00,5.5,7.7,150.0,7.8,4.6,31.0,57,2026-08-29
Hyderabad,2026-08-29 06:00:00,5.6,8.1,182.0,7.4,4.6,31.0,57,2026-08-29
Hyderabad,2026-08-29 07:00:00,6.3,9.0,226.0,6.9,4.5,32.0,57,2026-08-29
Hyderabad,2026-08-29 08:00:00,6.2,9.7,251.0,6.1,4.3,35.0,57,2026-08-29
Hyderabad,2026-08-29 09:00:00,6.0,10.0,236.0,4.9,3.8,43.0,57,2026-08-29
Hyderabad,2026-08-29 10:00:00,6.4,12.3,201.0,3.4,3.3,53.0,57,2026-08-29
Hyderabad,2026-08-29 11:00:00,7.2,15.3,176.0,2.4,2.8,62.0,56,2026-08-29
Hyderabad,2026-08-29 12:00:00,7.7,16.8,171.0,2.0,2.6,68.0,56,2026-08-29
Hyderabad,2026-08-29 13:00:00,7.9,16.6,175.0,1.9,2.5,72.0,56,2026-08-29
Hyderabad,2026-08-29 14:00:00,7.6,15.2,189.0,2.3,2.5,75.0,55,2026-08-29
Hyderabad,2026-08-29 15:00:00,7.4,13.7,221.0,3.2,2.6,77.0,55,2026-08-29
Hyderabad,2026-08-29 16:00:00,7.8,13.5,263.0,4.5,2.7,77.0,54,2026-08-29
Hyderabad,2026-08-29 17:00:00,10.1,18.7,290.0,6.1,2.8,74.0,54,2026-08-29
Hyderabad,2026-08-29 18:00:00,11.9,18.7,289.0,8.3,3.5,68.0,53,2026-08-29
Hyderabad,2026-08-29 19:00:00,13.3,19.8,274.0,11.3,4.5,61.0,52,2026-08-29
Hyderabad,2026-08-29 20:00:00,13.4,19.8,258.0,12.9,5.1,54.0,52,2026-08-29
Hyderabad,2026-08-29 21:00:00,11.9,17.5,247.0,11.9,4.9,50.0,51,2026-08-29
Hyderabad,2026-08-29 22:00:00,9.8,14.5,236.0,9.5,4.4,48.0,50,2026-08-29
Hyderabad,2026-08-29 23:00:00,7.9,11.7,220.0,7.4,3.9,46.0,48,2026-08-29
Hyderabad,2026-08-30 00:00:00,6.3,9.6,195.0,6.2,3.7,46.0,47,2026-08-30
Hyderabad,2026-08-30 01:00:00,5.2,8.4,167.0,5.2,3.5,47.0,46,2026-08-30
Hyderabad,2026-08-30 02:00:00,4.8,8.1,146.0,4.8,3.5,46.0,45,2026-08-30
Hyderabad,2026-08-30 03:00:00,4.4,7.4,137.0,5.2,3.6,42.0,44,2026-08-30
Hyderabad,2026-08-30 04:00:00,4.0,6.3,136.0,6.1,3.8,36.0,43,2026-08-30
Hyderabad,2026-08-30 05:00:00,3.7,5.4,144.0,6.2,3.9,30.0,43,2026-08-30
Hyderabad,2026-08-30 06:00:00,4.2,6.1,168.0,5.7,3.9,31.0,42,2026-08-30
Hyderabad,2026-08-30 07:00:00,5.0,7.4,200.0,5.0,4.0,33.0,42,2026-08-30
Hyderabad,2026-08-30 08:00:00,5.4,9.4,217.0,4.2,3.9,37.0,42,2026-08-30
Hyderabad,2026-08-30 09:00:00,5.9,11.1,203.0,3.3,3.6,45.0,42,2026-08-30
Hyderabad,2026-08-30 10:00:00,7.0,14.4,173.0,2.2,3.1,55.0,41,2026-08-30
Hyderabad,2026-08-30 11:00:00,8.7,18.8,152.0,1.6,2.8,63.0,42,2026-08-30
Hyderabad,2026-08-30 12:00:00,9.6,20.7,145.0,1.4,2.7,66.0,42,2026-08-30
Hyderabad,2026-08-30 13:00:00,10.4,22.6,146.0,1.5,2.8,67.0,42,2026-08-30
Hyderabad,2026-08-30 14:00:00,10.9,22.3,160.0,2.4,3.0,66.0,43,2026-08-30
Hyderabad,2026-08-30 15:00:00,11.1,20.3,198.0,4.5,3.4,62.0,44,2026-08-30
Hyderabad,2026-08-30 16:00:00,11.4,19.0,250.0,7.4,3.9,55.0,45,2026-08-30
Hyderabad,2026-08-30 17:00:00,13.0,21.2,288.0,9.8,4.2,49.0,45,2026-08-30
Hyderabad,2026-08-30 18:00:00,13.7,20.8,301.0,10.2,4.4,47.0,46,2026-08-30
Hyderabad,2026-08-30 19:00:00,14.0,20.7,300.0,10.8,4.8,45.0,47,2026-08-30
Hyderabad,2026-08-30 20:00:00,14.3,21.4,292.0,11.0,5.0,44.0,47,2026-08-30
Hyderabad,2026-08-30 21:00:00,14.9,22.2,280.0,10.5,5.0,45.0,47,2026-08-30
Hyderabad,2026-08-30 22:00:00,15.3,23.1,261.0,9.8,5.0,46.0,48,2026-08-30
Hyderabad,2026-08-30 23:00:00,15.0,23.5,237.0,9.2,5.0,47.0,49,2026-08-30
Hyderabad,2026-08-31 00:00:00,14.7,23.4,204.0,9.2,5.2,46.0,50,2026-08-31
Hyderabad,2026-08-31 01:00:00,14.9,23.6,167.0,9.4,5.4,45.0,51,2026-08-31
Hyderabad,2026-08-31 02:00:00,14.6,22.3,140.0,9.4,5.5,43.0,52,2026-08-31
Hyderabad,2026-08-31 03:00:00,12.6,18.2,124.0,8.9,5.3,41.0,52,2026-08-31
Hyderabad,2026-08-31 04:00:00,9.9,13.6,117.0,8.2,5.0,39.0,53,2026-08-31
Hyderabad,2026-08-31 05:00:00,7.0,9.9,136.0,6.3,4.2,38.0,53,2026-08-31
Hyderabad,2026-08-31 06:00:00,6.9,9.7,206.0,7.4,4.6,34.0,54,2026-08-31
Hyderabad,2026-08-31 07:00:00,7.6,10.4,301.0,8.7,5.1,29.0,54,2026-08-31
Hyderabad,2026-08-31 08:00:00,8.1,10.9,354.0,9.1,5.4,29.0,54,2026-08-31
Hyderabad,2026-08-31 09:00:00,8.3,12.5,322.0,7.5,5.3,38.0,54,2026-08-31
Hyderabad,2026-08-31 10:00:00,9.0,14.7,247.0,4.9,4.9,52.0,55,2026-08-31
Hyderabad,2026-08-31 11:00:00,10.2,17.5,192.0,3.0,4.5,64.0,55,2026-08-31
Hyderabad,2026-08-31 12:00:00,10.5,19.0,171.0,2.3,4.1,71.0,55,2026-08-31
Hyderabad,2026-08-31 13:00:00,10.5,18.6,170.0,2.2,3.8,75.0,55,2026-08-31
Hyderabad,2026-08-31 14:00:00,10.7,18.8,201.0,2.8,3.6,77.0,55,2026-08-31
Hyderabad,2026-08-31 15:00:00,10.4,17.3,285.0,4.1,3.6,77.0,55,2026-08-31
Hyderabad,2026-08-31 16:00:00,10.0,15.9,401.0,6.0,3.8,75.0,55,2026-08-31
Hyderabad,2026-08-31 17:00:00,15.9,26.8,504.0,8.3,3.9,71.0,55,2026-08-31
Hyderabad,2026-08-31 18:00:00,17.5,26.3,594.0,12.0,4.9,63.0,55,2026-08-31
Hyderabad,2026-08-31 19:00:00,20.4,28.6,670.0,17.1,6.3,52.0,55,2026-08-31
Hyderabad,2026-08-31 20:00:00,21.0,28.5,686.0,20.5,7.2,44.0,56,2026-08-31
Hyderabad,2026-08-31 21:00:00,21.4,28.6,596.0,20.7,7.3,41.0,56,2026-08-31
Hyderabad,2026-08-31 22:00:00,21.1,27.8,446.0,19.2,7.0,41.0,57,2026-08-31
Hyderabad,2026-08-31 23:00:00,19.4,26.1,323.0,17.5,6.8,42.0,57,2026-08-31
Hyderabad,2026-09-01 00:00:00,17.8,24.7,263.0,15.7,6.7,43.0,58,2026-09-01
Hyderabad,2026-09-01 01:00:00,16.8,24.0,230.0,13.7,6.7,45.0,58,2026-09-01
Hyderabad,2026-09-01 02:00:00,16.2,23.3,208.0,12.4,6.7,45.0,58,2026-09-01
Hyderabad,2026-09-01 03:00:00,15.5,21.9,189.0,12.6,6.7,40.0,58,2026-09-01
Hyderabad,2026-09-01 04:00:00,14.5,19.7,181.0,13.5,6.7,34.0,58,2026-09-01
Hyderabad,2026-09-01 05:00:00,14.3,20.1,187.0,12.0,6.6,36.0,59,2026-09-01
Hyderabad,2026-09-01 06:00:00,13.7,17.9,219.0,11.0,6.9,39.0,59,2026-09-01
Hyderabad,2026-09-01 07:00:00,12.8,16.6,265.0,9.6,7.2,43.0,60,2026-09-01
Hyderabad,2026-09-01 08:00:00,12.0,16.2,290.0,8.0,7.2,49.0,60,2026-09-01
Hyderabad,2026-09-01 09:00:00,11.7,17.9,270.0,6.0,6.5,60.0,61,2026-09-01
Hyderabad,2026-09-01 10:00:00,11.8,19.8,229.0,3.8,5.5,73.0,61,2026-09-01
Hyderabad,2026-09-01 11:00:00,12.0,21.5,199.0,2.2,4.6,83.0,61,2026-09-01
Hyderabad,2026-09-01 12:00:00,12.3,22.9,192.0,1.6,4.0,89.0,61,2026-09-01
Hyderabad,2026-09-01 13:00:00,12.7,24.1,197.0,1.5,3.6,92.0,61,2026-09-01
Hyderabad,2026-09-01 14:00:00,13.1,25.0,211.0,2.1,3.4,93.0,61,2026-09-01
Hyderabad,2026-09-01 15:00:00,13.6,25.8,222.0,2.9,3.3,92.0,62,2026-09-01
Hyderabad,2026-09-01 16:00:00,13.8,25.2,243.0,4.3,3.4,88.0,62,2026-09-01
Hyderabad,2026-09-01 17:00:00,18.7,32.0,311.0,8.3,4.1,81.0,62,2026-09-01
Hyderabad,2026-09-01 18:00:00,21.5,33.6,485.0,15.3,5.5,68.0,62,2026-09-01
Hyderabad,2026-09-01 19:00:00,26.1,38.1,705.0,24.8,7.4,49.0,63,2026-09-01
Hyderabad,2026-09-01 20:00:00,29.2,41.0,831.0,31.8,8.9,35.0,63,2026-09-01
Hyderabad,2026-09-01 21:00:00,31.7,43.2,783.0,34.2,9.5,28.0,64,2026-09-01
Hyderabad,2026-09-01 22:00:00,32.9,44.5,640.0,34.0,9.6,25.0,65,2026-09-01
Hyderabad,2026-09-01 23:00:00,32.2,44.0,501.0,31.9,9.3,26.0,66,2026-09-01
Hyderabad,2026-09-02 00:00:00,28.9,41.2,389.0,26.7,8.5,32.0,67,2026-09-02
Hyderabad,2026-09-02 01:00:00,24.0,36.0,281.0,19.6,7.2,41.0,67,2026-09-02
Hyderabad,2026-09-02 02:00:00,20.7,31.7,204.0,14.4,6.4,46.0,68,2026-09-02
Hyderabad,2026-09-02 03:00:00,18.4,27.2,165.0,13.2,6.3,43.0,68,2026-09-02
Hyderabad,2026-09-02 04:00:00,16.5,23.5,157.0,14.0,6.5,36.0,69,2026-09-02
Hyderabad,2026-09-02 05:00:00,16.1,24.3,186.0,11.7,5.8,46.0,69,2026-09-02
Hyderabad,2026-09-02 06:00:00,16.5,24.3,290.0,12.4,6.7,47.0,69,2026-09-02
Hyderabad,2026-09-02 07:00:00,18.0,23.9,431.0,13.3,7.9,50.0,69,2026-09-02
Hyderabad,2026-09-02 08:00:00,17.7,24.9,503.0,12.9,8.4,55.0,70,2026-09-02
Hyderabad,2026-09-02 09:00:00,14.6,20.7,437.0,9.9,7.6,66.0,70,2026-09-02
Hyderabad,2026-09-02 10:00:00,12.8,19.0,301.0,5.5,6.0,81.0,70,2026-09-02
Hyderabad,2026-09-02 11:00:00,11.5,18.2,200.0,2.3,4.7,91.0,70,2026-09-02
Hyderabad,2026-09-02 12:00:00,10.5,17.6,176.0,1.3,3.9,94.0,70,2026-09-02
Hyderabad,2026-09-02 13:00:00,10.1,17.6,186.0,1.4,3.3,93.0,70,2026-09-02
Hyderabad,2026-09-02 14:00:00,10.0,17.7,204.0,2.1,2.9,90.0,70,2026-09-02
Hyderabad,2026-09-02 15:00:00,10.0,17.7,220.0,2.8,2.7,88.0,70,2026-09-02
Hyderabad,2026-09-02 16:00:00,9.9,17.3,243.0,4.0,2.6,84.0,69,2026-09-02
Hyderabad,2026-09-02 17:00:00,12.6,20.9,282.0,7.3,3.0,75.0,69,2026-09-02
Hyderabad,2026-09-02 18:00:00,15.1,22.5,355.0,13.7,4.3,62.0,69,2026-09-02
Hyderabad,2026-09-02 19:00:00,19.2,26.4,443.0,22.3,6.1,45.0,68,2026-09-02
Hyderabad,2026-09-02 20:00:00,22.5,29.7,495.0,27.6,7.3,34.0,68,2026-09-02
Hyderabad,2026-09-02 21:00:00,23.9,31.3,484.0,26.3,7.3,35.0,67,2026-09-02
Hyderabad,2026-09-02 22:00:00,21.0,27.5,436.0,21.6,6.6,41.0,66,2026-09-02
Hyderabad,2026-09-02 23:00:00,16.6,22.3,378.0,17.3,6.0,46.0,65,2026-09-02
Hyderabad,2026-09-03 00:00:00,13.7,18.1,305.0,14.8,5.6,45.0,64,2026-09-03
Hyderabad,2026-09-03 01:00:00,12.3,16.1,222.0,12.7,5.2,43.0,63,2026-09-03
Hyderabad,2026-09-03 02:00:00,11.4,14.5,166.0,11.2,5.0,40.0,62,2026-09-03
Hyderabad,2026-09-03 03:00:00,9.6,11.9,156.0,10.6,5.0,36.0,61,2026-09-03
Hyderabad,2026-09-03 04:00:00,7.9,9.3,173.0,10.6,5.2,32.0,61,2026-09-03
Hyderabad,2026-09-03 05:00:00,2.7,2.9,199.0,7.9,4.2,33.0,60,2026-09-03
Hyderabad,2026-09-03 06:00:00,3.7,4.0,240.0,8.3,4.7,32.0,59,2026-09-03
Hyderabad,2026-09-03 07:00:00,4.9,5.4,290.0,8.8,5.4,31.0,58,2026-09-03
Hyderabad,2026-09-03 08:00:00,5.5,6.5,318.0,8.7,5.8,33.0,57,2026-09-03
Hyderabad,2026-09-03 09:00:00,6.4,8.4,303.0,7.4,5.6,40.0,56,2026-09-03
Hyderabad,2026-09-03 10:00:00,8.0,11.6,265.0,5.5,5.0,50.0,55,2026-09-03
Hyderabad,2026-09-03 11:00:00,9.3,14.6,237.0,4.0,4.5,59.0,55,2026-09-03
Hyderabad,2026-09-03 12:00:00,10.3,16.5,229.0,3.3,4.2,67.0,55,2026-09-03
Hyderabad,2026-09-03 13:00:00,11.1,18.0,230.0,3.1,3.9,74.0,55,2026-09-03
Hyderabad,2026-09-03 14:00:00,12.9,21.1,238.0,3.3,3.7,78.0,55,2026-09-03
Hyderabad,2026-09-03 15:00:00,12.1,19.2,255.0,3.4,3.4,80.0,55,2026-09-03
Hyderabad,2026-09-03 16:00:00,12.0,18.9,278.0,4.0,3.2,80.0,55,2026-09-03
Hyderabad,2026-09-03 17:00:00,15.3,23.6,300.0,7.7,3.7,68.0,55,2026-09-03
Hyderabad,2026-09-03 18:00:00,16.9,23.2,319.0,12.3,4.7,58.0,56,2026-09-03
Hyderabad,2026-09-03 19:00:00,19.5,25.4,337.0,18.5,6.1,44.0,56,2026-09-03
Hyderabad,2026-09-03 20:00:00,20.5,26.4,343.0,22.4,7.0,35.0,56,2026-09-03
Hyderabad,2026-09-03 21:00:00,20.7,26.7,332.0,22.0,7.1,34.0,56,2026-09-03
Hyderabad,2026-09-03 22:00:00,20.7,27.1,310.0,19.4,6.7,36.0,55,2026-09-03
Hyderabad,2026-09-03 23:00:00,19.6,26.1,285.0,16.6,6.4,39.0,55,2026-09-03
Hyderabad,2026-09-04 00:00:00,17.3,23.3,258.0,14.2,6.3,41.0,56,2026-09-04
Hyderabad,2026-09-04 01:00:00,14.2,18.8,228.0,11.7,6.2,43.0,56,2026-09-04
Hyderabad,2026-09-04 02:00:00,10.9,14.1,207.0,10.0,6.2,43.0,56,2026-09-04
Hyderabad,2026-09-04 03:00:00,8.6,11.0,196.0,10.0,6.2,39.0,56,2026-09-04
Hyderabad,2026-09-04 04:00:00,7.5,9.5,194.0,10.9,6.1,33.0,56,2026-09-04
Hyderabad,2026-09-04 05:00:00,6.6,8.7,203.0,9.8,5.1,31.0,56,2026-09-04
Hyderabad,2026-09-04 06:00:00,8.1,10.5,235.0,9.1,5.4,34.0,56,2026-09-04
Hyderabad,2026-09-04 07:00:00,9.5,13.0,279.0,8.0,5.7,38.0,57,2026-09-04
Hyderabad,2026-09-04 08:00:00,11.4,16.7,301.0,6.7,5.8,45.0,57,2026-09-04
Hyderabad,2026-09-04 09:00:00,11.7,19.3,279.0,5.1,5.4,58.0,57,2026-09-04
Hyderabad,2026-09-04 10:00:00,12.5,22.7,234.0,3.4,4.8,74.0,58,2026-09-04
Hyderabad,2026-09-04 11:00:00,12.7,23.9,201.0,2.1,4.2,86.0,58,2026-09-04
Hyderabad,2026-09-04 12:00:00,12.7,24.6,190.0,1.6,3.7,91.0,58,2026-09-04
Hyderabad,2026-09-04 13:00:00,12.7,24.4,190.0,1.5,3.2,92.0,59,2026-09-04
Hyderabad,2026-09-04 14:00:00,12.6,24.2,199.0,2.0,2.9,92.0,59,2026-09-04
Hyderabad,2026-09-04 15:00:00,12.7,23.9,216.0,2.5,2.7,91.0,59,2026-09-04
Hyderabad,2026-09-04 16:00:00,13.1,24.2,242.0,3.6,2.8,88.0,59,2026-09-04
Hyderabad,2026-09-04 17:00:00,18.7,35.3,285.0,6.0,2.9,82.0,59,2026-09-04
Hyderabad,2026-09-04 18:00:00,20.8,33.4,366.0,12.0,4.1,70.0,59,2026-09-04
Hyderabad,2026-09-04 19:00:00,23.5,35.0,464.0,20.4,5.9,54.0,59,2026-09-04
Hyderabad,2026-09-04 20:00:00,26.8,38.4,517.0,27.6,7.5,40.0,60,2026-09-04
Hyderabad,2026-09-04 21:00:00,30.5,42.5,491.0,32.6,9.0,32.0,60,2026-09-04
Hyderabad,2026-09-04 22:00:00,34.1,46.6,420.0,36.5,10.3,27.0,61,2026-09-04
Hyderabad,2026-09-04 23:00:00,37.5,50.5,352.0,38.9,11.1,24.0,62,2026-09-04
Hyderabad,2026-09-05 00:00:00,38.5,52.0,297.0,39.9,11.0,22.0,63,2026-09-05
Hyderabad,2026-09-05 01:00:00,38.1,51.8,244.0,39.5,10.4,22.0,65,2026-09-05
Hyderabad,2026-09-05 02:00:00,34.8,48.3,206.0,37.0,9.6,23.0,67,2026-09-05
Hyderabad,2026-09-05 03:00:00,29.6,42.4,189.0,31.2,8.7,26.0,69,2026-09-05
Hyderabad,2026-09-05 04:00:00,24.2,35.3,187.0,23.5,7.6,32.0,70,2026-09-05
Hyderabad,2026-09-05 05:00:00,13.0,17.6,199.0,12.9,6.5,31.0,72,2026-09-05
Hyderabad,2026-09-05 06:00:00,12.8,16.8,238.0,11.6,6.5,37.0,72,2026-09-05
Hyderabad,2026-09-05 07:00:00,13.5,17.5,290.0,9.7,6.4,46.0,73,2026-09-05
Hyderabad,2026-09-05 08:00:00,13.4,19.6,317.0,7.7,6.2,56.0,73,2026-09-05
Hyderabad,2026-09-05 09:00:00,13.8,22.3,292.0,5.6,5.7,70.0,73,2026-09-05
Hyderabad,2026-09-05 10:00:00,14.1,25.0,241.0,3.5,5.0,85.0,73,2026-09-05
Hyderabad,2026-09-05 11:00:00,13.0,24.2,203.0,2.0,4.3,96.0,73,2026-09-05
Hyderabad,2026-09-05 12:00:00,11.8,22.7,191.0,1.4,3.7,98.0,73,2026-09-05
Hyderabad,2026-09-05 13:00:00,10.9,21.5,190.0,1.4,3.1,94.0,73,2026-09-05
Hyderabad,2026-09-05 14:00:00,10.5,20.7,199.0,1.9,2.7,91.0,73,2026-09-05
Hyderabad,2026-09-05 15:00:00,10.3,20.0,214.0,2.7,2.6,90.0,73,2026-09-05
Hyderabad,2026-09-05 16:00:00,10.4,19.4,238.0,4.0,2.6,88.0,73,2026-09-05
Hyderabad,2026-09-05 17:00:00,10.6,19.4,276.0,6.1,2.8,81.0,73,2026-09-05
Hyderabad,2026-09-05 18:00:00,14.2,22.1,344.0,13.1,4.0,68.0,72,2026-09-05
Hyderabad,2026-09-05 19:00:00,18.9,26.4,427.0,22.7,5.8,50.0,72,2026-09-05
Hyderabad,2026-09-05 20:00:00,21.7,28.9,477.0,30.1,7.2,36.0,71,2026-09-05
Hyderabad,2026-09-05 21:00:00,23.8,31.0,473.0,33.5,8.1,29.0,71,2026-09-05
Hyderabad,2026-09-05 22:00:00,26.0,33.2,437.0,34.6,8.6,26.0,70,2026-09-05
Hyderabad,2026-09-05 23:00:00,26.6,34.1,390.0,33.7,8.7,26.0,70,2026-09-05
Hyderabad,2026-09-06 00:00:00,25.1,33.1,329.0,29.6,8.0,30.0,69,2026-09-06
Hyderabad,2026-09-06 01:00:00,21.7,29.4,256.0,23.4,6.9,36.0,68,2026-09-06
Hyderabad,2026-09-06 02:00:00,18.2,25.6,205.0,18.6,6.2,41.0,66,2026-09-06
Hyderabad,2026-09-06 03:00:00,16.4,23.0,190.0,16.9,6.3,40.0,65,2026-09-06
Hyderabad,2026-09-06 04:00:00,15.9,22.2,196.0,16.7,6.7,37.0,64,2026-09-06
Hyderabad,2026-09-06 05:00:00,20.3,28.6,207.0,13.1,7.3,47.0,63,2026-09-06
Hyderabad,2026-09-06 06:00:00,19.3,26.6,225.0,11.2,7.9,54.0,64,2026-09-06
Hyderabad,2026-09-06 07:00:00,18.7,25.0,249.0,8.5,8.6,63.0,64,2026-09-06
Hyderabad,2026-09-06 08:00:00,17.3,24.6,257.0,6.1,8.9,74.0,65,2026-09-06
Hyderabad,2026-09-06 09:00:00,15.6,22.3,235.0,4.3,8.2,86.0,65,2026-09-06
Hyderabad,2026-09-06 10:00:00,14.1,20.1,197.0,2.8,7.1,99.0,65,2026-09-06
Hyderabad,2026-09-06 11:00:00,12.8,18.3,169.0,1.8,6.0,108.0,65,2026-09-06
Hyderabad,2026-09-06 12:00:00,11.9,17.1,160.0,1.3,5.2,110.0,65,2026-09-06
Hyderabad,2026-09-06 13:00:00,11.1,16.2,160.0,1.3,4.5,107.0,65,2026-09-06
Hyderabad,2026-09-06 14:00:00,10.4,15.9,167.0,1.6,3.9,103.0,65,2026-09-06
Hyderabad,2026-09-06 15:00:00,11.0,17.5,180.0,2.1,3.4,97.0,65,2026-09-06
Hyderabad,2026-09-06 16:00:00,10.3,16.2,199.0,2.9,3.1,90.0,65,2026-09-06
Hyderabad,2026-09-06 17:00:00,8.2,11.2,222.0,4.7,3.4,83.0,65,2026-09-06
Hyderabad,2026-09-06 18:00:00,10.0,12.6,258.0,8.1,4.2,74.0,65,2026-09-06
Hyderabad,2026-09-06 19:00:00,13.2,15.9,298.0,13.0,5.4,61.0,65,2026-09-06
Hyderabad,2026-09-06 20:00:00,17.3,20.4,316.0,17.3,6.4,50.0,64,2026-09-06
Hyderabad,2026-09-06 21:00:00,21.2,24.8,296.0,21.3,7.2,40.0,64,2026-09-06
Hyderabad,2026-09-06 22:00:00,24.3,28.1,255.0,24.7,7.9,31.0,64,2026-09-06
Hyderabad,2026-09-06 23:00:00,25.3,29.2,216.0,25.5,8.1,28.0,64,2026-09-06
Hyderabad,2026-09-07 00:00:00,19.0,22.5,186.0,21.5,7.4,35.0,64,2026-09-07
Hyderabad,2026-09-07 01:00:00,13.4,17.3,158.0,14.8,6.2,48.0,63,2026-09-07
Hyderabad,2026-09-07 02:00:00,10.8,14.2,142.0,9.5,5.2,58.0,63,2026-09-07
Hyderabad,2026-09-07 03:00:00,9.6,13.2,138.0,7.3,4.5,60.0,62,2026-09-07
Hyderabad,2026-09-07 04:00:00,9.1,13.2,145.0,6.6,4.0,58.0,61,2026-09-07
Hyderabad,2026-09-07 05:00:00,9.2,12.2,167.0,7.8,5.4,51.0,61,2026-09-07
Hyderabad,2026-09-07 06:00:00,9.3,11.8,218.0,8.1,6.0,53.0,60,2026-09-07
Hyderabad,2026-09-07 07:00:00,10.3,12.6,283.0,8.4,6.7,56.0,59,2026-09-07
Hyderabad,2026-09-07 08:00:00,11.0,14.3,321.0,8.1,7.2,62.0,59,2026-09-07
Hyderabad,2026-09-07 09:00:00,12.4,18.0,305.0,6.5,7.2,74.0,58,2026-09-07
Hyderabad,2026-09-07 10:00:00,13.4,20.5,262.0,4.2,6.9,88.0,58,2026-09-07
Hyderabad,2026-09-07 11:00:00,13.1,20.0,227.0,2.5,6.5,99.0,58,2026-09-07
Hyderabad,2026-09-07 12:00:00,12.0,18.0,212.0,1.8,5.9,105.0,58,2026-09-07
Hyderabad,2026-09-07 13:00:00,11.3,16.8,206.0,1.6,5.2,107.0,58,2026-09-07
Hyderabad,2026-09-07 14:00:00,10.8,16.4,213.0,2.0,4.6,106.0,58,2026-09-07
Hyderabad,2026-09-07 15:00:00,10.7,16.3,241.0,2.4,4.0,101.0,58,2026-09-07
Hyderabad,2026-09-07 16:00:00,10.3,15.6,283.0,3.4,3.4,92.0,58,2026-09-07
Hyderabad,2026-09-07 17:00:00,12.6,18.6,322.0,6.8,3.9,83.0,58,2026-09-07
Hyderabad,2026-09-07 18:00:00,14.5,19.1,353.0,12.7,5.1,70.0,58,2026-09-07
Hyderabad,2026-09-07 19:00:00,20.1,25.1,381.0,21.1,6.8,52.0,58,2026-09-07
Hyderabad,2026-09-07 20:00:00,24.0,30.0,409.0,28.5,8.5,37.0,59,2026-09-07
Hyderabad,2026-09-07 21:00:00,28.6,35.0,453.0,35.0,10.5,27.0,60,2026-09-07
Hyderabad,2026-09-07 22:00:00,34.6,41.3,496.0,40.6,12.4,19.0,60,2026-09-07
Hyderabad,2026-09-07 23:00:00,38.0,45.2,494.0,41.9,13.1,17.0,61,2026-09-07
Hyderabad,2026-09-08 00:00:00,38.8,46.2,401.0,35.8,11.3,24.0,62,2026-09-08
Hyderabad,2026-09-08 01:00:00,27.2,33.9,262.0,25.4,8.2,36.0,64,2026-09-08
Hyderabad,2026-09-08 02:00:00,16.4,20.6,164.0,17.3,5.8,44.0,65,2026-09-08
Hyderabad,2026-09-08 03:00:00,12.3,16.2,150.0,14.2,5.0,41.0,65,2026-09-08
Hyderabad,2026-09-08 04:00:00,11.8,15.9,177.0,13.4,4.9,34.0,65,2026-09-08
Hyderabad,2026-09-08 05:00:00,15.4,23.3,208.0,13.6,6.1,35.0,65,2026-09-08
Hyderabad,2026-09-08 06:00:00,16.4,24.2,238.0,12.2,6.6,43.0,66,2026-09-08
Hyderabad,2026-09-08 07:00:00,18.5,26.6,273.0,10.2,7.3,55.0,67,2026-09-08
Hyderabad,2026-09-08 08:00:00,20.0,31.0,290.0,8.1,7.7,69.0,67,2026-09-08
Hyderabad,2026-09-08 09:00:00,19.5,32.1,273.0,6.0,7.5,86.0,68,2026-09-08
Hyderabad,2026-09-08 10:00:00,18.5,31.5,237.0,3.8,6.9,105.0,68,2026-09-08
Hyderabad,2026-09-08 11:00:00,17.4,30.4,211.0,2.2,6.3,118.0,69,2026-09-08
Hyderabad,2026-09-08 12:00:00,16.6,29.3,204.0,1.5,5.6,122.0,69,2026-09-08
Hyderabad,2026-09-08 13:00:00,15.6,28.0,206.0,1.5,4.9,120.0,70,2026-09-08
Hyderabad,2026-09-08 14:00:00,15.1,27.4,214.0,2.0,4.4,116.0,70,2026-09-08
Hyderabad,2026-09-08 15:00:00,15.0,27.5,226.0,2.9,4.0,109.0,70,2026-09-08
Hyderabad,2026-09-08 16:00:00,14.6,26.4,243.0,4.3,3.7,100.0,71,2026-09-08
Hyderabad,2026-09-08 17:00:00,14.5,25.3,269.0,5.3,4.2,98.0,71,2026-09-08
Hyderabad,2026-09-08 18:00:00,16.3,26.4,308.0,10.6,5.2,84.0,71,2026-09-08
Hyderabad,2026-09-08 19:00:00,20.1,30.5,356.0,18.0,6.7,64.0,71,2026-09-08
Hyderabad,2026-09-08 20:00:00,25.2,36.7,398.0,24.6,8.0,47.0,71,2026-09-08
Hyderabad,2026-09-08 21:00:00,30.9,43.4,443.0,30.4,9.1,35.0,71,2026-09-08
Hyderabad,2026-09-08 22:00:00,35.5,48.9,482.0,35.5,10.1,26.0,71,2026-09-08
Hyderabad,2026-09-08 23:00:00,35.2,48.8,482.0,37.1,10.5,22.0,72,2026-09-08
Hyderabad,2026-09-09 00:00:00,31.2,45.2,407.0,32.5,9.8,26.0,71,2026-09-09
Hyderabad,2026-09-09 01:00:00,27.0,40.5,293.0,24.5,8.6,35.0,71,2026-09-09
Hyderabad,2026-09-09 02:00:00,24.6,37.7,209.0,18.0,7.7,41.0,71,2026-09-09
Hyderabad,2026-09-09 03:00:00,23.3,35.6,188.0,15.3,7.6,41.0,71,2026-09-09
Hyderabad,2026-09-09 04:00:00,22.4,33.6,197.0,14.2,7.8,39.0,72,2026-09-09
Hyderabad,2026-09-09 05:00:00,23.8,36.8,214.0,12.4,8.5,45.0,73,2026-09-09
Hyderabad,2026-09-09 06:00:00,22.6,33.8,239.0,11.2,8.7,51.0,74,2026-09-09
Hyderabad,2026-09-09 07:00:00,22.1,32.8,271.0,9.4,9.0,61.0,74,2026-09-09
Hyderabad,2026-09-09 08:00:00,21.7,34.9,287.0,7.6,8.9,72.0,74,2026-09-09
Hyderabad,2026-09-09 09:00:00,21.8,36.1,269.0,5.6,8.2,88.0,75,2026-09-09
Hyderabad,2026-09-09 10:00:00,20.2,33.3,234.0,3.6,7.2,106.0,75,2026-09-09
Hyderabad,2026-09-09 11:00:00,18.7,30.7,211.0,2.2,6.3,118.0,75,2026-09-09
Hyderabad,2026-09-09 12:00:00,18.7,31.4,211.0,1.8,5.6,119.0,75,2026-09-09
Hyderabad,2026-09-09 13:00:00,16.3,27.6,222.0,2.0,5.1,114.0,75,2026-09-09
Hyderabad,2026-09-09 14:00:00,17.6,30.4,237.0,2.8,4.7,108.0,75,2026-09-09
Hyderabad,2026-09-09 15:00:00,14.6,24.3,256.0,4.1,4.4,102.0,75,2026-09-09
Hyderabad,2026-09-09 16:00:00,14.4,23.3,278.0,5.9,4.3,95.0,75,2026-09-09
Hyderabad,2026-09-09 17:00:00,14.8,24.4,297.0,6.1,4.7,102.0,75,2026-09-09
Hyderabad,2026-09-09 18:00:00,16.8,25.4,307.0,11.4,5.8,88.0,75,2026-09-09
Hyderabad,2026-09-09 19:00:00,20.4,29.3,314.0,18.7,7.3,68.0,75,2026-09-09
Hyderabad,2026-09-09 20:00:00,24.6,34.2,324.0,24.3,8.5,52.0,75,2026-09-09
Hyderabad,2026-09-09 21:00:00,28.6,38.9,345.0,26.9,9.1,43.0,75,2026-09-09
Hyderabad,2026-09-09 22:00:00,29.3,40.5,369.0,27.8,9.4,39.0,75,2026-09-09
Hyderabad,2026-09-09 23:00:00,28.5,40.2,380.0,27.2,9.4,37.0,75,2026-09-09
Hyderabad,2026-09-10 00:00:00,27.1,38.8,366.0,24.5,9.1,39.0,74,2026-09-10
Hyderabad,2026-09-10 01:00:00,25.0,37.3,337.0,20.2,8.6,44.0,74,2026-09-10
Hyderabad,2026-09-10 02:00:00,23.2,35.2,313.0,16.6,8.3,49.0,74,2026-09-10
Hyderabad,2026-09-10 03:00:00,21.6,33.3,296.0,14.4,8.4,51.0,74,2026-09-10
Hyderabad,2026-09-10 04:00:00,20.5,32.0,283.0,12.7,8.6,52.0,73,2026-09-10
Hyderabad,2026-09-10 05:00:00,20.2,29.9,279.0,15.4,9.0,47.0,73,2026-09-10
Hyderabad,2026-09-10 06:00:00,20.1,29.9,297.0,13.8,9.1,55.0,73,2026-09-10
Hyderabad,2026-09-10 07:00:00,21.5,30.0,324.0,11.4,9.3,68.0,73,2026-09-10
Hyderabad,2026-09-10 08:00:00,23.2,33.4,334.0,9.1,9.3,81.0,73,2026-09-10
Hyderabad,2026-09-10 09:00:00,24.5,36.8,307.0,6.8,9.1,96.0,73,2026-09-10
Hyderabad,2026-09-10 10:00:00,24.5,37.5,261.0,4.4,8.7,113.0,73,2026-09-10
Hyderabad,2026-09-10 11:00:00,23.6,35.9,228.0,2.8,8.3,125.0,73,2026-09-10
Hyderabad,2026-09-10 12:00:00,23.2,35.0,218.0,2.1,7.9,131.0,74,2026-09-10
Hyderabad,2026-09-10 13:00:00,23.0,34.7,219.0,2.0,7.4,134.0,74,2026-09-10
Hyderabad,2026-09-10 14:00:00,22.8,34.6,228.0,2.6,7.1,132.0,75,2026-09-10
Hyderabad,2026-09-10 15:00:00,22.5,33.1,247.0,3.9,6.8,126.0,75,2026-09-10
Hyderabad,2026-09-10 16:00:00,21.1,29.6,274.0,5.8,6.6,116.0,76,2026-09-10
Hyderabad,2026-09-10 17:00:00,20.4,28.8,292.0,6.8,6.5,107.0,76,2026-09-10
Hyderabad,2026-09-10 18:00:00,21.3,28.8,290.0,9.2,7.1,98.0,77,2026-09-10
Hyderabad,2026-09-10 19:00:00,22.6,29.8,279.0,12.6,7.9,84.0,77,2026-09-10
Hyderabad,2026-09-10 20:00:00,24.4,31.7,283.0,15.7,8.8,73.0,77,2026-09-10
Hyderabad,2026-09-10 21:00:00,26.1,33.9,322.0,18.5,9.7,65.0,77,2026-09-10
Hyderabad,2026-09-10 22:00:00,27.2,35.7,375.0,21.1,10.7,59.0,77,2026-09-10
Hyderabad,2026-09-10 23:00:00,27.0,36.0,403.0,21.8,11.1,56.0,77,2026-09-10
Hyderabad,2026-09-11 00:00:00,24.5,34.5,380.0,19.3,10.6,57.0,77,2026-09-11
Hyderabad,2026-09-11 01:00:00,23.2,33.4,332.0,15.1,9.7,62.0,77,2026-09-11
Hyderabad,2026-09-11 02:00:00,22.1,32.6,292.0,11.6,8.9,65.0,76,2026-09-11
Hyderabad,2026-09-11 03:00:00,21.1,31.5,269.0,9.9,8.6,65.0,76,2026-09-11
Hyderabad,2026-09-11 04:00:00,20.8,30.9,255.0,8.9,8.4,65.0,76,2026-09-11
Hyderabad,2026-09-11 05:00:00,22.1,32.5,255.0,11.4,9.2,60.0,76,2026-09-11
Hyderabad,2026-09-11 06:00:00,22.6,32.6,283.0,10.5,9.4,66.0,76,2026-09-11
Hyderabad,2026-09-11 07:00:00,24.2,33.3,326.0,9.3,9.6,75.0,77,2026-09-11
Hyderabad,2026-09-11 08:00:00,25.0,37.5,346.0,7.8,9.5,85.0,77,2026-09-11
Hyderabad,2026-09-11 09:00:00,26.0,41.8,320.0,6.0,8.9,99.0,77,2026-09-11
Hyderabad,2026-09-11 10:00:00,26.2,43.5,271.0,3.9,8.1,114.0,77,2026-09-11
Hyderabad,2026-09-11 11:00:00,25.7,42.6,236.0,2.5,7.3,125.0,77,2026-09-11
Hyderabad,2026-09-11 12:00:00,24.8,40.7,228.0,2.0,6.6,130.0,77,2026-09-11
Hyderabad,2026-09-11 13:00:00,24.3,39.2,233.0,2.0,6.0,130.0,78,2026-09-11
Hyderabad,2026-09-11 14:00:00,23.6,37.7,249.0,2.6,5.6,128.0,78,2026-09-11
Hyderabad,2026-09-11 15:00:00,22.9,36.1,281.0,3.9,5.4,122.0,78,2026-09-11
Hyderabad,2026-09-11 16:00:00,22.4,34.1,322.0,5.7,5.5,113.0,78,2026-09-11
Hyderabad,2026-09-11 17:00:00,25.3,37.6,355.0,9.5,5.9,97.0,78,2026-09-11
Hyderabad,2026-09-11 18:00:00,25.8,36.8,368.0,11.6,6.5,89.0,78,2026-09-11
Hyderabad,2026-09-11 19:00:00,27.5,38.3,371.0,14.5,7.4,78.0,79,2026-09-11
Hyderabad,2026-09-11 20:00:00,28.6,39.0,378.0,17.0,8.2,69.0,79,2026-09-11
Hyderabad,2026-09-11 21:00:00,29.2,39.3,398.0,18.7,9.0,64.0,79,2026-09-11
Hyderabad,2026-09-11 22:00:00,30.0,40.6,420.0,19.9,9.8,61.0,80,2026-09-11
Hyderabad,2026-09-11 23:00:00,30.9,42.1,428.0,20.1,10.1,59.0,80,2026-09-11
Hyderabad,2026-09-12 00:00:00,30.4,42.3,409.0,18.8,9.7,58.0,80,2026-09-12
Hyderabad,2026-09-12 01:00:00,28.6,40.0,376.0,16.6,8.9,58.0,81,2026-09-12
Hyderabad,2026-09-12 02:00:00,27.6,39.2,343.0,14.4,8.3,59.0,81,2026-09-12
Hyderabad,2026-09-12 03:00:00,26.4,37.8,306.0,12.4,8.1,61.0,81,2026-09-12
Hyderabad,2026-09-12 04:00:00,25.2,36.7,269.0,10.4,8.1,63.0,82,2026-09-12
Hyderabad,2026-09-12 05:00:00,32.5,42.7,263.0,19.6,8.5,38.0,82,2026-09-12
Hyderabad,2026-09-12 06:00:00,31.1,40.5,326.0,17.7,7.9,48.0,83,2026-09-12
Hyderabad,2026-09-12 07:00:00,27.5,36.9,420.0,14.9,7.2,63.0,84,2026-09-12
Hyderabad,2026-09-12 08:00:00,22.9,30.9,465.0,12.1,6.6,76.0,84,2026-09-12
Hyderabad,2026-09-12 09:00:00,19.7,27.0,410.0,9.2,6.5,87.0,84,2026-09-12
Hyderabad,2026-09-12 10:00:00,17.6,24.0,306.0,6.3,6.5,96.0,83,2026-09-12
Hyderabad,2026-09-12 11:00:00,15.9,21.9,228.0,4.2,6.6,104.0,83,2026-09-12
Hyderabad,2026-09-12 12:00:00,14.4,19.4,202.0,3.3,6.6,110.0,82,2026-09-12
Hyderabad,2026-09-12 13:00:00,14.6,19.5,202.0,3.3,6.6,114.0,81,2026-09-12
Hyderabad,2026-09-12 14:00:00,15.4,20.7,219.0,4.1,6.6,114.0,80,2026-09-12
Hyderabad,2026-09-12 15:00:00,16.2,21.9,256.0,5.0,6.4,111.0,80,2026-09-12
Hyderabad,2026-09-12 16:00:00,17.1,23.1,310.0,6.7,6.1,104.0,79,2026-09-12
Hyderabad,2026-09-12 17:00:00,27.6,39.2,367.0,12.6,7.1,93.0,79,2026-09-12
Hyderabad,2026-09-12 18:00:00,30.6,39.7,433.0,21.2,8.5,75.0,79,2026-09-12
Hyderabad,2026-09-12 19:00:00,34.7,44.5,502.0,33.0,10.5,51.0,79,2026-09-12
Hyderabad,2026-09-12 20:00:00,38.8,48.5,534.0,40.4,11.9,35.0,80,2026-09-12
Hyderabad,2026-09-12 21:00:00,40.6,49.6,503.0,39.9,12.3,34.0,81,2026-09-12
Hyderabad,2026-09-12 22:00:00,38.6,46.1,437.0,35.2,12.1,40.0,81,2026-09-12
Hyderabad,2026-09-12 23:00:00,34.7,41.0,373.0,29.7,11.5,47.0,82,2026-09-12
Hyderabad,2026-09-13 00:00:00,32.4,38.2,323.0,23.7,10.4,54.0,82,2026-09-13
Hyderabad,2026-09-13 01:00:00,31.1,37.1,277.0,16.9,8.8,62.0,83,2026-09-13
Hyderabad,2026-09-13 02:00:00,29.3,35.4,243.0,12.2,7.7,67.0,83,2026-09-13
Hyderabad,2026-09-13 03:00:00,26.0,32.2,217.0,11.2,7.3,64.0,83,2026-09-13
Hyderabad,2026-09-13 04:00:00,24.3,29.3,204.0,12.3,7.2,57.0,83,2026-09-13
Hyderabad,2026-09-13 05:00:00,26.5,33.3,229.0,14.9,6.5,47.0,83,2026-09-13
Hyderabad,2026-09-13 06:00:00,28.6,35.6,334.0,13.4,7.0,59.0,82,2026-09-13
Hyderabad,2026-09-13 07:00:00,29.6,36.6,478.0,11.2,7.7,75.0,82,2026-09-13
Hyderabad,2026-09-13 08:00:00,28.6,36.2,564.0,9.0,8.1,89.0,82,2026-09-13
Hyderabad,2026-09-13 09:00:00,27.1,35.0,534.0,6.9,7.9,99.0,83,2026-09-13
Hyderabad,2026-09-13 10:00:00,24.5,32.0,447.0,4.8,7.3,107.0,83,2026-09-13
Hyderabad,2026-09-13 11:00:00,21.4,28.1,379.0,3.3,6.6,112.0,84,2026-09-13
Hyderabad,2026-09-13 12:00:00,18.3,24.5,362.0,2.5,5.7,114.0,84,2026-09-13
Hyderabad,2026-09-13 13:00:00,16.4,22.1,364.0,2.3,4.8,112.0,85,2026-09-13
Hyderabad,2026-09-13 14:00:00,15.2,20.5,366.0,2.7,4.1,108.0,85,2026-09-13
Hyderabad,2026-09-13 15:00:00,14.7,20.1,341.0,3.5,3.7,101.0,85,2026-09-13
Hyderabad,2026-09-13 16:00:00,13.8,18.9,316.0,4.9,3.6,92.0,85,2026-09-13
Hyderabad,2026-09-13 17:00:00,17.7,23.5,352.0,7.4,4.2,85.0,84,2026-09-13
Hyderabad,2026-09-13 18:00:00,22.0,27.5,520.0,17.7,7.1,70.0,84,2026-09-13
Hyderabad,2026-09-13 19:00:00,30.2,36.2,748.0,31.6,10.9,50.0,83,2026-09-13
Hyderabad,2026-09-13 20:00:00,38.3,44.6,881.0,40.0,13.5,37.0,83,2026-09-13
Hyderabad,2026-09-13 21:00:00,37.1,43.0,833.0,37.8,13.5,37.0,83,2026-09-13
Hyderabad,2026-09-13 22:00:00,32.9,37.8,691.0,30.0,12.1,45.0,82,2026-09-13
Hyderabad,2026-09-13 23:00:00,29.2,32.9,557.0,22.7,10.9,53.0,82,2026-09-13
Chennai,2026-08-15 00:00:00,15.5,19.4,246.0,12.1,9.2,68.0,67,2026-08-15
Chennai,2026-08-15 01:00:00,14.0,17.4,252.0,13.1,10.1,61.0,66,2026-08-15
Chennai,2026-08-15 02:00:00,12.8,16.2,259.0,14.1,10.8,55.0,66,2026-08-15
Chennai,2026-08-15 03:00:00,12.9,16.4,263.0,15.2,11.1,49.0,66,2026-08-15
Chennai,2026-08-15 04:00:00,13.2,16.4,268.0,16.3,11.2,43.0,65,2026-08-15
Chennai,2026-08-15 05:00:00,10.1,11.9,281.0,16.1,10.0,42.0,65,2026-08-15
Chennai,2026-08-15 06:00:00,11.0,12.8,319.0,16.5,10.2,40.0,65,2026-08-15
Chennai,2026-08-15 07:00:00,12.4,14.6,366.0,16.9,10.5,38.0,66,2026-08-15
Chennai,2026-08-15 08:00:00,12.3,15.4,378.0,16.4,10.8,42.0,66,2026-08-15
Chennai,2026-08-15 09:00:00,11.8,16.2,319.0,14.0,11.4,57.0,66,2026-08-15
Chennai,2026-08-15 10:00:00,12.1,17.5,226.0,10.7,12.0,78.0,66,2026-08-15
Chennai,2026-08-15 11:00:00,13.5,20.6,164.0,7.8,11.8,96.0,66,2026-08-15
Chennai,2026-08-15 12:00:00,17.5,27.1,166.0,5.8,9.9,110.0,66,2026-08-15
Chennai,2026-08-15 13:00:00,20.4,31.0,198.0,4.4,7.2,121.0,66,2026-08-15
Chennai,2026-08-15 14:00:00,20.5,31.9,229.0,3.6,5.1,127.0,66,2026-08-15
Chennai,2026-08-15 15:00:00,19.4,30.9,249.0,3.8,4.2,124.0,66,2026-08-15
Chennai,2026-08-15 16:00:00,18.9,30.5,267.0,4.7,4.1,115.0,66,2026-08-15
Chennai,2026-08-15 17:00:00,16.2,25.3,275.0,5.8,4.8,111.0,66,2026-08-15
Chennai,2026-08-15 18:00:00,16.1,24.9,264.0,7.3,5.5,108.0,65,2026-08-15
Chennai,2026-08-15 19:00:00,16.8,25.6,242.0,9.4,6.4,105.0,64,2026-08-15
Chennai,2026-08-15 20:00:00,17.8,26.0,229.0,10.7,7.0,101.0,64,2026-08-15
Chennai,2026-08-15 21:00:00,19.2,27.5,235.0,10.5,6.8,98.0,63,2026-08-15
Chennai,2026-08-15 22:00:00,19.1,26.8,249.0,9.5,6.3,94.0,62,2026-08-15
Chennai,2026-08-15 23:00:00,18.3,26.0,260.0,9.2,6.4,89.0,62,2026-08-15
Chennai,2026-08-16 00:00:00,17.1,25.0,261.0,10.0,7.7,81.0,62,2026-08-16
Chennai,2026-08-16 01:00:00,17.2,24.8,259.0,11.4,9.6,72.0,62,2026-08-16
Chennai,2026-08-16 02:00:00,18.0,25.0,259.0,13.2,11.1,63.0,63,2026-08-16
Chennai,2026-08-16 03:00:00,18.9,25.4,263.0,15.8,11.9,52.0,63,2026-08-16
Chennai,2026-08-16 04:00:00,19.2,24.8,268.0,18.8,12.4,41.0,64,2026-08-16
Chennai,2026-08-16 05:00:00,19.2,24.9,275.0,19.3,12.8,38.0,64,2026-08-16
Chennai,2026-08-16 06:00:00,17.8,22.4,288.0,17.7,12.6,41.0,65,2026-08-16
Chennai,2026-08-16 07:00:00,16.5,20.7,302.0,15.5,12.3,45.0,65,2026-08-16
Chennai,2026-08-16 08:00:00,14.6,19.3,299.0,13.0,12.1,55.0,66,2026-08-16
Chennai,2026-08-16 09:00:00,13.6,19.2,260.0,10.2,12.2,75.0,66,2026-08-16
Chennai,2026-08-16 10:00:00,13.2,19.3,203.0,7.3,12.5,100.0,66,2026-08-16
Chennai,2026-08-16 11:00:00,13.0,18.9,164.0,5.0,12.0,120.0,66,2026-08-16
Chennai,2026-08-16 12:00:00,14.6,21.2,161.0,3.7,10.2,133.0,66,2026-08-16
Chennai,2026-08-16 13:00:00,19.1,28.6,176.0,3.1,7.8,140.0,66,2026-08-16
Chennai,2026-08-16 14:00:00,19.5,29.5,191.0,3.0,5.9,141.0,66,2026-08-16
Chennai,2026-08-16 15:00:00,18.2,27.9,205.0,3.5,4.9,130.0,66,2026-08-16
Chennai,2026-08-16 16:00:00,17.1,26.4,220.0,4.6,4.5,112.0,65,2026-08-16
Chennai,2026-08-16 17:00:00,14.6,22.1,223.0,4.4,6.2,125.0,69,2026-08-16
Chennai,2026-08-16 18:00:00,15.4,22.4,202.0,4.7,6.5,121.0,79,2026-08-16
Chennai,2026-08-16 19:00:00,15.7,21.7,170.0,5.0,6.8,116.0,84,2026-08-16
Chennai,2026-08-16 20:00:00,17.1,23.4,151.0,5.4,7.0,110.0,83,2026-08-16
Chennai,2026-08-16 21:00:00,18.6,25.9,159.0,5.6,6.6,102.0,78,2026-08-16
Chennai,2026-08-16 22:00:00,18.6,26.5,180.0,5.9,6.1,94.0,70,2026-08-16
Chennai,2026-08-16 23:00:00,17.4,25.3,198.0,6.5,6.1,85.0,65,2026-08-16
Chennai,2026-08-17 00:00:00,15.5,22.5,205.0,7.7,7.0,77.0,65,2026-08-17
Chennai,2026-08-17 01:00:00,13.9,19.6,209.0,9.1,8.5,68.0,65,2026-08-17
Chennai,2026-08-17 02:00:00,13.2,17.8,213.0,10.7,10.2,61.0,64,2026-08-17
Chennai,2026-08-17 03:00:00,13.2,17.0,218.0,12.2,12.1,54.0,64,2026-08-17
Chennai,2026-08-17 04:00:00,13.2,16.7,224.0,13.8,14.1,49.0,64,2026-08-17
Chennai,2026-08-17 05:00:00,20.9,26.1,236.0,15.6,16.1,47.0,63,2026-08-17
Chennai,2026-08-17 06:00:00,22.9,28.8,263.0,16.2,15.7,47.0,63,2026-08-17
Chennai,2026-08-17 07:00:00,25.3,32.2,296.0,16.8,15.0,48.0,64,2026-08-17
Chennai,2026-08-17 08:00:00,25.0,33.4,307.0,16.3,14.3,55.0,64,2026-08-17
Chennai,2026-08-17 09:00:00,22.6,31.9,275.0,13.6,13.7,73.0,65,2026-08-17
Chennai,2026-08-17 10:00:00,21.0,32.9,221.0,9.8,13.0,97.0,66,2026-08-17
Chennai,2026-08-17 11:00:00,20.7,34.1,184.0,6.8,12.0,118.0,66,2026-08-17
Chennai,2026-08-17 12:00:00,22.1,36.1,184.0,5.3,10.3,135.0,67,2026-08-17
Chennai,2026-08-17 13:00:00,25.2,39.3,201.0,4.5,8.2,149.0,68,2026-08-17
Chennai,2026-08-17 14:00:00,27.5,41.8,216.0,4.3,6.6,156.0,68,2026-08-17
Chennai,2026-08-17 15:00:00,27.0,40.5,221.0,4.5,5.9,154.0,69,2026-08-17
Chennai,2026-08-17 16:00:00,26.6,39.8,225.0,5.2,5.6,145.0,69,2026-08-17
Chennai,2026-08-17 17:00:00,25.6,36.1,229.0,5.7,5.9,136.0,85,2026-08-17
Chennai,2026-08-17 18:00:00,26.0,36.2,239.0,6.5,6.4,129.0,98,2026-08-17
Chennai,2026-08-17 19:00:00,25.2,35.2,249.0,7.5,7.1,119.0,105,2026-08-17
Chennai,2026-08-17 20:00:00,23.6,32.9,249.0,8.0,7.4,110.0,105,2026-08-17
Chennai,2026-08-17 21:00:00,21.0,29.5,223.0,7.3,7.0,103.0,100,2026-08-17
Chennai,2026-08-17 22:00:00,17.1,24.4,187.0,6.1,6.2,97.0,90,2026-08-17
Chennai,2026-08-17 23:00:00,14.0,20.5,169.0,5.7,6.0,90.0,78,2026-08-17
Chennai,2026-08-18 00:00:00,13.0,19.8,188.0,6.6,6.8,81.0,73,2026-08-18
Chennai,2026-08-18 01:00:00,13.5,20.3,225.0,8.2,8.1,71.0,73,2026-08-18
Chennai,2026-08-18 02:00:00,15.0,21.4,259.0,10.0,9.5,62.0,73,2026-08-18
Chennai,2026-08-18 03:00:00,16.1,22.1,285.0,12.2,11.1,54.0,73,2026-08-18
Chennai,2026-08-18 04:00:00,16.9,22.8,307.0,14.7,12.9,46.0,73,2026-08-18
Chennai,2026-08-18 05:00:00,18.2,23.8,312.0,17.5,14.3,41.0,73,2026-08-18
Chennai,2026-08-18 06:00:00,18.7,24.1,290.0,17.0,14.0,44.0,73,2026-08-18
Chennai,2026-08-18 07:00:00,19.7,25.1,252.0,16.1,13.5,48.0,73,2026-08-18
Chennai,2026-08-18 08:00:00,18.0,24.3,217.0,14.5,13.1,59.0,72,2026-08-18
Chennai,2026-08-18 09:00:00,17.1,24.9,189.0,11.6,13.0,81.0,72,2026-08-18
Chennai,2026-08-18 10:00:00,17.2,27.1,165.0,8.0,13.0,110.0,71,2026-08-18
Chennai,2026-08-18 11:00:00,18.2,29.1,151.0,5.2,12.4,133.0,71,2026-08-18
Chennai,2026-08-18 12:00:00,21.0,33.2,154.0,3.8,10.5,147.0,71,2026-08-18
Chennai,2026-08-18 13:00:00,25.3,39.0,167.0,3.1,7.9,156.0,71,2026-08-18
Chennai,2026-08-18 14:00:00,25.1,39.0,182.0,3.0,5.9,159.0,71,2026-08-18
Chennai,2026-08-18 15:00:00,24.2,38.4,196.0,3.4,4.9,152.0,71,2026-08-18
Chennai,2026-08-18 16:00:00,22.8,36.9,212.0,4.2,4.5,138.0,79,2026-08-18
Chennai,2026-08-18 17:00:00,27.9,48.8,225.0,5.0,7.3,128.0,95,2026-08-18
Chennai,2026-08-18 18:00:00,28.1,46.2,231.0,5.2,7.4,127.0,105,2026-08-18
Chennai,2026-08-18 19:00:00,28.9,47.3,234.0,5.5,7.6,126.0,109,2026-08-18
Chennai,2026-08-18 20:00:00,29.6,48.3,241.0,5.7,7.7,123.0,108,2026-08-18
Chennai,2026-08-18 21:00:00,29.8,48.7,262.0,5.6,7.4,119.0,102,2026-08-18
Chennai,2026-08-18 22:00:00,29.6,48.0,287.0,5.4,7.1,114.0,95,2026-08-18
Chennai,2026-08-18 23:00:00,27.2,43.4,294.0,5.7,7.2,108.0,85,2026-08-18
Chennai,2026-08-19 00:00:00,21.0,31.5,263.0,7.0,8.2,99.0,76,2026-08-19
Chennai,2026-08-19 01:00:00,17.2,24.3,214.0,8.8,9.6,88.0,75,2026-08-19
Chennai,2026-08-19 02:00:00,16.7,23.6,179.0,10.6,11.0,78.0,75,2026-08-19
Chennai,2026-08-19 03:00:00,16.5,23.2,169.0,12.1,12.3,69.0,75,2026-08-19
Chennai,2026-08-19 04:00:00,15.8,21.9,173.0,13.6,13.7,61.0,75,2026-08-19
Chennai,2026-08-19 05:00:00,15.8,21.4,193.0,16.5,19.5,54.0,75,2026-08-19
Chennai,2026-08-19 06:00:00,15.5,20.3,248.0,16.6,18.8,53.0,75,2026-08-19
Chennai,2026-08-19 07:00:00,16.7,22.2,320.0,16.7,17.8,53.0,75,2026-08-19
Chennai,2026-08-19 08:00:00,18.1,25.0,353.0,15.7,16.5,60.0,74,2026-08-19
Chennai,2026-08-19 09:00:00,17.1,24.2,308.0,12.7,14.7,78.0,74,2026-08-19
Chennai,2026-08-19 10:00:00,16.2,23.2,225.0,8.8,12.7,103.0,74,2026-08-19
Chennai,2026-08-19 11:00:00,16.9,24.4,170.0,5.7,10.8,124.0,74,2026-08-19
Chennai,2026-08-19 12:00:00,18.7,27.1,175.0,4.3,9.2,137.0,74,2026-08-19
Chennai,2026-08-19 13:00:00,19.3,27.2,207.0,3.7,7.9,146.0,74,2026-08-19
Chennai,2026-08-19 14:00:00,21.4,32.1,239.0,3.9,6.9,150.0,73,2026-08-19
Chennai,2026-08-19 15:00:00,20.3,32.2,260.0,4.8,6.4,149.0,73,2026-08-19
Chennai,2026-08-19 16:00:00,20.7,31.2,280.0,6.5,6.2,143.0,73,2026-08-19
Chennai,2026-08-19 17:00:00,27.0,40.7,298.0,6.0,7.6,134.0,86,2026-08-19
Chennai,2026-08-19 18:00:00,28.0,39.8,319.0,6.9,7.9,134.0,98,2026-08-19
Chennai,2026-08-19 19:00:00,27.8,38.6,339.0,8.2,8.2,134.0,104,2026-08-19
Chennai,2026-08-19 20:00:00,27.2,37.6,344.0,9.2,8.4,130.0,106,2026-08-19
Chennai,2026-08-19 21:00:00,27.9,41.0,323.0,9.6,8.3,121.0,105,2026-08-19
Chennai,2026-08-19 22:00:00,24.1,33.4,288.0,9.7,8.0,109.0,99,2026-08-19
Chennai,2026-08-19 23:00:00,19.8,28.5,259.0,10.0,8.0,98.0,91,2026-08-19
Chennai,2026-08-20 00:00:00,17.1,24.4,246.0,10.5,8.5,88.0,80,2026-08-20
Chennai,2026-08-20 01:00:00,16.2,23.3,239.0,11.2,9.3,79.0,71,2026-08-20
Chennai,2026-08-20 02:00:00,16.2,23.1,234.0,12.1,10.2,70.0,71,2026-08-20
Chennai,2026-08-20 03:00:00,16.2,23.2,222.0,13.4,11.3,62.0,71,2026-08-20
Chennai,2026-08-20 04:00:00,16.2,23.1,212.0,15.0,12.5,54.0,71,2026-08-20
Chennai,2026-08-20 05:00:00,14.0,19.8,227.0,16.2,15.7,52.0,71,2026-08-20
Chennai,2026-08-20 06:00:00,14.6,20.8,299.0,16.5,16.5,53.0,71,2026-08-20
Chennai,2026-08-20 07:00:00,16.3,23.3,395.0,16.8,17.5,55.0,71,2026-08-20
Chennai,2026-08-20 08:00:00,18.3,25.9,439.0,16.0,17.8,63.0,71,2026-08-20
Chennai,2026-08-20 09:00:00,18.6,26.6,378.0,13.1,16.9,85.0,71,2026-08-20
Chennai,2026-08-20 10:00:00,18.9,27.4,265.0,9.0,15.3,113.0,71,2026-08-20
Chennai,2026-08-20 11:00:00,19.6,28.8,186.0,5.9,13.4,133.0,71,2026-08-20
Chennai,2026-08-20 12:00:00,21.2,31.9,182.0,4.4,10.9,137.0,71,2026-08-20
Chennai,2026-08-20 13:00:00,22.6,37.0,211.0,3.8,8.2,134.0,71,2026-08-20
Chennai,2026-08-20 14:00:00,22.0,39.2,240.0,3.8,6.3,130.0,72,2026-08-20
Chennai,2026-08-20 15:00:00,21.9,39.7,256.0,4.3,5.8,129.0,72,2026-08-20
Chennai,2026-08-20 16:00:00,22.2,40.6,271.0,5.3,6.2,128.0,72,2026-08-20
Chennai,2026-08-20 17:00:00,20.3,34.6,287.0,6.2,7.7,128.0,77,2026-08-20
Chennai,2026-08-20 18:00:00,18.4,26.6,308.0,6.8,8.0,127.0,86,2026-08-20
Chennai,2026-08-20 19:00:00,16.4,22.2,329.0,7.7,8.5,124.0,89,2026-08-20
Chennai,2026-08-20 20:00:00,16.1,20.8,339.0,8.8,9.1,119.0,87,2026-08-20
Chennai,2026-08-20 21:00:00,18.0,22.9,330.0,10.2,10.2,110.0,83,2026-08-20
Chennai,2026-08-20 22:00:00,18.7,24.7,310.0,11.9,11.4,99.0,78,2026-08-20
Chennai,2026-08-20 23:00:00,16.9,25.4,295.0,13.1,12.0,87.0,72,2026-08-20
Chennai,2026-08-21 00:00:00,15.8,24.3,291.0,13.6,11.2,75.0,67,2026-08-21
Chennai,2026-08-21 01:00:00,15.0,22.9,292.0,13.6,9.8,62.0,67,2026-08-21
Chennai,2026-08-21 02:00:00,14.0,20.7,293.0,13.9,8.7,51.0,67,2026-08-21
Chennai,2026-08-21 03:00:00,13.5,19.2,296.0,14.8,8.3,43.0,67,2026-08-21
Chennai,2026-08-21 04:00:00,13.4,18.3,300.0,16.0,8.3,37.0,67,2026-08-21
Chennai,2026-08-21 05:00:00,13.8,18.0,298.0,16.7,8.5,34.0,67,2026-08-21
Chennai,2026-08-21 06:00:00,13.5,16.8,286.0,15.8,9.2,37.0,67,2026-08-21
Chennai,2026-08-21 07:00:00,13.8,16.5,267.0,14.5,10.1,42.0,66,2026-08-21
Chennai,2026-08-21 08:00:00,13.0,16.3,245.0,12.8,10.8,52.0,66,2026-08-21
Chennai,2026-08-21 09:00:00,12.2,16.4,216.0,10.3,11.0,73.0,66,2026-08-21
Chennai,2026-08-21 10:00:00,12.3,17.3,185.0,7.5,11.0,98.0,65,2026-08-21
Chennai,2026-08-21 11:00:00,13.1,18.3,164.0,5.3,10.5,118.0,65,2026-08-21
Chennai,2026-08-21 12:00:00,16.2,23.1,159.0,4.2,9.1,126.0,64,2026-08-21
Chennai,2026-08-21 13:00:00,18.9,28.6,165.0,3.9,7.3,128.0,64,2026-08-21
Chennai,2026-08-21 14:00:00,18.5,29.0,180.0,4.3,6.0,128.0,64,2026-08-21
Chennai,2026-08-21 15:00:00,17.5,27.5,201.0,5.3,5.6,126.0,63,2026-08-21
Chennai,2026-08-21 16:00:00,17.3,28.6,232.0,7.1,5.7,121.0,63,2026-08-21
Chennai,2026-08-21 17:00:00,23.9,38.5,280.0,11.2,7.7,118.0,63,2026-08-21
Chennai,2026-08-21 18:00:00,24.3,36.1,375.0,12.8,8.8,118.0,71,2026-08-21
Chennai,2026-08-21 19:00:00,24.3,34.9,487.0,15.0,10.4,118.0,76,2026-08-21
Chennai,2026-08-21 20:00:00,24.4,34.3,538.0,16.6,11.3,115.0,76,2026-08-21
Chennai,2026-08-21 21:00:00,24.3,33.4,468.0,16.9,10.9,108.0,73,2026-08-21
Chennai,2026-08-21 22:00:00,23.9,32.9,336.0,16.5,9.9,99.0,69,2026-08-21
Chennai,2026-08-21 23:00:00,23.2,32.0,242.0,16.1,9.1,89.0,66,2026-08-21
Chennai,2026-08-22 00:00:00,22.5,31.4,232.0,15.8,8.9,79.0,66,2026-08-22
Chennai,2026-08-22 01:00:00,22.0,31.2,260.0,15.4,8.8,69.0,67,2026-08-22
Chennai,2026-08-22 02:00:00,21.2,30.4,285.0,15.6,9.1,60.0,67,2026-08-22
Chennai,2026-08-22 03:00:00,21.2,29.9,293.0,17.0,9.8,50.0,68,2026-08-22
Chennai,2026-08-22 04:00:00,21.2,28.8,299.0,18.9,10.7,42.0,68,2026-08-22
Chennai,2026-08-22 05:00:00,18.6,23.3,303.0,19.5,12.1,37.0,69,2026-08-22
Chennai,2026-08-22 06:00:00,17.6,21.4,311.0,19.1,11.7,39.0,69,2026-08-22
Chennai,2026-08-22 07:00:00,17.6,20.8,318.0,18.4,11.1,42.0,70,2026-08-22
Chennai,2026-08-22 08:00:00,16.1,19.3,309.0,16.8,10.8,50.0,70,2026-08-22
Chennai,2026-08-22 09:00:00,14.8,18.7,265.0,13.6,11.3,68.0,70,2026-08-22
Chennai,2026-08-22 10:00:00,14.5,18.7,205.0,9.5,12.2,92.0,70,2026-08-22
Chennai,2026-08-22 11:00:00,14.0,18.3,168.0,6.4,12.5,111.0,71,2026-08-22
Chennai,2026-08-22 12:00:00,13.0,16.8,175.0,4.9,11.8,122.0,71,2026-08-22
Chennai,2026-08-22 13:00:00,12.6,16.3,206.0,4.5,10.5,127.0,70,2026-08-22
Chennai,2026-08-22 14:00:00,14.4,19.7,232.0,5.4,9.2,128.0,70,2026-08-22
Chennai,2026-08-22 15:00:00,17.3,25.0,244.0,8.5,8.0,121.0,70,2026-08-22
Chennai,2026-08-22 16:00:00,17.7,25.2,253.0,12.8,6.9,109.0,70,2026-08-22
Chennai,2026-08-22 17:00:00,21.5,30.5,263.0,10.6,6.9,124.0,70,2026-08-22
Chennai,2026-08-22 18:00:00,21.3,29.2,279.0,10.3,6.5,120.0,69,2026-08-22
Chennai,2026-08-22 19:00:00,20.9,28.3,296.0,9.8,5.9,115.0,71,2026-08-22
Chennai,2026-08-22 20:00:00,20.1,27.2,308.0,9.4,5.6,109.0,72,2026-08-22
Chennai,2026-08-22 21:00:00,20.5,27.8,312.0,9.0,5.8,104.0,69,2026-08-22
Chennai,2026-08-22 22:00:00,19.8,26.0,310.0,8.7,6.2,98.0,68,2026-08-22
Chennai,2026-08-22 23:00:00,15.9,20.5,300.0,8.8,6.6,91.0,68,2026-08-22
Chennai,2026-08-23 00:00:00,13.5,17.2,276.0,9.5,6.9,82.0,67,2026-08-23
Chennai,2026-08-23 01:00:00,12.9,16.1,244.0,10.6,7.2,71.0,67,2026-08-23
Chennai,2026-08-23 02:00:00,12.7,15.7,224.0,11.8,7.9,62.0,66,2026-08-23
Chennai,2026-08-23 03:00:00,12.5,15.2,226.0,13.3,9.5,55.0,65,2026-08-23
Chennai,2026-08-23 04:00:00,12.5,15.0,239.0,14.9,11.4,49.0,65,2026-08-23
Chennai,2026-08-23 05:00:00,13.1,15.1,254.0,16.6,14.4,49.0,64,2026-08-23
Chennai,2026-08-23 06:00:00,13.4,15.2,275.0,16.8,13.9,47.0,63,2026-08-23
Chennai,2026-08-23 07:00:00,14.4,16.2,298.0,16.9,13.3,45.0,63,2026-08-23
Chennai,2026-08-23 08:00:00,14.8,17.4,301.0,15.9,12.6,49.0,63,2026-08-23
Chennai,2026-08-23 09:00:00,14.0,18.2,262.0,12.8,12.1,66.0,63,2026-08-23
Chennai,2026-08-23 10:00:00,14.4,20.3,203.0,8.6,11.6,90.0,63,2026-08-23
Chennai,2026-08-23 11:00:00,14.9,22.3,162.0,5.4,10.7,108.0,63,2026-08-23
Chennai,2026-08-23 12:00:00,15.9,24.6,158.0,3.9,8.9,115.0,63,2026-08-23
Chennai,2026-08-23 13:00:00,17.7,27.5,171.0,3.2,6.7,117.0,63,2026-08-23
Chennai,2026-08-23 14:00:00,18.0,28.2,186.0,3.2,5.3,117.0,63,2026-08-23
Chennai,2026-08-23 15:00:00,18.0,28.1,197.0,3.8,5.4,118.0,64,2026-08-23
Chennai,2026-08-23 16:00:00,19.4,29.8,209.0,5.0,6.3,119.0,64,2026-08-23
Chennai,2026-08-23 17:00:00,26.5,37.3,218.0,5.4,6.7,104.0,64,2026-08-23
Chennai,2026-08-23 18:00:00,27.9,38.3,220.0,5.7,7.8,107.0,64,2026-08-23
Chennai,2026-08-23 19:00:00,29.2,41.1,219.0,6.1,9.2,110.0,65,2026-08-23
Chennai,2026-08-23 20:00:00,27.5,39.2,220.0,6.8,10.1,109.0,65,2026-08-23
Chennai,2026-08-23 21:00:00,21.2,29.2,229.0,8.1,9.9,100.0,66,2026-08-23
Chennai,2026-08-23 22:00:00,17.5,23.1,240.0,9.6,9.1,87.0,66,2026-08-23
Chennai,2026-08-23 23:00:00,15.4,20.1,243.0,10.7,8.5,76.0,66,2026-08-23
Chennai,2026-08-24 00:00:00,13.5,18.4,231.0,10.9,8.4,69.0,66,2026-08-24
Chennai,2026-08-24 01:00:00,12.3,17.4,212.0,10.7,8.6,65.0,66,2026-08-24
Chennai,2026-08-24 02:00:00,12.0,16.9,196.0,10.8,8.9,60.0,66,2026-08-24
Chennai,2026-08-24 03:00:00,12.4,17.1,178.0,11.5,9.4,55.0,66,2026-08-24
Chennai,2026-08-24 04:00:00,12.9,17.3,163.0,12.4,10.0,50.0,66,2026-08-24
Chennai,2026-08-24 05:00:00,12.2,16.1,183.0,13.2,8.7,41.0,66,2026-08-24
Chennai,2026-08-24 06:00:00,13.0,16.4,280.0,14.4,9.7,37.0,66,2026-08-24
Chennai,2026-08-24 07:00:00,14.3,17.3,412.0,16.0,11.1,31.0,66,2026-08-24
Chennai,2026-08-24 08:00:00,14.4,19.2,481.0,16.6,12.4,30.0,66,2026-08-24
Chennai,2026-08-24 09:00:00,14.6,22.2,424.0,15.2,13.7,37.0,66,2026-08-24
Chennai,2026-08-24 10:00:00,14.0,21.4,303.0,12.8,14.8,48.0,66,2026-08-24
Chennai,2026-08-24 11:00:00,14.1,21.1,214.0,10.7,15.3,60.0,66,2026-08-24
Chennai,2026-08-24 12:00:00,13.2,18.5,193.0,9.2,14.7,74.0,66,2026-08-24
Chennai,2026-08-24 13:00:00,12.1,16.2,202.0,7.9,13.4,89.0,65,2026-08-24
Chennai,2026-08-24 14:00:00,12.4,16.6,223.0,7.2,11.9,99.0,65,2026-08-24
Chennai,2026-08-24 15:00:00,14.6,19.8,251.0,7.1,10.1,103.0,64,2026-08-24
Chennai,2026-08-24 16:00:00,16.3,22.5,291.0,7.7,8.2,102.0,64,2026-08-24
Chennai,2026-08-24 17:00:00,20.8,28.8,334.0,10.9,8.1,89.0,64,2026-08-24
Chennai,2026-08-24 18:00:00,23.9,32.7,383.0,15.6,9.0,78.0,64,2026-08-24
Chennai,2026-08-24 19:00:00,21.5,28.5,435.0,22.0,10.1,62.0,63,2026-08-24
Chennai,2026-08-24 20:00:00,18.6,23.5,473.0,26.3,11.0,50.0,63,2026-08-24
Chennai,2026-08-24 21:00:00,16.8,20.9,495.0,26.5,11.3,44.0,62,2026-08-24
Chennai,2026-08-24 22:00:00,16.2,20.2,502.0,24.5,11.4,41.0,62,2026-08-24
Chennai,2026-08-24 23:00:00,14.9,18.4,485.0,22.2,11.2,40.0,61,2026-08-24
Chennai,2026-08-25 00:00:00,13.8,16.9,426.0,19.9,10.7,41.0,61,2026-08-25
Chennai,2026-08-25 01:00:00,13.4,16.6,342.0,17.4,10.1,44.0,61,2026-08-25
Chennai,2026-08-25 02:00:00,13.4,16.6,277.0,15.8,9.8,45.0,62,2026-08-25
Chennai,2026-08-25 03:00:00,13.7,16.9,243.0,15.9,10.3,42.0,62,2026-08-25
Chennai,2026-08-25 04:00:00,14.0,16.8,228.0,17.0,11.3,36.0,62,2026-08-25
Chennai,2026-08-25 05:00:00,13.1,16.8,240.0,15.6,11.5,39.0,62,2026-08-25
Chennai,2026-08-25 06:00:00,14.1,17.8,306.0,16.7,11.6,35.0,62,2026-08-25
Chennai,2026-08-25 07:00:00,15.0,18.3,400.0,18.2,11.8,30.0,62,2026-08-25
Chennai,2026-08-25 08:00:00,15.4,19.0,449.0,18.1,12.0,34.0,62,2026-08-25
Chennai,2026-08-25 09:00:00,13.5,17.0,408.0,15.1,12.3,54.0,62,2026-08-25
Chennai,2026-08-25 10:00:00,13.2,17.7,322.0,10.7,12.5,82.0,62,2026-08-25
Chennai,2026-08-25 11:00:00,14.1,19.4,255.0,7.2,12.1,103.0,62,2026-08-25
Chennai,2026-08-25 12:00:00,16.5,23.1,222.0,5.2,10.5,111.0,62,2026-08-25
Chennai,2026-08-25 13:00:00,17.3,24.9,208.0,4.1,8.2,112.0,62,2026-08-25
Chennai,2026-08-25 14:00:00,16.4,24.1,225.0,4.7,7.0,109.0,63,2026-08-25
Chennai,2026-08-25 15:00:00,17.2,25.9,298.0,7.7,7.7,103.0,63,2026-08-25
Chennai,2026-08-25 16:00:00,17.5,26.0,404.0,12.2,9.3,94.0,63,2026-08-25
Chennai,2026-08-25 17:00:00,23.2,32.4,484.0,12.8,9.6,80.0,63,2026-08-25
Chennai,2026-08-25 18:00:00,23.4,30.2,517.0,14.0,10.3,80.0,63,2026-08-25
Chennai,2026-08-25 19:00:00,23.3,29.0,525.0,15.8,11.2,81.0,63,2026-08-25
Chennai,2026-08-25 20:00:00,23.1,28.5,517.0,17.7,12.1,78.0,64,2026-08-25
Chennai,2026-08-25 21:00:00,22.7,28.1,492.0,20.0,12.9,70.0,64,2026-08-25
Chennai,2026-08-25 22:00:00,22.1,28.4,450.0,22.5,13.7,59.0,64,2026-08-25
Chennai,2026-08-25 23:00:00,21.9,28.4,406.0,24.3,14.3,49.0,65,2026-08-25
Chennai,2026-08-26 00:00:00,22.0,29.2,356.0,25.2,14.7,43.0,65,2026-08-26
Chennai,2026-08-26 01:00:00,22.5,30.2,304.0,25.5,15.0,38.0,66,2026-08-26
Chennai,2026-08-26 02:00:00,22.3,29.9,269.0,25.3,14.7,34.0,67,2026-08-26
Chennai,2026-08-26 03:00:00,20.9,26.6,261.0,24.5,13.5,29.0,67,2026-08-26
Chennai,2026-08-26 04:00:00,18.9,22.7,271.0,23.3,11.7,25.0,68,2026-08-26
Chennai,2026-08-26 05:00:00,18.5,23.1,290.0,21.3,10.9,25.0,68,2026-08-26
Chennai,2026-08-26 06:00:00,15.1,17.8,332.0,20.0,11.0,26.0,69,2026-08-26
Chennai,2026-08-26 07:00:00,12.7,14.3,383.0,18.0,11.1,27.0,69,2026-08-26
Chennai,2026-08-26 08:00:00,11.1,12.7,399.0,15.7,11.4,35.0,69,2026-08-26
Chennai,2026-08-26 09:00:00,9.8,12.4,343.0,12.9,12.5,54.0,68,2026-08-26
Chennai,2026-08-26 10:00:00,10.1,14.1,251.0,9.7,13.8,79.0,68,2026-08-26
Chennai,2026-08-26 11:00:00,10.9,15.4,187.0,7.1,14.0,100.0,68,2026-08-26
Chennai,2026-08-26 12:00:00,12.3,17.3,181.0,5.1,12.2,114.0,68,2026-08-26
Chennai,2026-08-26 13:00:00,14.6,22.2,204.0,3.7,9.3,124.0,67,2026-08-26
Chennai,2026-08-26 14:00:00,17.4,28.1,232.0,3.6,7.1,128.0,67,2026-08-26
Chennai,2026-08-26 15:00:00,19.0,32.1,259.0,5.6,6.2,123.0,67,2026-08-26
Chennai,2026-08-26 16:00:00,19.5,33.2,291.0,8.8,6.0,112.0,67,2026-08-26
Chennai,2026-08-26 17:00:00,21.5,36.9,318.0,10.1,6.2,115.0,67,2026-08-26
Chennai,2026-08-26 18:00:00,21.2,33.2,334.0,10.4,6.5,112.0,67,2026-08-26
Chennai,2026-08-26 19:00:00,19.2,28.2,345.0,10.8,6.9,107.0,67,2026-08-26
Chennai,2026-08-26 20:00:00,17.6,24.5,356.0,11.4,7.9,102.0,67,2026-08-26
Chennai,2026-08-26 21:00:00,15.7,21.1,374.0,12.3,9.9,97.0,66,2026-08-26
Chennai,2026-08-26 22:00:00,15.8,21.5,393.0,13.4,12.5,90.0,66,2026-08-26
Chennai,2026-08-26 23:00:00,17.8,25.1,394.0,14.5,14.4,83.0,65,2026-08-26
Chennai,2026-08-27 00:00:00,20.1,29.4,364.0,15.8,15.2,73.0,65,2026-08-27
Chennai,2026-08-27 01:00:00,21.9,33.1,317.0,17.1,15.2,63.0,65,2026-08-27
Chennai,2026-08-27 02:00:00,22.2,34.1,281.0,18.0,14.7,53.0,65,2026-08-27
Chennai,2026-08-27 03:00:00,21.5,32.6,268.0,18.3,13.1,45.0,65,2026-08-27
Chennai,2026-08-27 04:00:00,20.3,29.4,266.0,18.1,10.8,37.0,65,2026-08-27
Chennai,2026-08-27 05:00:00,17.5,23.7,270.0,17.9,9.1,31.0,65,2026-08-27
Chennai,2026-08-27 06:00:00,15.9,21.5,289.0,15.2,9.4,33.0,65,2026-08-27
Chennai,2026-08-27 07:00:00,13.7,22.2,314.0,11.3,9.9,38.0,65,2026-08-27
Chennai,2026-08-27 08:00:00,12.0,24.3,317.0,8.2,10.4,47.0,65,2026-08-27
Chennai,2026-08-27 09:00:00,12.7,26.0,272.0,6.5,11.2,65.0,65,2026-08-27
Chennai,2026-08-27 10:00:00,15.0,29.7,205.0,5.4,12.1,89.0,65,2026-08-27
Chennai,2026-08-27 11:00:00,17.0,33.6,162.0,4.6,12.2,109.0,66,2026-08-27
Chennai,2026-08-27 12:00:00,18.2,36.2,166.0,3.6,10.7,123.0,66,2026-08-27
Chennai,2026-08-27 13:00:00,21.0,40.5,193.0,2.9,8.3,134.0,67,2026-08-27
Chennai,2026-08-27 14:00:00,23.3,43.3,220.0,3.1,6.4,138.0,67,2026-08-27
Chennai,2026-08-27 15:00:00,22.8,43.0,241.0,4.7,5.4,132.0,68,2026-08-27
Chennai,2026-08-27 16:00:00,22.2,41.7,261.0,7.2,4.8,120.0,68,2026-08-27
Chennai,2026-08-27 17:00:00,22.8,38.1,274.0,9.8,4.8,109.0,68,2026-08-27
Chennai,2026-08-27 18:00:00,24.2,38.3,270.0,12.4,5.7,103.0,69,2026-08-27
Chennai,2026-08-27 19:00:00,25.0,37.3,258.0,15.0,7.2,99.0,72,2026-08-27
Chennai,2026-08-27 20:00:00,24.0,33.6,257.0,16.7,8.3,94.0,70,2026-08-27
Chennai,2026-08-27 21:00:00,20.7,28.8,279.0,16.8,8.6,85.0,69,2026-08-27
Chennai,2026-08-27 22:00:00,18.4,26.1,311.0,15.9,8.5,75.0,70,2026-08-27
Chennai,2026-08-27 23:00:00,17.2,25.1,335.0,15.2,8.3,66.0,70,2026-08-27
Chennai,2026-08-28 00:00:00,16.2,23.9,344.0,15.1,8.0,60.0,70,2026-08-28
Chennai,2026-08-28 01:00:00,16.1,23.6,345.0,15.1,7.6,56.0,70,2026-08-28
Chennai,2026-08-28 02:00:00,16.6,24.4,341.0,15.4,7.4,52.0,69,2026-08-28
Chennai,2026-08-28 03:00:00,17.8,26.0,333.0,16.1,7.7,47.0,69,2026-08-28
Chennai,2026-08-28 04:00:00,18.9,27.4,321.0,16.9,8.2,42.0,68,2026-08-28
Chennai,2026-08-28 05:00:00,15.1,20.6,306.0,16.6,7.6,28.0,68,2026-08-28
Chennai,2026-08-28 06:00:00,13.6,19.2,289.0,14.9,8.3,32.0,68,2026-08-28
Chennai,2026-08-28 07:00:00,13.3,19.8,269.0,12.4,9.3,39.0,68,2026-08-28
Chennai,2026-08-28 08:00:00,12.8,21.1,248.0,10.1,10.2,50.0,68,2026-08-28
Chennai,2026-08-28 09:00:00,13.1,22.8,221.0,8.1,11.1,70.0,68,2026-08-28
Chennai,2026-08-28 10:00:00,14.7,25.6,193.0,6.3,12.0,94.0,68,2026-08-28
Chennai,2026-08-28 11:00:00,15.8,26.8,175.0,4.9,11.9,113.0,68,2026-08-28
Chennai,2026-08-28 12:00:00,18.3,32.9,174.0,3.9,10.2,125.0,68,2026-08-28
Chennai,2026-08-28 13:00:00,20.7,36.1,184.0,3.2,7.7,132.0,68,2026-08-28
Chennai,2026-08-28 14:00:00,21.0,36.6,199.0,3.2,5.7,133.0,68,2026-08-28
Chennai,2026-08-28 15:00:00,20.1,35.9,222.0,4.1,4.6,125.0,68,2026-08-28
Chennai,2026-08-28 16:00:00,18.9,34.2,251.0,5.7,4.1,112.0,68,2026-08-28
Chennai,2026-08-28 17:00:00,22.9,44.7,269.0,6.5,4.9,112.0,67,2026-08-28
Chennai,2026-08-28 18:00:00,23.5,40.2,263.0,7.2,5.4,111.0,68,2026-08-28
Chennai,2026-08-28 19:00:00,25.1,40.4,247.0,8.1,6.1,110.0,71,2026-08-28
Chennai,2026-08-28 20:00:00,26.4,41.6,246.0,8.9,6.8,108.0,71,2026-08-28
Chennai,2026-08-28 21:00:00,25.1,39.8,279.0,9.2,7.6,104.0,67,2026-08-28
Chennai,2026-08-28 22:00:00,21.9,36.2,326.0,9.3,8.5,99.0,68,2026-08-28
Chennai,2026-08-28 23:00:00,20.8,35.2,356.0,9.9,9.1,92.0,68,2026-08-28
Chennai,2026-08-29 00:00:00,21.7,37.6,349.0,11.4,9.5,81.0,68,2026-08-29
Chennai,2026-08-29 01:00:00,22.6,38.4,325.0,13.3,9.7,69.0,69,2026-08-29
Chennai,2026-08-29 02:00:00,22.3,35.6,307.0,14.8,9.6,57.0,69,2026-08-29
Chennai,2026-08-29 03:00:00,20.1,29.7,310.0,15.9,9.1,46.0,70,2026-08-29
Chennai,2026-08-29 04:00:00,17.0,23.2,320.0,16.6,8.4,35.0,70,2026-08-29
Chennai,2026-08-29 05:00:00,10.7,14.2,316.0,13.9,7.7,31.0,70,2026-08-29
Chennai,2026-08-29 06:00:00,8.3,13.2,283.0,11.9,7.7,33.0,69,2026-08-29
Chennai,2026-08-29 07:00:00,6.8,13.6,235.0,9.0,7.8,37.0,69,2026-08-29
Chennai,2026-08-29 08:00:00,7.0,14.5,196.0,6.7,8.0,45.0,68,2026-08-29
Chennai,2026-08-29 09:00:00,7.7,15.0,173.0,5.3,8.7,62.0,68,2026-08-29
Chennai,2026-08-29 10:00:00,9.2,16.1,158.0,4.5,9.5,83.0,68,2026-08-29
Chennai,2026-08-29 11:00:00,10.5,17.9,151.0,3.8,9.7,101.0,67,2026-08-29
Chennai,2026-08-29 12:00:00,11.2,18.9,153.0,3.0,8.6,114.0,67,2026-08-29
Chennai,2026-08-29 13:00:00,13.9,23.5,162.0,2.5,6.9,124.0,66,2026-08-29
Chennai,2026-08-29 14:00:00,16.4,26.8,177.0,3.0,5.5,127.0,66,2026-08-29
Chennai,2026-08-29 15:00:00,16.1,27.9,196.0,5.2,4.7,120.0,65,2026-08-29
Chennai,2026-08-29 16:00:00,15.6,28.4,221.0,8.4,4.3,106.0,65,2026-08-29
Chennai,2026-08-29 17:00:00,16.2,28.9,249.0,7.9,5.0,104.0,65,2026-08-29
Chennai,2026-08-29 18:00:00,16.1,26.9,286.0,9.8,6.0,102.0,64,2026-08-29
Chennai,2026-08-29 19:00:00,16.5,26.7,328.0,12.5,7.4,98.0,64,2026-08-29
Chennai,2026-08-29 20:00:00,18.5,30.4,358.0,15.2,8.5,92.0,63,2026-08-29
Chennai,2026-08-29 21:00:00,21.1,35.4,369.0,17.7,9.2,83.0,62,2026-08-29
Chennai,2026-08-29 22:00:00,23.3,38.4,369.0,20.1,9.6,73.0,62,2026-08-29
Chennai,2026-08-29 23:00:00,25.8,42.1,366.0,21.9,9.7,62.0,62,2026-08-29
Chennai,2026-08-30 00:00:00,27.1,43.2,366.0,23.1,9.5,51.0,62,2026-08-30
Chennai,2026-08-30 01:00:00,27.8,43.2,362.0,23.8,9.1,40.0,63,2026-08-30
Chennai,2026-08-30 02:00:00,25.7,37.6,347.0,23.3,8.6,31.0,63,2026-08-30
Chennai,2026-08-30 03:00:00,20.7,28.1,309.0,20.9,7.8,27.0,64,2026-08-30
Chennai,2026-08-30 04:00:00,15.3,19.5,260.0,17.4,7.0,25.0,64,2026-08-30
Chennai,2026-08-30 05:00:00,8.7,11.8,221.0,11.5,6.9,28.0,63,2026-08-30
Chennai,2026-08-30 06:00:00,8.5,11.6,204.0,10.3,7.6,30.0,63,2026-08-30
Chennai,2026-08-30 07:00:00,7.8,12.9,198.0,8.7,8.7,34.0,63,2026-08-30
Chennai,2026-08-30 08:00:00,8.2,13.2,189.0,7.3,9.6,41.0,63,2026-08-30
Chennai,2026-08-30 09:00:00,8.9,14.1,169.0,6.3,10.5,54.0,64,2026-08-30
Chennai,2026-08-30 10:00:00,10.2,15.8,146.0,5.5,11.4,72.0,64,2026-08-30
Chennai,2026-08-30 11:00:00,11.4,17.2,134.0,4.8,11.5,86.0,64,2026-08-30
Chennai,2026-08-30 12:00:00,12.0,18.0,139.0,4.1,10.3,96.0,64,2026-08-30
Chennai,2026-08-30 13:00:00,14.0,21.4,155.0,3.6,8.3,104.0,64,2026-08-30
Chennai,2026-08-30 14:00:00,15.7,24.1,170.0,3.7,6.6,108.0,64,2026-08-30
Chennai,2026-08-30 15:00:00,16.0,25.0,181.0,4.6,5.5,105.0,64,2026-08-30
Chennai,2026-08-30 16:00:00,15.9,25.1,192.0,6.1,4.7,98.0,64,2026-08-30
Chennai,2026-08-30 17:00:00,22.0,33.5,206.0,9.3,5.0,92.0,64,2026-08-30
Chennai,2026-08-30 18:00:00,24.7,36.7,230.0,11.6,5.7,87.0,64,2026-08-30
Chennai,2026-08-30 19:00:00,27.6,40.0,258.0,14.7,6.6,81.0,65,2026-08-30
Chennai,2026-08-30 20:00:00,26.9,38.8,274.0,16.8,7.3,75.0,66,2026-08-30
Chennai,2026-08-30 21:00:00,27.2,38.8,271.0,17.0,7.7,70.0,66,2026-08-30
Chennai,2026-08-30 22:00:00,25.1,34.3,257.0,16.3,7.8,66.0,67,2026-08-30
Chennai,2026-08-30 23:00:00,22.1,30.0,242.0,15.2,7.8,61.0,67,2026-08-30
Chennai,2026-08-31 00:00:00,18.0,24.3,226.0,13.7,7.5,54.0,67,2026-08-31
Chennai,2026-08-31 01:00:00,14.4,19.3,208.0,11.9,7.0,46.0,66,2026-08-31
Chennai,2026-08-31 02:00:00,12.0,15.9,195.0,10.7,6.6,40.0,65,2026-08-31
Chennai,2026-08-31 03:00:00,11.7,15.6,187.0,10.8,6.4,35.0,64,2026-08-31
Chennai,2026-08-31 04:00:00,12.1,15.9,185.0,11.7,6.2,32.0,63,2026-08-31
Chennai,2026-08-31 05:00:00,8.9,10.7,193.0,12.3,6.9,26.0,63,2026-08-31
Chennai,2026-08-31 06:00:00,8.3,9.9,227.0,11.5,7.9,28.0,63,2026-08-31
Chennai,2026-08-31 07:00:00,7.4,9.6,273.0,10.3,9.3,32.0,63,2026-08-31
Chennai,2026-08-31 08:00:00,7.2,10.2,291.0,9.0,10.3,40.0,63,2026-08-31
Chennai,2026-08-31 09:00:00,7.6,11.8,252.0,7.3,10.6,55.0,63,2026-08-31
Chennai,2026-08-31 10:00:00,8.8,14.2,185.0,5.5,10.5,74.0,63,2026-08-31
Chennai,2026-08-31 11:00:00,10.0,16.0,142.0,4.1,9.9,91.0,63,2026-08-31
Chennai,2026-08-31 12:00:00,10.5,16.6,150.0,3.2,8.6,103.0,63,2026-08-31
Chennai,2026-08-31 13:00:00,11.6,18.6,181.0,2.8,7.0,112.0,62,2026-08-31
Chennai,2026-08-31 14:00:00,13.0,20.5,206.0,3.0,5.7,118.0,62,2026-08-31
Chennai,2026-08-31 15:00:00,14.6,23.1,211.0,3.9,5.2,119.0,62,2026-08-31
Chennai,2026-08-31 16:00:00,16.1,25.5,209.0,5.4,5.0,116.0,62,2026-08-31
Chennai,2026-08-31 17:00:00,12.2,19.8,207.0,6.7,5.3,102.0,62,2026-08-31
Chennai,2026-08-31 18:00:00,15.5,22.3,205.0,9.0,5.6,101.0,61,2026-08-31
Chennai,2026-08-31 19:00:00,14.2,19.5,203.0,12.1,5.9,100.0,60,2026-08-31
Chennai,2026-08-31 20:00:00,13.5,17.9,203.0,13.8,6.1,99.0,59,2026-08-31
Chennai,2026-08-31 21:00:00,13.0,17.0,204.0,13.0,6.0,97.0,58,2026-08-31
Chennai,2026-08-31 22:00:00,12.6,16.8,207.0,10.8,5.7,95.0,57,2026-08-31
Chennai,2026-08-31 23:00:00,12.6,17.1,214.0,8.9,5.6,94.0,56,2026-08-31
Chennai,2026-09-01 00:00:00,13.5,18.7,230.0,7.2,5.7,95.0,55,2026-09-01
Chennai,2026-09-01 01:00:00,15.6,21.6,249.0,5.8,5.9,98.0,55,2026-09-01
Chennai,2026-09-01 02:00:00,17.8,24.7,258.0,6.1,6.5,94.0,55,2026-09-01
Chennai,2026-09-01 03:00:00,19.3,26.6,240.0,9.7,8.0,78.0,56,2026-09-01
Chennai,2026-09-01 04:00:00,20.7,27.5,213.0,15.1,9.9,57.0,56,2026-09-01
Chennai,2026-09-01 05:00:00,14.8,18.7,212.0,16.6,11.1,46.0,57,2026-09-01
Chennai,2026-09-01 06:00:00,15.0,17.9,275.0,17.0,11.7,47.0,57,2026-09-01
Chennai,2026-09-01 07:00:00,15.9,18.2,365.0,17.4,12.4,50.0,58,2026-09-01
Chennai,2026-09-01 08:00:00,14.6,16.8,405.0,16.5,12.7,61.0,59,2026-09-01
Chennai,2026-09-01 09:00:00,14.0,16.7,344.0,13.3,12.3,86.0,59,2026-09-01
Chennai,2026-09-01 10:00:00,14.7,18.3,234.0,8.8,11.4,119.0,60,2026-09-01
Chennai,2026-09-01 11:00:00,16.3,21.1,156.0,5.4,10.4,144.0,60,2026-09-01
Chennai,2026-09-01 12:00:00,19.9,27.1,149.0,3.8,9.1,156.0,61,2026-09-01
Chennai,2026-09-01 13:00:00,21.5,29.1,176.0,3.2,7.7,160.0,61,2026-09-01
Chennai,2026-09-01 14:00:00,22.5,31.2,202.0,3.2,6.7,159.0,62,2026-09-01
Chennai,2026-09-01 15:00:00,20.5,28.1,216.0,3.8,6.3,152.0,65,2026-09-01
Chennai,2026-09-01 16:00:00,20.3,28.2,229.0,5.0,6.3,139.0,87,2026-09-01
Chennai,2026-09-01 17:00:00,15.9,21.0,249.0,6.7,7.7,129.0,104,2026-09-01
Chennai,2026-09-01 18:00:00,15.8,20.3,286.0,7.3,7.7,124.0,113,2026-09-01
Chennai,2026-09-01 19:00:00,16.3,21.2,328.0,8.0,7.8,117.0,114,2026-09-01
Chennai,2026-09-01 20:00:00,16.2,21.4,352.0,8.4,7.7,110.0,108,2026-09-01
Chennai,2026-09-01 21:00:00,16.4,21.8,339.0,8.1,7.3,105.0,98,2026-09-01
Chennai,2026-09-01 22:00:00,16.6,22.5,307.0,7.5,6.7,101.0,87,2026-09-01
Chennai,2026-09-01 23:00:00,16.0,21.7,281.0,6.9,6.4,97.0,74,2026-09-01
Chennai,2026-09-02 00:00:00,15.5,21.3,272.0,6.1,6.2,94.0,65,2026-09-02
Chennai,2026-09-02 01:00:00,15.0,20.5,269.0,5.3,6.2,92.0,65,2026-09-02
Chennai,2026-09-02 02:00:00,14.4,19.4,263.0,5.4,7.0,88.0,65,2026-09-02
Chennai,2026-09-02 03:00:00,13.9,18.5,241.0,6.9,9.4,82.0,65,2026-09-02
Chennai,2026-09-02 04:00:00,14.1,18.4,216.0,9.3,12.7,74.0,65,2026-09-02
Chennai,2026-09-02 05:00:00,13.4,17.5,216.0,8.6,12.1,86.0,64,2026-09-02
Chennai,2026-09-02 06:00:00,14.8,18.7,275.0,11.8,14.2,75.0,64,2026-09-02
Chennai,2026-09-02 07:00:00,16.5,20.0,360.0,16.0,16.9,61.0,64,2026-09-02
Chennai,2026-09-02 08:00:00,18.0,21.1,400.0,17.9,18.5,59.0,64,2026-09-02
Chennai,2026-09-02 09:00:00,17.9,21.2,347.0,15.5,18.0,79.0,64,2026-09-02
Chennai,2026-09-02 10:00:00,18.2,22.4,248.0,10.8,16.2,109.0,65,2026-09-02
Chennai,2026-09-02 11:00:00,19.8,25.0,179.0,6.9,14.1,134.0,65,2026-09-02
Chennai,2026-09-02 12:00:00,22.1,28.6,173.0,4.7,11.5,146.0,65,2026-09-02
Chennai,2026-09-02 13:00:00,21.5,27.9,196.0,3.4,8.5,152.0,65,2026-09-02
Chennai,2026-09-02 14:00:00,20.4,26.8,217.0,2.8,6.3,153.0,65,2026-09-02
Chennai,2026-09-02 15:00:00,19.5,26.0,228.0,3.4,5.6,147.0,65,2026-09-02
Chennai,2026-09-02 16:00:00,18.5,25.2,237.0,4.8,5.8,135.0,75,2026-09-02
Chennai,2026-09-02 17:00:00,29.4,38.3,241.0,5.4,9.3,153.0,91,2026-09-02
Chennai,2026-09-02 18:00:00,29.8,38.0,234.0,6.2,8.8,146.0,107,2026-09-02
Chennai,2026-09-02 19:00:00,30.3,38.6,222.0,7.3,8.2,137.0,115,2026-09-02
Chennai,2026-09-02 20:00:00,29.9,38.6,216.0,7.9,7.6,128.0,115,2026-09-02
Chennai,2026-09-02 21:00:00,29.4,38.3,224.0,7.6,7.3,120.0,111,2026-09-02
Chennai,2026-09-02 22:00:00,27.5,36.0,238.0,7.0,7.0,113.0,105,2026-09-02
Chennai,2026-09-02 23:00:00,25.0,33.1,249.0,6.6,6.9,105.0,96,2026-09-02
Chennai,2026-09-03 00:00:00,22.2,29.5,257.0,6.7,6.6,96.0,87,2026-09-03
Chennai,2026-09-03 01:00:00,18.7,25.0,262.0,7.1,6.4,87.0,79,2026-09-03
Chennai,2026-09-03 02:00:00,15.7,20.3,253.0,8.2,7.0,78.0,73,2026-09-03
Chennai,2026-09-03 03:00:00,15.8,19.3,205.0,10.4,9.0,69.0,73,2026-09-03
Chennai,2026-09-03 04:00:00,17.6,20.8,144.0,13.3,11.9,61.0,73,2026-09-03
Chennai,2026-09-03 05:00:00,14.2,17.1,130.0,13.6,12.2,61.0,73,2026-09-03
Chennai,2026-09-03 06:00:00,15.4,18.5,223.0,15.2,14.2,62.0,73,2026-09-03
Chennai,2026-09-03 07:00:00,17.2,20.5,364.0,17.2,16.9,64.0,73,2026-09-03
Chennai,2026-09-03 08:00:00,19.2,23.0,441.0,17.7,18.7,72.0,73,2026-09-03
Chennai,2026-09-03 09:00:00,20.6,25.8,383.0,15.2,18.9,90.0,74,2026-09-03
Chennai,2026-09-03 10:00:00,21.1,27.3,261.0,11.0,18.2,114.0,74,2026-09-03
Chennai,2026-09-03 11:00:00,21.6,28.8,177.0,7.6,16.9,134.0,74,2026-09-03
Chennai,2026-09-03 12:00:00,22.2,29.8,181.0,5.4,14.8,147.0,74,2026-09-03
Chennai,2026-09-03 13:00:00,23.2,31.8,224.0,3.9,12.2,156.0,74,2026-09-03
Chennai,2026-09-03 14:00:00,24.4,34.1,259.0,3.7,10.1,159.0,74,2026-09-03
Chennai,2026-09-03 15:00:00,25.6,36.7,266.0,5.7,9.2,154.0,75,2026-09-03
Chennai,2026-09-03 16:00:00,24.0,34.2,265.0,9.1,8.9,144.0,85,2026-09-03
Chennai,2026-09-03 17:00:00,25.6,34.0,270.0,8.5,6.9,119.0,100,2026-09-03
Chennai,2026-09-03 18:00:00,27.4,36.1,292.0,12.7,7.7,112.0,106,2026-09-03
Chennai,2026-09-03 19:00:00,29.5,39.2,319.0,18.4,8.9,102.0,106,2026-09-03
Chennai,2026-09-03 20:00:00,30.7,40.6,331.0,21.6,9.7,94.0,99,2026-09-03
Chennai,2026-09-03 21:00:00,29.9,40.0,317.0,20.1,9.9,92.0,88,2026-09-03
Chennai,2026-09-03 22:00:00,28.6,38.8,287.0,16.1,9.8,92.0,75,2026-09-03
Chennai,2026-09-03 23:00:00,26.5,36.7,256.0,12.6,9.5,92.0,75,2026-09-03
Chennai,2026-09-04 00:00:00,25.0,35.3,223.0,10.2,8.6,92.0,75,2026-09-04
Chennai,2026-09-04 01:00:00,23.1,33.4,189.0,8.4,7.5,91.0,75,2026-09-04
Chennai,2026-09-04 02:00:00,20.0,28.3,166.0,7.8,7.0,86.0,76,2026-09-04
Chennai,2026-09-04 03:00:00,18.8,25.9,153.0,9.5,7.4,73.0,76,2026-09-04
Chennai,2026-09-04 04:00:00,18.4,24.9,152.0,12.5,8.5,57.0,76,2026-09-04
Chennai,2026-09-04 05:00:00,13.1,17.9,183.0,10.4,7.7,49.0,76,2026-09-04
Chennai,2026-09-04 06:00:00,11.9,15.8,278.0,11.5,8.2,47.0,76,2026-09-04
Chennai,2026-09-04 07:00:00,12.1,15.5,406.0,12.9,8.9,46.0,76,2026-09-04
Chennai,2026-09-04 08:00:00,12.4,15.7,488.0,13.4,10.0,52.0,76,2026-09-04
Chennai,2026-09-04 09:00:00,12.9,16.1,484.0,12.0,11.9,71.0,75,2026-09-04
Chennai,2026-09-04 10:00:00,13.7,16.8,434.0,9.6,14.1,97.0,75,2026-09-04
Chennai,2026-09-04 11:00:00,14.4,16.9,384.0,7.5,15.1,119.0,74,2026-09-04
Chennai,2026-09-04 12:00:00,15.5,18.1,343.0,5.8,13.9,136.0,73,2026-09-04
Chennai,2026-09-04 13:00:00,16.0,19.2,301.0,4.3,11.6,148.0,73,2026-09-04
Chennai,2026-09-04 14:00:00,17.8,23.6,272.0,3.7,9.6,153.0,72,2026-09-04
Chennai,2026-09-04 15:00:00,18.0,24.4,262.0,4.6,8.7,144.0,72,2026-09-04
Chennai,2026-09-04 16:00:00,17.3,23.7,265.0,6.3,8.2,127.0,71,2026-09-04
Chennai,2026-09-04 17:00:00,21.4,27.7,271.0,9.7,14.5,120.0,78,2026-09-04
Chennai,2026-09-04 18:00:00,21.8,27.8,277.0,10.6,13.0,111.0,89,2026-09-04
Chennai,2026-09-04 19:00:00,20.7,26.8,287.0,11.8,11.0,98.0,92,2026-09-04
Chennai,2026-09-04 20:00:00,20.3,26.8,296.0,12.6,9.3,88.0,87,2026-09-04
Chennai,2026-09-04 21:00:00,19.7,26.5,310.0,12.5,8.2,82.0,77,2026-09-04
Chennai,2026-09-04 22:00:00,19.3,26.0,324.0,11.8,7.5,78.0,68,2026-09-04
Chennai,2026-09-04 23:00:00,18.8,25.6,321.0,11.2,7.0,75.0,67,2026-09-04
Chennai,2026-09-05 00:00:00,18.3,24.9,283.0,10.6,6.5,72.0,66,2026-09-05
Chennai,2026-09-05 01:00:00,17.8,24.2,228.0,10.0,6.3,69.0,66,2026-09-05
Chennai,2026-09-05 02:00:00,17.3,23.2,188.0,9.8,6.9,67.0,65,2026-09-05
Chennai,2026-09-05 03:00:00,16.4,21.5,168.0,10.2,9.1,67.0,65,2026-09-05
Chennai,2026-09-05 04:00:00,15.1,18.7,162.0,10.9,12.2,68.0,65,2026-09-05
Chennai,2026-09-05 05:00:00,19.6,23.8,188.0,13.6,20.5,65.0,65,2026-09-05
Chennai,2026-09-05 06:00:00,19.9,23.6,278.0,14.4,22.2,67.0,65,2026-09-05
Chennai,2026-09-05 07:00:00,20.3,24.0,398.0,15.4,24.4,71.0,66,2026-09-05
Chennai,2026-09-05 08:00:00,20.8,24.7,468.0,15.0,25.0,82.0,66,2026-09-05
Chennai,2026-09-05 09:00:00,21.0,24.7,437.0,12.1,22.7,106.0,67,2026-09-05
Chennai,2026-09-05 10:00:00,21.2,24.9,355.0,7.9,18.8,135.0,68,2026-09-05
Chennai,2026-09-05 11:00:00,21.9,26.2,288.0,4.6,15.2,156.0,68,2026-09-05
Chennai,2026-09-05 12:00:00,22.4,28.1,258.0,3.2,12.4,159.0,69,2026-09-05
Chennai,2026-09-05 13:00:00,21.2,26.8,242.0,2.7,9.9,153.0,69,2026-09-05
Chennai,2026-09-05 14:00:00,20.3,25.7,237.0,2.9,8.3,146.0,70,2026-09-05
Chennai,2026-09-05 15:00:00,19.8,25.6,247.0,3.8,7.9,139.0,81,2026-09-05
Chennai,2026-09-05 16:00:00,19.6,25.5,267.0,5.4,8.4,131.0,95,2026-09-05
Chennai,2026-09-05 17:00:00,25.7,33.6,280.0,7.3,7.5,104.0,106,2026-09-05
Chennai,2026-09-05 18:00:00,25.0,32.5,278.0,9.0,7.5,98.0,105,2026-09-05
Chennai,2026-09-05 19:00:00,24.6,31.8,270.0,11.2,7.5,90.0,98,2026-09-05
Chennai,2026-09-05 20:00:00,23.9,30.7,260.0,12.4,7.4,84.0,84,2026-09-05
Chennai,2026-09-05 21:00:00,22.4,29.3,253.0,11.6,7.0,83.0,72,2026-09-05
Chennai,2026-09-05 22:00:00,22.2,29.3,245.0,9.9,6.4,85.0,72,2026-09-05
Chennai,2026-09-05 23:00:00,22.0,29.0,233.0,8.5,6.2,86.0,72,2026-09-05
Chennai,2026-09-06 00:00:00,21.2,27.9,211.0,7.9,6.3,87.0,72,2026-09-06
Chennai,2026-09-06 01:00:00,19.6,25.1,185.0,7.8,6.8,87.0,72,2026-09-06
Chennai,2026-09-06 02:00:00,17.3,21.5,173.0,8.1,8.0,84.0,73,2026-09-06
Chennai,2026-09-06 03:00:00,15.7,19.1,183.0,9.4,10.7,75.0,73,2026-09-06
Chennai,2026-09-06 04:00:00,14.7,17.5,207.0,11.2,14.2,64.0,73,2026-09-06
Chennai,2026-09-06 05:00:00,21.4,24.8,234.0,13.5,23.4,59.0,73,2026-09-06
Chennai,2026-09-06 06:00:00,18.1,21.2,269.0,12.9,21.4,60.0,73,2026-09-06
Chennai,2026-09-06 07:00:00,16.6,19.6,308.0,12.0,18.7,62.0,73,2026-09-06
Chennai,2026-09-06 08:00:00,17.2,20.4,327.0,10.7,16.3,72.0,72,2026-09-06
Chennai,2026-09-06 09:00:00,19.9,23.9,309.0,8.5,14.9,97.0,72,2026-09-06
Chennai,2026-09-06 10:00:00,22.8,27.2,270.0,5.9,14.0,129.0,72,2026-09-06
Chennai,2026-09-06 11:00:00,24.6,29.5,242.0,3.9,12.8,153.0,72,2026-09-06
Chennai,2026-09-06 12:00:00,26.1,32.6,236.0,2.8,11.0,160.0,72,2026-09-06
Chennai,2026-09-06 13:00:00,25.3,32.0,239.0,2.4,9.0,159.0,72,2026-09-06
Chennai,2026-09-06 14:00:00,24.4,31.2,247.0,2.7,7.6,154.0,73,2026-09-06
Chennai,2026-09-06 15:00:00,23.7,30.5,262.0,4.3,7.4,146.0,76,2026-09-06
Chennai,2026-09-06 16:00:00,23.5,30.3,281.0,6.7,7.8,135.0,94,2026-09-06
Chennai,2026-09-06 17:00:00,21.4,27.6,290.0,7.0,8.3,126.0,108,2026-09-06
Chennai,2026-09-06 18:00:00,22.1,27.8,283.0,7.4,8.1,120.0,114,2026-09-06
Chennai,2026-09-06 19:00:00,21.4,27.0,267.0,7.9,7.7,112.0,112,2026-09-06
Chennai,2026-09-06 20:00:00,20.5,25.7,248.0,8.0,7.3,106.0,103,2026-09-06
Chennai,2026-09-06 21:00:00,19.4,24.5,223.0,7.3,6.3,106.0,92,2026-09-06
Chennai,2026-09-06 22:00:00,18.7,23.7,196.0,6.2,5.3,108.0,80,2026-09-06
Chennai,2026-09-06 23:00:00,18.4,23.7,181.0,5.8,5.7,107.0,72,2026-09-06
Chennai,2026-09-07 00:00:00,18.2,23.3,189.0,6.7,8.8,101.0,72,2026-09-07
Chennai,2026-09-07 01:00:00,19.0,23.6,210.0,8.3,13.2,93.0,72,2026-09-07
Chennai,2026-09-07 02:00:00,19.2,23.3,226.0,9.8,16.7,83.0,72,2026-09-07
Chennai,2026-09-07 03:00:00,18.5,22.2,223.0,11.2,18.3,71.0,72,2026-09-07
Chennai,2026-09-07 04:00:00,17.0,20.4,216.0,12.5,18.9,58.0,72,2026-09-07
Chennai,2026-09-07 05:00:00,16.8,19.8,231.0,12.9,21.9,58.0,72,2026-09-07
Chennai,2026-09-07 06:00:00,16.4,19.1,302.0,13.8,21.0,60.0,72,2026-09-07
Chennai,2026-09-07 07:00:00,17.3,20.0,395.0,14.8,19.8,63.0,72,2026-09-07
Chennai,2026-09-07 08:00:00,19.2,22.4,439.0,14.6,18.4,75.0,72,2026-09-07
Chennai,2026-09-07 09:00:00,20.1,24.0,382.0,11.9,16.9,103.0,72,2026-09-07
Chennai,2026-09-07 10:00:00,19.4,22.8,276.0,8.0,15.3,139.0,72,2026-09-07
Chennai,2026-09-07 11:00:00,20.6,24.6,200.0,4.9,13.4,165.0,72,2026-09-07
Chennai,2026-09-07 12:00:00,21.7,26.5,191.0,3.5,11.0,173.0,71,2026-09-07
Chennai,2026-09-07 13:00:00,24.8,33.3,211.0,3.0,8.4,172.0,71,2026-09-07
Chennai,2026-09-07 14:00:00,23.5,31.7,231.0,3.2,6.6,168.0,71,2026-09-07
Chennai,2026-09-07 15:00:00,23.2,31.4,241.0,4.4,6.4,161.0,92,2026-09-07
Chennai,2026-09-07 16:00:00,22.5,30.7,249.0,6.2,6.9,152.0,112,2026-09-07
Chennai,2026-09-07 17:00:00,19.8,25.4,252.0,7.0,8.4,133.0,129,2026-09-07
Chennai,2026-09-07 18:00:00,20.9,26.3,243.0,6.9,7.8,130.0,135,2026-09-07
Chennai,2026-09-07 19:00:00,20.6,26.1,228.0,6.8,7.0,126.0,133,2026-09-07
Chennai,2026-09-07 20:00:00,19.5,25.0,218.0,6.7,6.3,120.0,125,2026-09-07
Chennai,2026-09-07 21:00:00,18.7,24.9,218.0,6.5,5.8,113.0,114,2026-09-07
Chennai,2026-09-07 22:00:00,17.2,23.6,222.0,6.4,5.4,105.0,101,2026-09-07
Chennai,2026-09-07 23:00:00,15.7,21.8,227.0,6.8,5.7,96.0,88,2026-09-07
Chennai,2026-09-08 00:00:00,14.4,19.6,231.0,7.9,6.9,87.0,74,2026-09-08
Chennai,2026-09-08 01:00:00,13.7,18.1,237.0,9.5,8.8,77.0,70,2026-09-08
Chennai,2026-09-08 02:00:00,13.1,17.0,244.0,11.1,10.7,68.0,69,2026-09-08
Chennai,2026-09-08 03:00:00,12.5,15.9,251.0,12.7,12.6,58.0,69,2026-09-08
Chennai,2026-09-08 04:00:00,12.1,15.3,259.0,14.3,14.7,49.0,68,2026-09-08
Chennai,2026-09-08 05:00:00,11.6,15.0,278.0,13.5,13.6,46.0,68,2026-09-08
Chennai,2026-09-08 06:00:00,12.6,15.8,328.0,14.7,16.0,46.0,67,2026-09-08
Chennai,2026-09-08 07:00:00,13.9,16.9,389.0,16.2,19.2,48.0,67,2026-09-08
Chennai,2026-09-08 08:00:00,16.1,19.3,407.0,16.2,21.1,59.0,67,2026-09-08
Chennai,2026-09-08 09:00:00,18.1,22.3,338.0,13.4,20.5,87.0,67,2026-09-08
Chennai,2026-09-08 10:00:00,17.6,21.1,226.0,9.2,18.5,124.0,67,2026-09-08
Chennai,2026-09-08 11:00:00,20.0,23.4,147.0,5.8,16.2,153.0,66,2026-09-08
Chennai,2026-09-08 12:00:00,21.9,25.3,139.0,4.2,13.5,168.0,66,2026-09-08
Chennai,2026-09-08 13:00:00,25.0,28.6,164.0,3.4,10.6,174.0,66,2026-09-08
Chennai,2026-09-08 14:00:00,27.9,31.9,187.0,3.3,8.5,177.0,66,2026-09-08
Chennai,2026-09-08 15:00:00,27.4,31.5,195.0,4.1,8.1,176.0,77,2026-09-08
Chennai,2026-09-08 16:00:00,23.1,27.8,202.0,5.5,8.7,171.0,104,2026-09-08
Chennai,2026-09-08 17:00:00,25.8,34.6,207.0,6.8,10.4,153.0,128,2026-09-08
Chennai,2026-09-08 18:00:00,24.9,31.9,213.0,6.8,10.0,148.0,142,2026-09-08
Chennai,2026-09-08 19:00:00,24.4,31.3,218.0,6.8,9.3,142.0,147,2026-09-08
Chennai,2026-09-08 20:00:00,24.6,32.5,221.0,6.8,8.7,135.0,145,2026-09-08
Chennai,2026-09-08 21:00:00,24.4,33.1,220.0,6.5,8.0,130.0,138,2026-09-08
Chennai,2026-09-08 22:00:00,24.2,33.3,216.0,6.3,7.4,126.0,129,2026-09-08
Chennai,2026-09-08 23:00:00,23.8,33.4,214.0,6.4,7.2,119.0,118,2026-09-08
Chennai,2026-09-09 00:00:00,22.9,32.5,214.0,7.2,7.7,108.0,106,2026-09-09
Chennai,2026-09-09 01:00:00,21.5,30.4,215.0,8.5,8.7,94.0,92,2026-09-09
Chennai,2026-09-09 02:00:00,20.4,28.3,222.0,10.0,10.2,83.0,80,2026-09-09
Chennai,2026-09-09 03:00:00,20.8,27.8,233.0,12.0,12.4,75.0,72,2026-09-09
Chennai,2026-09-09 04:00:00,21.2,28.5,250.0,14.3,15.1,69.0,73,2026-09-09
Chennai,2026-09-09 05:00:00,19.7,27.7,275.0,15.3,14.6,65.0,73,2026-09-09
Chennai,2026-09-09 06:00:00,21.4,29.0,326.0,15.9,16.4,68.0,74,2026-09-09
Chennai,2026-09-09 07:00:00,22.3,29.5,386.0,16.5,18.8,73.0,75,2026-09-09
Chennai,2026-09-09 08:00:00,21.6,29.0,406.0,15.8,19.7,82.0,75,2026-09-09
Chennai,2026-09-09 09:00:00,18.0,24.3,346.0,12.3,17.6,99.0,76,2026-09-09
Chennai,2026-09-09 10:00:00,15.8,20.9,245.0,7.4,13.9,121.0,76,2026-09-09
Chennai,2026-09-09 11:00:00,15.6,20.2,175.0,3.8,10.8,137.0,76,2026-09-09
Chennai,2026-09-09 12:00:00,15.5,19.6,169.0,2.4,8.9,143.0,75,2026-09-09
Chennai,2026-09-09 13:00:00,15.3,19.3,193.0,2.3,7.5,144.0,75,2026-09-09
Chennai,2026-09-09 14:00:00,14.8,19.2,215.0,3.1,6.7,141.0,74,2026-09-09
Chennai,2026-09-09 15:00:00,15.1,20.2,226.0,4.9,6.4,134.0,73,2026-09-09
Chennai,2026-09-09 16:00:00,15.9,22.6,235.0,7.5,6.7,123.0,79,2026-09-09
Chennai,2026-09-09 17:00:00,17.8,27.6,242.0,6.3,5.9,112.0,88,2026-09-09
Chennai,2026-09-09 18:00:00,21.6,31.2,244.0,8.7,6.4,109.0,91,2026-09-09
Chennai,2026-09-09 19:00:00,21.2,29.9,244.0,11.9,7.1,104.0,88,2026-09-09
Chennai,2026-09-09 20:00:00,21.2,29.7,245.0,13.7,7.5,101.0,81,2026-09-09
Chennai,2026-09-09 21:00:00,21.7,30.4,252.0,12.8,7.3,101.0,72,2026-09-09
Chennai,2026-09-09 22:00:00,22.5,31.7,260.0,10.4,6.9,104.0,70,2026-09-09
Chennai,2026-09-09 23:00:00,23.1,32.7,261.0,8.3,6.8,107.0,70,2026-09-09
Chennai,2026-09-10 00:00:00,24.1,33.9,245.0,6.9,7.2,114.0,70,2026-09-10
Chennai,2026-09-10 01:00:00,24.9,34.5,221.0,5.8,7.9,122.0,70,2026-09-10
Chennai,2026-09-10 02:00:00,24.0,33.2,208.0,5.4,8.7,123.0,70,2026-09-10
Chennai,2026-09-10 03:00:00,22.7,32.0,206.0,6.0,9.3,112.0,70,2026-09-10
Chennai,2026-09-10 04:00:00,21.8,31.9,214.0,7.3,10.0,94.0,71,2026-09-10
Chennai,2026-09-10 05:00:00,22.3,34.2,252.0,12.6,20.5,66.0,71,2026-09-10
Chennai,2026-09-10 06:00:00,22.7,34.6,355.0,13.7,21.9,66.0,71,2026-09-10
Chennai,2026-09-10 07:00:00,23.5,35.4,487.0,15.2,23.7,66.0,71,2026-09-10
Chennai,2026-09-10 08:00:00,25.3,37.6,560.0,15.2,24.1,75.0,71,2026-09-10
Chennai,2026-09-10 09:00:00,27.8,40.6,520.0,12.5,22.0,100.0,71,2026-09-10
Chennai,2026-09-10 10:00:00,28.3,41.1,420.0,8.5,18.6,132.0,72,2026-09-10
Chennai,2026-09-10 11:00:00,27.9,39.8,341.0,5.3,15.2,156.0,73,2026-09-10
Chennai,2026-09-10 12:00:00,27.9,38.9,308.0,3.8,12.1,163.0,74,2026-09-10
Chennai,2026-09-10 13:00:00,25.1,34.6,295.0,3.2,9.0,161.0,75,2026-09-10
Chennai,2026-09-10 14:00:00,24.3,33.9,298.0,3.3,7.1,158.0,76,2026-09-10
Chennai,2026-09-10 15:00:00,24.3,34.3,323.0,4.0,6.9,155.0,82,2026-09-10
Chennai,2026-09-10 16:00:00,24.6,34.7,363.0,5.3,7.9,150.0,101,2026-09-10
Chennai,2026-09-10 17:00:00,26.1,37.1,398.0,7.6,8.8,125.0,116,2026-09-10
Chennai,2026-09-10 18:00:00,26.7,36.7,417.0,8.4,9.1,124.0,122,2026-09-10
Chennai,2026-09-10 19:00:00,27.3,37.7,430.0,9.5,9.5,121.0,120,2026-09-10
Chennai,2026-09-10 20:00:00,27.1,37.1,444.0,10.2,9.6,119.0,113,2026-09-10
Chennai,2026-09-10 21:00:00,26.7,36.6,472.0,10.0,9.1,116.0,103,2026-09-10
Chennai,2026-09-10 22:00:00,26.0,35.6,501.0,9.4,8.4,113.0,94,2026-09-10
Chennai,2026-09-10 23:00:00,24.9,34.1,496.0,8.7,8.0,111.0,84,2026-09-10
Chennai,2026-09-11 00:00:00,24.4,33.9,424.0,7.8,7.9,111.0,81,2026-09-11
Chennai,2026-09-11 01:00:00,23.3,33.2,318.0,6.8,8.1,112.0,81,2026-09-11
Chennai,2026-09-11 02:00:00,21.9,32.0,239.0,6.5,9.0,110.0,81,2026-09-11
Chennai,2026-09-11 03:00:00,20.8,30.6,209.0,7.3,11.3,100.0,80,2026-09-11
Chennai,2026-09-11 04:00:00,20.7,29.4,207.0,8.9,14.4,87.0,80,2026-09-11
Chennai,2026-09-11 05:00:00,17.8,25.9,224.0,5.1,7.7,113.0,80,2026-09-11
Chennai,2026-09-11 06:00:00,17.8,25.7,272.0,7.0,8.7,106.0,80,2026-09-11
Chennai,2026-09-11 07:00:00,18.7,26.8,340.0,9.5,10.2,97.0,79,2026-09-11
Chennai,2026-09-11 08:00:00,19.3,27.5,388.0,10.9,11.5,95.0,79,2026-09-11
Chennai,2026-09-11 09:00:00,20.7,29.3,396.0,10.0,12.9,106.0,79,2026-09-11
Chennai,2026-09-11 10:00:00,23.2,32.6,384.0,8.0,14.2,124.0,78,2026-09-11
Chennai,2026-09-11 11:00:00,25.8,36.8,367.0,6.2,14.5,138.0,78,2026-09-11
Chennai,2026-09-11 12:00:00,26.3,38.9,342.0,5.0,13.1,145.0,77,2026-09-11
Chennai,2026-09-11 13:00:00,26.0,39.3,313.0,4.0,10.6,149.0,77,2026-09-11
Chennai,2026-09-11 14:00:00,25.9,39.8,299.0,3.8,8.9,150.0,77,2026-09-11
Chennai,2026-09-11 15:00:00,25.7,39.9,320.0,4.9,8.6,147.0,80,2026-09-11
Chennai,2026-09-11 16:00:00,25.6,39.8,358.0,6.7,8.9,141.0,91,2026-09-11
Chennai,2026-09-11 17:00:00,23.5,34.8,378.0,12.2,8.7,105.0,101,2026-09-11
Chennai,2026-09-11 18:00:00,23.3,32.6,361.0,11.2,8.5,106.0,100,2026-09-11
Chennai,2026-09-11 19:00:00,23.9,32.5,326.0,9.8,8.2,108.0,96,2026-09-11
Chennai,2026-09-11 20:00:00,23.6,31.8,296.0,8.7,7.9,109.0,90,2026-09-11
Chennai,2026-09-11 21:00:00,23.6,32.2,278.0,8.2,7.5,107.0,82,2026-09-11
Chennai,2026-09-11 22:00:00,23.2,31.8,265.0,7.9,7.0,104.0,76,2026-09-11
Chennai,2026-09-11 23:00:00,22.8,31.3,252.0,7.7,6.9,102.0,76,2026-09-11
Chennai,2026-09-12 00:00:00,22.4,30.9,238.0,7.3,6.9,102.0,76,2026-09-12
Chennai,2026-09-12 01:00:00,22.2,30.6,225.0,7.0,7.3,102.0,76,2026-09-12
Chennai,2026-09-12 02:00:00,22.1,30.2,218.0,7.1,8.7,101.0,76,2026-09-12
Chennai,2026-09-12 03:00:00,22.2,29.9,216.0,8.1,12.4,98.0,76,2026-09-12
Chennai,2026-09-12 04:00:00,22.6,29.9,220.0,9.5,17.2,93.0,76,2026-09-12
Chennai,2026-09-12 05:00:00,15.0,19.3,243.0,8.8,12.6,91.0,76,2026-09-12
Chennai,2026-09-12 06:00:00,14.2,18.0,309.0,10.4,13.6,90.0,76,2026-09-12
Chennai,2026-09-12 07:00:00,13.9,18.1,393.0,12.5,14.9,88.0,76,2026-09-12
Chennai,2026-09-12 08:00:00,14.5,19.3,434.0,13.2,15.5,90.0,75,2026-09-12
Chennai,2026-09-12 09:00:00,15.4,20.8,392.0,11.0,14.7,100.0,75,2026-09-12
Chennai,2026-09-12 10:00:00,16.5,22.6,308.0,7.3,13.1,113.0,74,2026-09-12
Chennai,2026-09-12 11:00:00,17.2,23.9,242.0,4.5,11.6,122.0,74,2026-09-12
Chennai,2026-09-12 12:00:00,17.6,24.4,220.0,3.5,10.2,124.0,73,2026-09-12
Chennai,2026-09-12 13:00:00,17.9,25.1,217.0,3.5,8.9,122.0,73,2026-09-12
Chennai,2026-09-12 14:00:00,17.8,25.0,219.0,4.0,8.1,118.0,72,2026-09-12
Chennai,2026-09-12 15:00:00,17.5,24.6,225.0,5.4,8.2,110.0,71,2026-09-12
Chennai,2026-09-12 16:00:00,17.1,24.1,237.0,7.5,8.7,100.0,71,2026-09-12
Chennai,2026-09-12 17:00:00,20.3,29.7,239.0,6.7,7.0,75.0,70,2026-09-12
Chennai,2026-09-12 18:00:00,19.3,27.6,223.0,7.2,6.4,69.0,70,2026-09-12
Chennai,2026-09-12 19:00:00,18.5,27.0,199.0,7.8,5.5,62.0,69,2026-09-12
Chennai,2026-09-12 20:00:00,17.3,25.6,180.0,7.9,4.8,56.0,69,2026-09-12
Chennai,2026-09-12 21:00:00,16.4,24.7,173.0,7.2,4.3,55.0,68,2026-09-12
Chennai,2026-09-12 22:00:00,15.7,24.2,172.0,6.0,3.8,55.0,68,2026-09-12
Chennai,2026-09-12 23:00:00,15.3,24.0,175.0,5.0,3.6,57.0,67,2026-09-12
Chennai,2026-09-13 00:00:00,15.4,24.6,181.0,4.2,3.4,59.0,67,2026-09-13
Chennai,2026-09-13 01:00:00,15.4,24.7,190.0,3.5,3.3,62.0,66,2026-09-13
Chennai,2026-09-13 02:00:00,15.4,24.9,200.0,3.5,4.0,64.0,66,2026-09-13
Chennai,2026-09-13 03:00:00,15.3,23.9,210.0,4.6,5.9,66.0,65,2026-09-13
Chennai,2026-09-13 04:00:00,15.6,22.5,221.0,6.3,8.7,67.0,65,2026-09-13
Chennai,2026-09-13 05:00:00,17.7,24.4,239.0,5.9,7.4,75.0,64,2026-09-13
Chennai,2026-09-13 06:00:00,18.2,25.0,275.0,6.7,8.9,74.0,64,2026-09-13
Chennai,2026-09-13 07:00:00,19.0,26.2,319.0,7.7,10.9,73.0,65,2026-09-13
Chennai,2026-09-13 08:00:00,19.2,26.5,340.0,8.1,12.4,77.0,65,2026-09-13
Chennai,2026-09-13 09:00:00,19.0,26.4,321.0,7.1,12.8,89.0,65,2026-09-13
Chennai,2026-09-13 10:00:00,19.0,26.3,279.0,5.4,12.6,106.0,66,2026-09-13
Chennai,2026-09-13 11:00:00,19.1,26.4,242.0,4.1,12.1,118.0,66,2026-09-13
Chennai,2026-09-13 12:00:00,18.6,25.4,216.0,3.4,11.2,122.0,66,2026-09-13
Chennai,2026-09-13 13:00:00,17.6,24.0,194.0,3.1,10.0,121.0,66,2026-09-13
Chennai,2026-09-13 14:00:00,16.6,22.6,179.0,3.2,9.0,117.0,66,2026-09-13
Chennai,2026-09-13 15:00:00,15.1,20.8,174.0,3.8,8.5,109.0,66,2026-09-13
Chennai,2026-09-13 16:00:00,14.6,20.2,174.0,4.8,8.2,98.0,66,2026-09-13
Chennai,2026-09-13 17:00:00,21.8,30.5,174.0,5.0,9.1,98.0,66,2026-09-13
Chennai,2026-09-13 18:00:00,20.0,28.1,169.0,5.0,8.0,92.0,66,2026-09-13
Chennai,2026-09-13 19:00:00,18.6,26.4,163.0,5.1,6.6,82.0,66,2026-09-13
Chennai,2026-09-13 20:00:00,17.1,24.6,156.0,5.0,5.3,75.0,66,2026-09-13
Chennai,2026-09-13 21:00:00,16.3,23.7,150.0,4.7,4.5,71.0,66,2026-09-13
Chennai,2026-09-13 22:00:00,15.7,23.1,143.0,4.2,3.9,69.0,66,2026-09-13
Chennai,2026-09-13 23:00:00,15.0,22.4,136.0,3.7,3.5,66.0,66,2026-09-13
Kolkata,2026-08-15 00:00:00,23.2,24.2,283.0,10.6,11.7,87.0,67,2026-08-15
Kolkata,2026-08-15 01:00:00,21.7,22.5,253.0,10.0,11.0,83.0,68,2026-08-15
Kolkata,2026-08-15 02:00:00,20.1,20.9,233.0,9.4,10.4,80.0,69,2026-08-15
Kolkata,2026-08-15 03:00:00,17.9,18.6,227.0,9.2,10.2,78.0,69,2026-08-15
Kolkata,2026-08-15 04:00:00,15.7,16.4,232.0,9.0,10.2,77.0,69,2026-08-15
Kolkata,2026-08-15 05:00:00,12.1,12.8,245.0,9.2,8.5,74.0,69,2026-08-15
Kolkata,2026-08-15 06:00:00,13.5,13.9,276.0,8.1,9.3,83.0,69,2026-08-15
Kolkata,2026-08-15 07:00:00,12.7,13.4,316.0,6.5,10.2,96.0,68,2026-08-15
Kolkata,2026-08-15 08:00:00,13.2,14.8,338.0,5.1,10.6,106.0,68,2026-08-15
Kolkata,2026-08-15 09:00:00,11.6,13.1,324.0,4.1,9.8,109.0,67,2026-08-15
Kolkata,2026-08-15 10:00:00,10.4,11.3,292.0,3.3,8.3,108.0,67,2026-08-15
Kolkata,2026-08-15 11:00:00,10.4,11.4,271.0,2.7,7.1,108.0,67,2026-08-15
Kolkata,2026-08-15 12:00:00,10.0,11.3,269.0,2.4,6.5,110.0,67,2026-08-15
Kolkata,2026-08-15 13:00:00,10.2,11.3,278.0,2.3,6.3,113.0,67,2026-08-15
Kolkata,2026-08-15 14:00:00,9.6,10.5,303.0,2.7,6.1,112.0,67,2026-08-15
Kolkata,2026-08-15 15:00:00,9.4,10.7,362.0,4.0,6.0,105.0,67,2026-08-15
Kolkata,2026-08-15 16:00:00,9.1,10.1,436.0,5.7,6.0,95.0,66,2026-08-15
Kolkata,2026-08-15 17:00:00,11.8,13.4,483.0,6.3,7.4,90.0,66,2026-08-15
Kolkata,2026-08-15 18:00:00,12.8,14.3,474.0,7.8,8.2,84.0,65,2026-08-15
Kolkata,2026-08-15 19:00:00,14.1,15.5,437.0,9.8,9.3,75.0,64,2026-08-15
Kolkata,2026-08-15 20:00:00,13.8,14.9,407.0,11.3,10.1,68.0,63,2026-08-15
Kolkata,2026-08-15 21:00:00,13.3,14.6,404.0,11.8,10.2,64.0,62,2026-08-15
Kolkata,2026-08-15 22:00:00,12.9,14.1,408.0,11.7,10.0,62.0,61,2026-08-15
Kolkata,2026-08-15 23:00:00,12.0,13.2,397.0,11.3,9.7,61.0,59,2026-08-15
Kolkata,2026-08-16 00:00:00,10.9,12.1,352.0,10.4,9.3,62.0,58,2026-08-16
Kolkata,2026-08-16 01:00:00,9.9,11.2,291.0,9.2,8.7,64.0,57,2026-08-16
Kolkata,2026-08-16 02:00:00,9.1,10.3,245.0,8.3,8.2,66.0,56,2026-08-16
Kolkata,2026-08-16 03:00:00,8.1,9.1,229.0,8.2,7.6,66.0,56,2026-08-16
Kolkata,2026-08-16 04:00:00,7.5,8.4,229.0,8.5,7.1,66.0,55,2026-08-16
Kolkata,2026-08-16 05:00:00,8.3,9.3,232.0,7.6,7.3,71.0,54,2026-08-16
Kolkata,2026-08-16 06:00:00,9.5,10.4,238.0,6.8,7.9,77.0,54,2026-08-16
Kolkata,2026-08-16 07:00:00,9.6,10.9,249.0,5.6,8.7,86.0,54,2026-08-16
Kolkata,2026-08-16 08:00:00,9.5,11.1,253.0,4.6,9.3,95.0,53,2026-08-16
Kolkata,2026-08-16 09:00:00,9.6,11.5,244.0,3.8,9.3,104.0,53,2026-08-16
Kolkata,2026-08-16 10:00:00,9.7,11.4,229.0,3.1,9.1,113.0,53,2026-08-16
Kolkata,2026-08-16 11:00:00,9.2,10.6,222.0,2.9,8.8,117.0,53,2026-08-16
Kolkata,2026-08-16 12:00:00,8.9,10.4,223.0,3.3,8.6,112.0,53,2026-08-16
Kolkata,2026-08-16 13:00:00,9.3,10.6,231.0,4.3,8.5,102.0,53,2026-08-16
Kolkata,2026-08-16 14:00:00,10.3,11.6,259.0,5.7,8.3,92.0,53,2026-08-16
Kolkata,2026-08-16 15:00:00,10.2,10.9,332.0,8.0,8.0,82.0,53,2026-08-16
Kolkata,2026-08-16 16:00:00,11.7,12.0,426.0,10.9,7.6,72.0,53,2026-08-16
Kolkata,2026-08-16 17:00:00,8.8,9.3,478.0,6.6,7.8,96.0,53,2026-08-16
Kolkata,2026-08-16 18:00:00,11.2,11.3,445.0,7.6,8.6,92.0,53,2026-08-16
Kolkata,2026-08-16 19:00:00,13.6,13.7,370.0,9.0,9.8,86.0,52,2026-08-16
Kolkata,2026-08-16 20:00:00,12.7,12.8,327.0,10.0,10.5,81.0,52,2026-08-16
Kolkata,2026-08-16 21:00:00,13.2,13.3,359.0,10.5,10.4,78.0,52,2026-08-16
Kolkata,2026-08-16 22:00:00,13.2,13.4,421.0,10.6,9.9,75.0,52,2026-08-16
Kolkata,2026-08-16 23:00:00,12.3,12.5,455.0,10.5,9.3,73.0,52,2026-08-16
Kolkata,2026-08-17 00:00:00,11.1,11.6,426.0,10.0,8.7,71.0,52,2026-08-17
Kolkata,2026-08-17 01:00:00,10.3,10.9,368.0,9.4,8.1,70.0,52,2026-08-17
Kolkata,2026-08-17 02:00:00,9.8,10.4,322.0,9.0,7.7,69.0,52,2026-08-17
Kolkata,2026-08-17 03:00:00,9.3,10.0,300.0,9.2,7.6,66.0,52,2026-08-17
Kolkata,2026-08-17 04:00:00,9.7,10.3,290.0,9.7,7.8,64.0,53,2026-08-17
Kolkata,2026-08-17 05:00:00,7.3,7.3,297.0,12.3,11.3,59.0,53,2026-08-17
Kolkata,2026-08-17 06:00:00,10.4,10.8,338.0,12.9,10.8,56.0,53,2026-08-17
Kolkata,2026-08-17 07:00:00,9.7,10.0,396.0,13.6,10.2,53.0,53,2026-08-17
Kolkata,2026-08-17 08:00:00,9.9,10.2,428.0,13.5,10.8,56.0,53,2026-08-17
Kolkata,2026-08-17 09:00:00,11.6,11.8,401.0,11.9,14.0,71.0,53,2026-08-17
Kolkata,2026-08-17 10:00:00,13.6,13.7,347.0,9.5,18.4,93.0,53,2026-08-17
Kolkata,2026-08-17 11:00:00,16.0,16.1,323.0,7.4,21.4,112.0,53,2026-08-17
Kolkata,2026-08-17 12:00:00,19.0,19.1,359.0,6.0,21.6,128.0,54,2026-08-17
Kolkata,2026-08-17 13:00:00,21.9,22.0,425.0,5.0,20.4,141.0,55,2026-08-17
Kolkata,2026-08-17 14:00:00,23.9,24.1,484.0,4.7,18.8,146.0,56,2026-08-17
Kolkata,2026-08-17 15:00:00,23.5,23.6,532.0,5.7,16.8,137.0,57,2026-08-17
Kolkata,2026-08-17 16:00:00,22.2,22.4,574.0,7.4,14.5,120.0,58,2026-08-17
Kolkata,2026-08-17 17:00:00,19.3,19.8,585.0,12.4,8.7,83.0,68,2026-08-17
Kolkata,2026-08-17 18:00:00,18.5,18.8,543.0,12.1,9.3,83.0,71,2026-08-17
Kolkata,2026-08-17 19:00:00,18.7,19.0,472.0,11.7,10.2,82.0,69,2026-08-17
Kolkata,2026-08-17 20:00:00,18.9,19.4,414.0,11.5,11.0,80.0,62,2026-08-17
Kolkata,2026-08-17 21:00:00,19.3,19.7,390.0,11.6,11.5,76.0,61,2026-08-17
Kolkata,2026-08-17 22:00:00,19.1,19.5,379.0,11.8,11.9,70.0,61,2026-08-17
Kolkata,2026-08-17 23:00:00,17.8,18.1,369.0,11.8,12.0,66.0,62,2026-08-17
Kolkata,2026-08-18 00:00:00,16.8,17.2,351.0,11.4,11.7,64.0,62,2026-08-18
Kolkata,2026-08-18 01:00:00,16.4,16.8,333.0,10.8,11.2,64.0,63,2026-08-18
Kolkata,2026-08-18 02:00:00,16.0,16.4,324.0,10.3,10.9,63.0,63,2026-08-18
Kolkata,2026-08-18 03:00:00,14.7,15.0,329.0,10.3,10.9,60.0,64,2026-08-18
Kolkata,2026-08-18 04:00:00,13.1,13.3,343.0,10.5,11.0,58.0,64,2026-08-18
Kolkata,2026-08-18 05:00:00,15.9,16.7,358.0,11.2,13.6,54.0,64,2026-08-18
Kolkata,2026-08-18 06:00:00,17.3,18.1,377.0,9.6,14.0,64.0,65,2026-08-18
Kolkata,2026-08-18 07:00:00,17.2,18.6,397.0,7.5,14.6,79.0,65,2026-08-18
Kolkata,2026-08-18 08:00:00,16.6,17.7,399.0,5.6,14.9,93.0,66,2026-08-18
Kolkata,2026-08-18 09:00:00,15.7,16.7,367.0,4.4,14.8,105.0,67,2026-08-18
Kolkata,2026-08-18 10:00:00,15.8,16.9,317.0,3.4,14.4,117.0,67,2026-08-18
Kolkata,2026-08-18 11:00:00,15.6,16.8,280.0,2.8,13.7,125.0,67,2026-08-18
Kolkata,2026-08-18 12:00:00,15.6,17.0,264.0,2.3,12.6,129.0,67,2026-08-18
Kolkata,2026-08-18 13:00:00,16.1,17.6,260.0,2.2,11.3,131.0,67,2026-08-18
Kolkata,2026-08-18 14:00:00,15.4,17.2,273.0,2.5,10.1,129.0,66,2026-08-18
Kolkata,2026-08-18 15:00:00,15.0,16.8,314.0,3.8,9.2,123.0,66,2026-08-18
Kolkata,2026-08-18 16:00:00,15.0,16.8,371.0,5.5,8.6,115.0,69,2026-08-18
Kolkata,2026-08-18 17:00:00,19.1,21.6,411.0,6.1,7.8,105.0,74,2026-08-18
Kolkata,2026-08-18 18:00:00,21.4,23.6,420.0,7.5,9.2,101.0,74,2026-08-18
Kolkata,2026-08-18 19:00:00,23.2,25.2,411.0,9.5,11.2,95.0,70,2026-08-18
Kolkata,2026-08-18 20:00:00,23.7,25.3,399.0,11.1,12.9,88.0,65,2026-08-18
Kolkata,2026-08-18 21:00:00,23.4,24.6,387.0,11.9,13.8,81.0,65,2026-08-18
Kolkata,2026-08-18 22:00:00,21.3,22.4,371.0,12.2,14.3,73.0,66,2026-08-18
Kolkata,2026-08-18 23:00:00,18.0,19.0,348.0,12.3,14.8,66.0,66,2026-08-18
Kolkata,2026-08-19 00:00:00,16.5,18.0,309.0,12.2,15.5,61.0,66,2026-08-19
Kolkata,2026-08-19 01:00:00,16.3,18.2,262.0,11.8,16.2,57.0,66,2026-08-19
Kolkata,2026-08-19 02:00:00,16.2,18.3,231.0,11.5,16.5,54.0,66,2026-08-19
Kolkata,2026-08-19 03:00:00,16.1,18.3,225.0,11.6,16.2,50.0,66,2026-08-19
Kolkata,2026-08-19 04:00:00,15.8,18.2,233.0,11.9,15.6,47.0,66,2026-08-19
Kolkata,2026-08-19 05:00:00,15.0,17.1,250.0,11.7,15.7,49.0,66,2026-08-19
Kolkata,2026-08-19 06:00:00,16.2,18.8,282.0,9.9,15.0,60.0,66,2026-08-19
Kolkata,2026-08-19 07:00:00,16.2,19.5,322.0,7.3,14.1,75.0,66,2026-08-19
Kolkata,2026-08-19 08:00:00,16.1,19.7,340.0,5.2,13.2,90.0,66,2026-08-19
Kolkata,2026-08-19 09:00:00,16.2,19.4,317.0,3.9,12.6,105.0,66,2026-08-19
Kolkata,2026-08-19 10:00:00,16.1,18.8,272.0,2.9,12.1,119.0,66,2026-08-19
Kolkata,2026-08-19 11:00:00,17.0,19.8,238.0,2.3,11.4,129.0,66,2026-08-19
Kolkata,2026-08-19 12:00:00,17.3,20.4,221.0,1.9,10.4,131.0,66,2026-08-19
Kolkata,2026-08-19 13:00:00,17.1,20.4,215.0,1.7,9.3,129.0,66,2026-08-19
Kolkata,2026-08-19 14:00:00,16.7,20.3,230.0,2.1,8.4,123.0,66,2026-08-19
Kolkata,2026-08-19 15:00:00,16.1,19.7,288.0,3.3,7.7,112.0,66,2026-08-19
Kolkata,2026-08-19 16:00:00,17.0,21.5,368.0,5.1,7.2,99.0,67,2026-08-19
Kolkata,2026-08-19 17:00:00,17.7,22.0,416.0,6.6,7.0,88.0,68,2026-08-19
Kolkata,2026-08-19 18:00:00,19.3,24.0,397.0,7.4,7.7,82.0,67,2026-08-19
Kolkata,2026-08-19 19:00:00,22.0,27.5,346.0,8.4,8.6,75.0,66,2026-08-19
Kolkata,2026-08-19 20:00:00,23.2,28.8,310.0,9.2,9.1,69.0,66,2026-08-19
Kolkata,2026-08-19 21:00:00,22.9,28.0,315.0,9.4,9.0,67.0,66,2026-08-19
Kolkata,2026-08-19 22:00:00,22.4,27.0,337.0,9.4,8.4,67.0,66,2026-08-19
Kolkata,2026-08-19 23:00:00,20.3,24.6,345.0,9.4,8.0,66.0,66,2026-08-19
Kolkata,2026-08-20 00:00:00,18.7,22.8,322.0,9.5,7.7,65.0,66,2026-08-20
Kolkata,2026-08-20 01:00:00,18.2,22.0,286.0,9.7,7.4,63.0,67,2026-08-20
Kolkata,2026-08-20 02:00:00,18.2,21.9,266.0,10.1,7.4,61.0,67,2026-08-20
Kolkata,2026-08-20 03:00:00,18.5,22.1,273.0,11.4,7.7,55.0,67,2026-08-20
Kolkata,2026-08-20 04:00:00,18.8,22.5,296.0,13.0,8.1,49.0,67,2026-08-20
Kolkata,2026-08-20 05:00:00,18.9,22.4,328.0,12.3,9.0,55.0,67,2026-08-20
Kolkata,2026-08-20 06:00:00,20.5,24.4,383.0,10.1,9.5,71.0,68,2026-08-20
Kolkata,2026-08-20 07:00:00,20.4,26.5,448.0,7.1,10.2,93.0,68,2026-08-20
Kolkata,2026-08-20 08:00:00,20.8,28.1,473.0,4.7,10.6,112.0,68,2026-08-20
Kolkata,2026-08-20 09:00:00,20.3,26.7,417.0,3.4,10.5,123.0,69,2026-08-20
Kolkata,2026-08-20 10:00:00,20.0,25.7,323.0,2.6,10.1,130.0,69,2026-08-20
Kolkata,2026-08-20 11:00:00,20.0,25.3,266.0,2.2,9.7,134.0,69,2026-08-20
Kolkata,2026-08-20 12:00:00,19.7,24.7,282.0,1.8,9.3,136.0,70,2026-08-20
Kolkata,2026-08-20 13:00:00,19.9,24.8,335.0,1.7,8.9,135.0,70,2026-08-20
Kolkata,2026-08-20 14:00:00,19.4,24.1,399.0,2.4,8.7,129.0,70,2026-08-20
Kolkata,2026-08-20 15:00:00,18.9,23.2,484.0,4.8,8.7,115.0,78,2026-08-20
Kolkata,2026-08-20 16:00:00,18.4,21.8,580.0,8.0,8.7,96.0,82,2026-08-20
Kolkata,2026-08-20 17:00:00,20.8,23.8,629.0,9.8,8.6,85.0,79,2026-08-20
Kolkata,2026-08-20 18:00:00,25.6,28.8,593.0,11.3,9.8,78.0,71,2026-08-20
Kolkata,2026-08-20 19:00:00,28.8,32.2,511.0,13.4,11.5,69.0,71,2026-08-20
Kolkata,2026-08-20 20:00:00,30.0,33.3,439.0,14.6,12.4,63.0,72,2026-08-20
Kolkata,2026-08-20 21:00:00,30.5,33.5,399.0,14.0,12.0,63.0,72,2026-08-20
Kolkata,2026-08-20 22:00:00,30.0,32.6,370.0,12.5,10.8,67.0,73,2026-08-20
Kolkata,2026-08-20 23:00:00,28.6,31.1,343.0,11.3,9.9,70.0,74,2026-08-20
Kolkata,2026-08-21 00:00:00,27.8,30.0,309.0,10.5,9.5,71.0,74,2026-08-21
Kolkata,2026-08-21 01:00:00,27.2,29.4,277.0,10.1,9.3,72.0,75,2026-08-21
Kolkata,2026-08-21 02:00:00,26.8,29.2,263.0,10.5,9.4,72.0,76,2026-08-21
Kolkata,2026-08-21 03:00:00,27.6,30.7,276.0,13.0,9.9,67.0,76,2026-08-21
Kolkata,2026-08-21 04:00:00,30.4,34.0,306.0,16.5,10.8,61.0,77,2026-08-21
Kolkata,2026-08-21 05:00:00,28.7,31.9,341.0,15.1,12.1,68.0,78,2026-08-21
Kolkata,2026-08-21 06:00:00,29.7,33.5,387.0,12.8,13.9,84.0,79,2026-08-21
Kolkata,2026-08-21 07:00:00,28.6,33.2,438.0,9.5,16.3,107.0,79,2026-08-21
Kolkata,2026-08-21 08:00:00,30.0,34.9,459.0,6.8,18.1,130.0,80,2026-08-21
Kolkata,2026-08-21 09:00:00,29.6,34.0,423.0,5.0,18.9,154.0,81,2026-08-21
Kolkata,2026-08-21 10:00:00,29.0,32.8,357.0,3.8,19.1,178.0,82,2026-08-21
Kolkata,2026-08-21 11:00:00,30.2,33.6,315.0,3.2,18.6,190.0,82,2026-08-21
Kolkata,2026-08-21 12:00:00,30.2,33.1,312.0,3.3,17.0,183.0,83,2026-08-21
Kolkata,2026-08-21 13:00:00,30.0,32.8,333.0,4.1,14.6,164.0,99,2026-08-21
Kolkata,2026-08-21 14:00:00,29.1,31.7,378.0,5.2,12.7,145.0,120,2026-08-21
Kolkata,2026-08-21 15:00:00,27.9,30.3,463.0,6.7,11.6,129.0,133,2026-08-21
Kolkata,2026-08-21 16:00:00,26.7,28.7,574.0,8.6,10.9,113.0,137,2026-08-21
Kolkata,2026-08-21 17:00:00,30.6,34.8,668.0,8.8,10.8,93.0,134,2026-08-21
Kolkata,2026-08-21 18:00:00,38.8,42.5,741.0,13.4,13.5,83.0,121,2026-08-21
Kolkata,2026-08-21 19:00:00,46.2,50.5,797.0,19.6,17.2,68.0,101,2026-08-21
Kolkata,2026-08-21 20:00:00,51.1,55.5,809.0,23.4,19.3,59.0,90,2026-08-21
Kolkata,2026-08-21 21:00:00,49.7,54.6,752.0,22.6,18.5,59.0,92,2026-08-21
Kolkata,2026-08-21 22:00:00,47.7,52.9,651.0,19.4,16.3,63.0,93,2026-08-21
Kolkata,2026-08-21 23:00:00,45.4,50.9,557.0,16.6,14.2,67.0,95,2026-08-21
Kolkata,2026-08-22 00:00:00,43.2,49.0,482.0,15.0,12.8,68.0,96,2026-08-22
Kolkata,2026-08-22 01:00:00,40.7,45.8,412.0,13.8,11.6,69.0,97,2026-08-22
Kolkata,2026-08-22 02:00:00,38.4,43.0,361.0,13.1,10.8,69.0,98,2026-08-22
Kolkata,2026-08-22 03:00:00,39.0,44.2,335.0,13.5,10.5,66.0,99,2026-08-22
Kolkata,2026-08-22 04:00:00,39.5,44.5,327.0,14.5,10.5,61.0,100,2026-08-22
Kolkata,2026-08-22 05:00:00,36.8,41.6,324.0,15.5,10.7,59.0,101,2026-08-22
Kolkata,2026-08-22 06:00:00,35.6,40.3,330.0,13.2,12.8,80.0,102,2026-08-22
Kolkata,2026-08-22 07:00:00,32.5,38.1,342.0,10.1,15.7,109.0,102,2026-08-22
Kolkata,2026-08-22 08:00:00,31.7,37.5,340.0,7.3,17.6,131.0,103,2026-08-22
Kolkata,2026-08-22 09:00:00,30.3,35.7,310.0,5.4,17.5,141.0,103,2026-08-22
Kolkata,2026-08-22 10:00:00,27.1,31.4,268.0,3.9,16.4,144.0,103,2026-08-22
Kolkata,2026-08-22 11:00:00,24.2,27.9,236.0,2.9,15.1,143.0,103,2026-08-22
Kolkata,2026-08-22 12:00:00,22.8,26.1,213.0,2.5,13.7,139.0,102,2026-08-22
Kolkata,2026-08-22 13:00:00,23.5,27.1,201.0,2.6,12.2,130.0,101,2026-08-22
Kolkata,2026-08-22 14:00:00,20.3,23.1,233.0,3.3,10.8,119.0,101,2026-08-22
Kolkata,2026-08-22 15:00:00,18.0,20.0,337.0,4.5,9.4,104.0,100,2026-08-22
Kolkata,2026-08-22 16:00:00,15.1,16.5,484.0,6.3,8.2,86.0,99,2026-08-22
Kolkata,2026-08-22 17:00:00,15.1,16.9,621.0,8.8,7.7,70.0,98,2026-08-22
Kolkata,2026-08-22 18:00:00,17.3,18.7,733.0,11.3,8.8,60.0,97,2026-08-22
Kolkata,2026-08-22 19:00:00,20.7,22.1,834.0,14.8,10.2,47.0,95,2026-08-22
Kolkata,2026-08-22 20:00:00,23.3,24.8,914.0,17.4,11.1,36.0,93,2026-08-22
Kolkata,2026-08-22 21:00:00,25.0,26.7,989.0,18.2,11.0,32.0,91,2026-08-22
Kolkata,2026-08-22 22:00:00,24.3,26.0,1044.0,18.1,10.3,30.0,89,2026-08-22
Kolkata,2026-08-22 23:00:00,21.5,23.1,1020.0,18.0,9.9,29.0,87,2026-08-22
Kolkata,2026-08-23 00:00:00,20.0,21.5,856.0,18.3,9.9,27.0,85,2026-08-23
Kolkata,2026-08-23 01:00:00,19.7,21.2,615.0,18.7,10.2,26.0,84,2026-08-23
Kolkata,2026-08-23 02:00:00,19.2,20.7,423.0,18.8,10.6,25.0,82,2026-08-23
Kolkata,2026-08-23 03:00:00,17.8,19.2,334.0,19.0,11.4,24.0,80,2026-08-23
Kolkata,2026-08-23 04:00:00,17.3,18.6,296.0,19.0,12.4,24.0,79,2026-08-23
Kolkata,2026-08-23 05:00:00,10.3,11.1,277.0,10.2,7.8,51.0,77,2026-08-23
Kolkata,2026-08-23 06:00:00,10.3,11.4,281.0,8.7,8.1,63.0,75,2026-08-23
Kolkata,2026-08-23 07:00:00,10.8,12.4,305.0,6.6,8.6,81.0,73,2026-08-23
Kolkata,2026-08-23 08:00:00,10.7,12.8,311.0,4.8,8.9,96.0,71,2026-08-23
Kolkata,2026-08-23 09:00:00,10.2,12.6,274.0,3.7,8.9,106.0,70,2026-08-23
Kolkata,2026-08-23 10:00:00,9.4,11.6,220.0,3.0,8.8,114.0,68,2026-08-23
Kolkata,2026-08-23 11:00:00,8.5,10.5,182.0,2.6,8.5,119.0,67,2026-08-23
Kolkata,2026-08-23 12:00:00,7.7,9.6,173.0,2.3,8.0,120.0,65,2026-08-23
Kolkata,2026-08-23 13:00:00,6.9,8.5,181.0,2.4,7.3,117.0,64,2026-08-23
Kolkata,2026-08-23 14:00:00,6.6,8.2,204.0,2.8,7.0,113.0,63,2026-08-23
Kolkata,2026-08-23 15:00:00,8.6,10.7,253.0,3.9,7.3,108.0,62,2026-08-23
Kolkata,2026-08-23 16:00:00,9.0,10.9,318.0,5.4,7.9,101.0,61,2026-08-23
Kolkata,2026-08-23 17:00:00,11.3,13.8,364.0,6.4,7.4,89.0,61,2026-08-23
Kolkata,2026-08-23 18:00:00,12.1,14.0,373.0,7.6,8.2,81.0,60,2026-08-23
Kolkata,2026-08-23 19:00:00,12.9,14.5,364.0,9.2,9.3,71.0,60,2026-08-23
Kolkata,2026-08-23 20:00:00,12.5,13.7,352.0,10.2,9.8,63.0,59,2026-08-23
Kolkata,2026-08-23 21:00:00,11.9,13.0,345.0,10.1,9.4,60.0,58,2026-08-23
Kolkata,2026-08-23 22:00:00,10.7,11.7,336.0,9.5,8.4,58.0,57,2026-08-23
Kolkata,2026-08-23 23:00:00,9.1,10.1,320.0,8.9,7.6,58.0,56,2026-08-23
Kolkata,2026-08-24 00:00:00,8.3,9.3,289.0,8.5,7.1,58.0,55,2026-08-24
Kolkata,2026-08-24 01:00:00,7.8,8.8,252.0,8.1,6.7,59.0,54,2026-08-24
Kolkata,2026-08-24 02:00:00,8.0,9.1,226.0,7.9,6.5,60.0,53,2026-08-24
Kolkata,2026-08-24 03:00:00,8.6,9.8,217.0,8.0,6.4,61.0,53,2026-08-24
Kolkata,2026-08-24 04:00:00,9.2,10.5,220.0,8.2,6.5,62.0,52,2026-08-24
Kolkata,2026-08-24 05:00:00,8.8,10.1,234.0,7.9,7.5,65.0,51,2026-08-24
Kolkata,2026-08-24 06:00:00,10.5,12.2,270.0,6.8,7.6,74.0,51,2026-08-24
Kolkata,2026-08-24 07:00:00,11.8,13.9,316.0,5.3,7.8,86.0,51,2026-08-24
Kolkata,2026-08-24 08:00:00,11.9,13.8,343.0,4.1,7.8,97.0,51,2026-08-24
Kolkata,2026-08-24 09:00:00,11.8,13.2,329.0,3.4,7.5,106.0,51,2026-08-24
Kolkata,2026-08-24 10:00:00,9.8,10.2,295.0,3.1,7.2,113.0,51,2026-08-24
Kolkata,2026-08-24 11:00:00,9.8,10.2,271.0,2.8,6.8,118.0,51,2026-08-24
Kolkata,2026-08-24 12:00:00,10.6,11.1,266.0,2.6,6.6,119.0,52,2026-08-24
Kolkata,2026-08-24 13:00:00,12.0,13.3,271.0,2.5,6.5,117.0,52,2026-08-24
Kolkata,2026-08-24 14:00:00,13.4,15.3,289.0,2.7,6.2,112.0,52,2026-08-24
Kolkata,2026-08-24 15:00:00,11.3,13.3,333.0,3.4,5.7,103.0,53,2026-08-24
Kolkata,2026-08-24 16:00:00,9.7,11.6,391.0,4.5,5.0,92.0,55,2026-08-24
Kolkata,2026-08-24 17:00:00,12.7,14.4,425.0,6.0,5.5,88.0,54,2026-08-24
Kolkata,2026-08-24 18:00:00,11.5,12.8,416.0,6.3,5.6,83.0,53,2026-08-24
Kolkata,2026-08-24 19:00:00,10.7,12.1,384.0,6.6,5.8,77.0,53,2026-08-24
Kolkata,2026-08-24 20:00:00,9.7,11.1,348.0,6.8,5.8,71.0,53,2026-08-24
Kolkata,2026-08-24 21:00:00,9.3,10.6,311.0,6.8,5.5,68.0,53,2026-08-24
Kolkata,2026-08-24 22:00:00,9.0,10.3,271.0,6.6,4.9,66.0,52,2026-08-24
Kolkata,2026-08-24 23:00:00,7.6,8.9,236.0,6.4,4.5,64.0,52,2026-08-24
Kolkata,2026-08-25 00:00:00,6.8,8.0,210.0,6.0,4.2,62.0,52,2026-08-25
Kolkata,2026-08-25 01:00:00,6.4,7.7,189.0,5.5,3.9,61.0,52,2026-08-25
Kolkata,2026-08-25 02:00:00,6.2,7.6,178.0,5.3,3.9,60.0,52,2026-08-25
Kolkata,2026-08-25 03:00:00,6.1,7.4,178.0,5.6,4.2,58.0,52,2026-08-25
Kolkata,2026-08-25 04:00:00,6.2,7.5,187.0,6.2,4.6,56.0,52,2026-08-25
Kolkata,2026-08-25 05:00:00,6.5,8.0,199.0,5.6,4.3,61.0,51,2026-08-25
Kolkata,2026-08-25 06:00:00,8.0,9.8,217.0,5.0,4.6,67.0,51,2026-08-25
Kolkata,2026-08-25 07:00:00,8.4,10.4,237.0,4.0,5.1,76.0,51,2026-08-25
Kolkata,2026-08-25 08:00:00,8.5,10.9,246.0,3.3,5.3,84.0,51,2026-08-25
Kolkata,2026-08-25 09:00:00,8.1,10.8,229.0,2.8,5.2,89.0,50,2026-08-25
Kolkata,2026-08-25 10:00:00,8.4,10.8,200.0,2.6,4.8,92.0,50,2026-08-25
Kolkata,2026-08-25 11:00:00,7.3,9.2,184.0,2.4,4.6,94.0,50,2026-08-25
Kolkata,2026-08-25 12:00:00,7.1,8.9,192.0,2.3,4.5,96.0,50,2026-08-25
Kolkata,2026-08-25 13:00:00,7.6,9.7,214.0,2.3,4.4,98.0,49,2026-08-25
Kolkata,2026-08-25 14:00:00,8.1,10.2,244.0,2.8,4.6,98.0,48,2026-08-25
Kolkata,2026-08-25 15:00:00,8.6,10.2,287.0,4.1,5.0,95.0,47,2026-08-25
Kolkata,2026-08-25 16:00:00,9.1,10.5,339.0,5.9,5.6,91.0,46,2026-08-25
Kolkata,2026-08-25 17:00:00,13.6,15.5,379.0,8.7,6.5,78.0,46,2026-08-25
Kolkata,2026-08-25 18:00:00,15.9,17.9,400.0,9.8,7.7,76.0,46,2026-08-25
Kolkata,2026-08-25 19:00:00,18.2,20.2,411.0,11.2,9.2,72.0,47,2026-08-25
Kolkata,2026-08-25 20:00:00,20.0,22.0,415.0,12.1,10.2,70.0,49,2026-08-25
Kolkata,2026-08-25 21:00:00,21.1,23.2,417.0,12.0,10.0,70.0,50,2026-08-25
Kolkata,2026-08-25 22:00:00,21.1,23.3,414.0,11.3,9.3,70.0,51,2026-08-25
Kolkata,2026-08-25 23:00:00,19.4,21.7,398.0,10.6,8.5,71.0,52,2026-08-25
Kolkata,2026-08-26 00:00:00,18.5,20.8,358.0,9.9,7.8,72.0,53,2026-08-26
Kolkata,2026-08-26 01:00:00,18.3,20.7,305.0,9.1,7.1,73.0,54,2026-08-26
Kolkata,2026-08-26 02:00:00,18.5,21.0,272.0,8.6,6.6,74.0,55,2026-08-26
Kolkata,2026-08-26 03:00:00,17.8,20.3,269.0,8.5,6.1,74.0,56,2026-08-26
Kolkata,2026-08-26 04:00:00,17.5,19.9,285.0,8.6,5.8,73.0,57,2026-08-26
Kolkata,2026-08-26 05:00:00,20.6,24.2,316.0,9.1,7.1,77.0,58,2026-08-26
Kolkata,2026-08-26 06:00:00,18.7,21.1,380.0,8.3,7.7,85.0,59,2026-08-26
Kolkata,2026-08-26 07:00:00,19.8,22.6,460.0,7.2,8.5,96.0,60,2026-08-26
Kolkata,2026-08-26 08:00:00,20.3,23.2,498.0,6.0,9.2,107.0,61,2026-08-26
Kolkata,2026-08-26 09:00:00,19.8,22.1,452.0,4.7,9.7,119.0,62,2026-08-26
Kolkata,2026-08-26 10:00:00,18.8,20.4,366.0,3.3,10.2,132.0,63,2026-08-26
Kolkata,2026-08-26 11:00:00,17.8,19.0,308.0,2.4,10.4,141.0,63,2026-08-26
Kolkata,2026-08-26 12:00:00,17.1,18.3,308.0,1.9,10.3,145.0,64,2026-08-26
Kolkata,2026-08-26 13:00:00,17.0,18.2,337.0,1.9,10.0,146.0,65,2026-08-26
Kolkata,2026-08-26 14:00:00,16.7,17.9,381.0,2.7,9.6,140.0,73,2026-08-26
Kolkata,2026-08-26 15:00:00,15.9,17.0,439.0,4.6,8.9,125.0,85,2026-08-26
Kolkata,2026-08-26 16:00:00,14.3,15.1,512.0,7.4,8.0,103.0,91,2026-08-26
Kolkata,2026-08-26 17:00:00,21.9,22.9,582.0,8.7,7.4,87.0,90,2026-08-26
Kolkata,2026-08-26 18:00:00,26.8,27.6,656.0,11.6,9.0,78.0,83,2026-08-26
Kolkata,2026-08-26 19:00:00,29.7,30.4,727.0,15.5,11.2,64.0,72,2026-08-26
Kolkata,2026-08-26 20:00:00,34.5,35.4,757.0,18.5,12.7,54.0,70,2026-08-26
Kolkata,2026-08-26 21:00:00,38.6,39.8,715.0,19.5,12.8,49.0,71,2026-08-26
Kolkata,2026-08-26 22:00:00,39.0,40.5,631.0,19.6,12.1,47.0,72,2026-08-26
Kolkata,2026-08-26 23:00:00,36.6,38.2,557.0,19.4,11.5,46.0,74,2026-08-26
Kolkata,2026-08-27 00:00:00,34.8,36.6,509.0,19.2,11.1,44.0,75,2026-08-27
Kolkata,2026-08-27 01:00:00,35.9,37.7,470.0,18.7,10.6,42.0,76,2026-08-27
Kolkata,2026-08-27 02:00:00,35.3,37.3,439.0,18.2,10.4,42.0,78,2026-08-27
Kolkata,2026-08-27 03:00:00,33.5,35.6,410.0,18.0,10.3,40.0,79,2026-08-27
Kolkata,2026-08-27 04:00:00,31.9,33.4,389.0,17.7,10.4,40.0,80,2026-08-27
Kolkata,2026-08-27 05:00:00,30.5,31.0,390.0,17.4,9.6,47.0,81,2026-08-27
Kolkata,2026-08-27 06:00:00,32.7,33.2,440.0,15.0,11.5,70.0,82,2026-08-27
Kolkata,2026-08-27 07:00:00,31.4,32.0,512.0,11.5,14.1,101.0,83,2026-08-27
Kolkata,2026-08-27 08:00:00,32.4,33.1,546.0,8.5,15.8,129.0,84,2026-08-27
Kolkata,2026-08-27 09:00:00,33.4,34.3,497.0,6.2,15.8,148.0,85,2026-08-27
Kolkata,2026-08-27 10:00:00,34.2,35.2,408.0,4.4,14.9,163.0,86,2026-08-27
Kolkata,2026-08-27 11:00:00,32.7,33.8,352.0,3.1,14.0,173.0,87,2026-08-27
Kolkata,2026-08-27 12:00:00,31.7,32.7,360.0,2.4,13.4,177.0,89,2026-08-27
Kolkata,2026-08-27 13:00:00,29.5,30.5,400.0,2.4,12.7,176.0,90,2026-08-27
Kolkata,2026-08-27 14:00:00,28.4,29.5,445.0,3.1,12.1,168.0,108,2026-08-27
Kolkata,2026-08-27 15:00:00,27.5,28.8,488.0,5.2,11.3,148.0,129,2026-08-27
Kolkata,2026-08-27 16:00:00,26.3,27.5,535.0,8.0,10.5,121.0,139,2026-08-27
Kolkata,2026-08-27 17:00:00,29.1,30.5,577.0,10.2,10.1,100.0,138,2026-08-27
Kolkata,2026-08-27 18:00:00,33.4,35.3,620.0,11.0,10.6,91.0,127,2026-08-27
Kolkata,2026-08-27 19:00:00,34.2,36.7,658.0,11.1,11.5,88.0,112,2026-08-27
Kolkata,2026-08-27 20:00:00,35.5,38.2,669.0,11.2,12.1,86.0,95,2026-08-27
Kolkata,2026-08-27 21:00:00,36.1,38.8,635.0,11.6,11.9,83.0,95,2026-08-27
Kolkata,2026-08-27 22:00:00,36.3,38.6,574.0,12.0,11.3,81.0,95,2026-08-27
Kolkata,2026-08-27 23:00:00,36.8,38.9,516.0,12.6,11.1,79.0,95,2026-08-27
Kolkata,2026-08-28 00:00:00,37.1,39.2,467.0,13.6,11.6,78.0,95,2026-08-28
Kolkata,2026-08-28 01:00:00,38.8,41.0,422.0,14.9,12.5,76.0,95,2026-08-28
Kolkata,2026-08-28 02:00:00,41.2,43.7,393.0,15.9,13.3,74.0,95,2026-08-28
Kolkata,2026-08-28 03:00:00,45.8,48.1,386.0,17.0,13.8,67.0,95,2026-08-28
Kolkata,2026-08-28 04:00:00,45.9,48.0,396.0,17.9,14.3,59.0,96,2026-08-28
Kolkata,2026-08-28 05:00:00,72.4,74.3,421.0,19.5,14.8,43.0,98,2026-08-28
Kolkata,2026-08-28 06:00:00,74.3,76.1,481.0,17.7,18.0,64.0,101,2026-08-28
Kolkata,2026-08-28 07:00:00,71.5,73.1,556.0,15.0,22.5,94.0,105,2026-08-28
Kolkata,2026-08-28 08:00:00,71.9,73.6,586.0,12.3,25.8,126.0,110,2026-08-28
Kolkata,2026-08-28 09:00:00,65.9,67.5,524.0,9.4,27.2,163.0,114,2026-08-28
Kolkata,2026-08-28 10:00:00,64.3,65.7,417.0,6.4,27.5,203.0,117,2026-08-28
Kolkata,2026-08-28 11:00:00,66.6,68.0,350.0,4.4,26.4,224.0,120,2026-08-28
Kolkata,2026-08-28 12:00:00,65.4,66.8,360.0,3.9,23.3,215.0,124,2026-08-28
Kolkata,2026-08-28 13:00:00,62.9,64.0,410.0,4.4,18.8,189.0,127,2026-08-28
Kolkata,2026-08-28 14:00:00,53.6,54.7,473.0,5.5,15.2,162.0,138,2026-08-28
Kolkata,2026-08-28 15:00:00,47.4,48.2,541.0,7.1,13.2,140.0,157,2026-08-28
Kolkata,2026-08-28 16:00:00,41.7,42.4,623.0,9.2,12.1,119.0,164,2026-08-28
Kolkata,2026-08-28 17:00:00,49.5,50.4,717.0,12.0,18.2,139.0,163,2026-08-28
Kolkata,2026-08-28 18:00:00,42.3,43.0,847.0,11.5,16.4,124.0,159,2026-08-28
Kolkata,2026-08-28 19:00:00,39.7,40.3,988.0,10.8,14.0,104.0,146,2026-08-28
Kolkata,2026-08-28 20:00:00,35.9,36.6,1068.0,10.4,11.9,88.0,141,2026-08-28
Kolkata,2026-08-28 21:00:00,35.5,36.4,1049.0,10.6,10.5,81.0,141,2026-08-28
Kolkata,2026-08-28 22:00:00,37.0,37.7,967.0,11.1,9.5,78.0,141,2026-08-28
Kolkata,2026-08-28 23:00:00,33.2,33.8,863.0,11.6,9.0,75.0,141,2026-08-28
Kolkata,2026-08-29 00:00:00,26.9,27.4,722.0,12.0,9.3,72.0,140,2026-08-29
Kolkata,2026-08-29 01:00:00,26.7,27.1,558.0,12.5,10.1,70.0,139,2026-08-29
Kolkata,2026-08-29 02:00:00,29.0,29.3,449.0,13.3,11.3,67.0,138,2026-08-29
Kolkata,2026-08-29 03:00:00,27.2,27.5,446.0,15.1,13.1,60.0,137,2026-08-29
Kolkata,2026-08-29 04:00:00,29.2,29.4,498.0,17.2,15.2,53.0,135,2026-08-29
Kolkata,2026-08-29 05:00:00,39.8,40.0,525.0,19.1,17.8,55.0,133,2026-08-29
Kolkata,2026-08-29 06:00:00,41.8,42.0,494.0,16.2,18.1,72.0,130,2026-08-29
Kolkata,2026-08-29 07:00:00,33.5,33.9,439.0,12.2,18.3,95.0,126,2026-08-29
Kolkata,2026-08-29 08:00:00,28.2,28.8,385.0,8.7,18.0,115.0,122,2026-08-29
Kolkata,2026-08-29 09:00:00,24.0,24.9,334.0,6.2,16.5,129.0,118,2026-08-29
Kolkata,2026-08-29 10:00:00,21.2,22.3,284.0,4.2,14.4,140.0,113,2026-08-29
Kolkata,2026-08-29 11:00:00,19.0,20.3,258.0,3.1,12.7,144.0,109,2026-08-29
Kolkata,2026-08-29 12:00:00,16.7,18.0,266.0,3.1,11.8,139.0,104,2026-08-29
Kolkata,2026-08-29 13:00:00,15.7,16.8,297.0,3.9,11.3,127.0,99,2026-08-29
Kolkata,2026-08-29 14:00:00,14.8,15.8,341.0,5.3,10.6,112.0,95,2026-08-29
Kolkata,2026-08-29 15:00:00,12.6,13.2,401.0,7.2,9.2,94.0,92,2026-08-29
Kolkata,2026-08-29 16:00:00,11.8,12.3,475.0,9.5,7.6,73.0,90,2026-08-29
Kolkata,2026-08-29 17:00:00,13.6,14.4,546.0,12.3,8.9,69.0,87,2026-08-29
Kolkata,2026-08-29 18:00:00,20.9,21.9,624.0,18.5,12.2,57.0,85,2026-08-29
Kolkata,2026-08-29 19:00:00,29.5,30.4,699.0,27.2,16.7,40.0,83,2026-08-29
Kolkata,2026-08-29 20:00:00,38.9,40.2,730.0,35.1,20.5,26.0,82,2026-08-29
Kolkata,2026-08-29 21:00:00,50.4,52.0,685.0,42.4,23.1,16.0,82,2026-08-29
Kolkata,2026-08-29 22:00:00,58.4,60.1,597.0,48.9,24.9,9.0,83,2026-08-29
Kolkata,2026-08-29 23:00:00,55.9,57.5,517.0,51.0,25.0,7.0,85,2026-08-29
Kolkata,2026-08-30 00:00:00,43.7,45.1,463.0,45.5,22.5,11.0,87,2026-08-30
Kolkata,2026-08-30 01:00:00,31.9,33.2,419.0,35.5,18.4,20.0,88,2026-08-30
Kolkata,2026-08-30 02:00:00,24.0,25.1,383.0,26.6,14.7,30.0,89,2026-08-30
Kolkata,2026-08-30 03:00:00,17.7,18.6,358.0,20.8,11.8,38.0,88,2026-08-30
Kolkata,2026-08-30 04:00:00,13.0,13.7,342.0,16.2,9.3,47.0,88,2026-08-30
Kolkata,2026-08-30 05:00:00,10.1,10.6,331.0,11.3,7.2,62.0,86,2026-08-30
Kolkata,2026-08-30 06:00:00,8.5,9.1,328.0,9.4,7.4,72.0,84,2026-08-30
Kolkata,2026-08-30 07:00:00,8.1,8.9,330.0,6.8,7.6,87.0,81,2026-08-30
Kolkata,2026-08-30 08:00:00,7.9,8.6,326.0,4.7,7.9,101.0,79,2026-08-30
Kolkata,2026-08-30 09:00:00,7.7,8.3,310.0,3.5,8.2,115.0,78,2026-08-30
Kolkata,2026-08-30 10:00:00,8.1,8.7,289.0,2.7,8.4,129.0,76,2026-08-30
Kolkata,2026-08-30 11:00:00,7.9,8.4,270.0,2.5,8.5,135.0,75,2026-08-30
Kolkata,2026-08-30 12:00:00,7.5,8.0,245.0,2.9,8.1,127.0,75,2026-08-30
Kolkata,2026-08-30 13:00:00,7.6,7.9,223.0,3.8,7.4,111.0,74,2026-08-30
Kolkata,2026-08-30 14:00:00,7.7,8.0,233.0,4.9,7.2,97.0,73,2026-08-30
Kolkata,2026-08-30 15:00:00,8.2,8.6,302.0,6.1,7.9,90.0,73,2026-08-30
Kolkata,2026-08-30 16:00:00,8.6,9.3,404.0,7.4,9.1,86.0,72,2026-08-30
Kolkata,2026-08-30 17:00:00,12.0,12.7,488.0,9.4,7.9,72.0,72,2026-08-30
Kolkata,2026-08-30 18:00:00,14.8,15.3,545.0,10.6,8.9,67.0,72,2026-08-30
Kolkata,2026-08-30 19:00:00,17.2,17.9,585.0,12.2,10.3,59.0,71,2026-08-30
Kolkata,2026-08-30 20:00:00,16.3,16.9,588.0,13.0,11.0,55.0,70,2026-08-30
Kolkata,2026-08-30 21:00:00,15.5,16.1,533.0,12.4,10.5,56.0,69,2026-08-30
Kolkata,2026-08-30 22:00:00,14.3,15.0,441.0,11.0,9.5,60.0,66,2026-08-30
Kolkata,2026-08-30 23:00:00,11.9,12.6,360.0,9.7,8.5,64.0,62,2026-08-30
Kolkata,2026-08-31 00:00:00,9.9,10.6,302.0,8.5,7.8,69.0,59,2026-08-31
Kolkata,2026-08-31 01:00:00,8.9,9.6,254.0,7.3,7.3,75.0,56,2026-08-31
Kolkata,2026-08-31 02:00:00,8.2,8.9,227.0,6.5,6.9,79.0,55,2026-08-31
Kolkata,2026-08-31 03:00:00,7.7,8.5,231.0,6.4,6.8,79.0,53,2026-08-31
Kolkata,2026-08-31 04:00:00,7.4,8.2,256.0,6.7,6.8,78.0,52,2026-08-31
Kolkata,2026-08-31 05:00:00,6.4,6.6,284.0,5.4,4.6,88.0,52,2026-08-31
Kolkata,2026-08-31 06:00:00,8.6,9.1,313.0,5.3,5.9,92.0,52,2026-08-31
Kolkata,2026-08-31 07:00:00,10.0,10.7,345.0,5.1,7.7,98.0,52,2026-08-31
Kolkata,2026-08-31 08:00:00,10.7,11.8,361.0,4.8,8.9,103.0,52,2026-08-31
Kolkata,2026-08-31 09:00:00,10.8,12.1,348.0,4.1,8.9,108.0,52,2026-08-31
Kolkata,2026-08-31 10:00:00,9.7,11.0,319.0,3.3,8.4,112.0,52,2026-08-31
Kolkata,2026-08-31 11:00:00,9.3,10.4,297.0,2.8,7.9,115.0,52,2026-08-31
Kolkata,2026-08-31 12:00:00,9.7,10.4,284.0,2.7,7.7,116.0,53,2026-08-31
Kolkata,2026-08-31 13:00:00,9.6,10.4,277.0,2.9,7.6,116.0,53,2026-08-31
Kolkata,2026-08-31 14:00:00,9.3,10.3,288.0,3.8,7.7,113.0,53,2026-08-31
Kolkata,2026-08-31 15:00:00,8.7,9.5,335.0,5.9,8.0,105.0,54,2026-08-31
Kolkata,2026-08-31 16:00:00,9.7,10.2,399.0,8.6,8.3,93.0,55,2026-08-31
Kolkata,2026-08-31 17:00:00,12.8,13.7,435.0,8.7,7.6,88.0,53,2026-08-31
Kolkata,2026-08-31 18:00:00,14.3,15.2,416.0,9.0,8.3,87.0,53,2026-08-31
Kolkata,2026-08-31 19:00:00,15.0,15.9,369.0,9.3,9.4,85.0,53,2026-08-31
Kolkata,2026-08-31 20:00:00,15.3,16.2,326.0,9.4,9.9,84.0,53,2026-08-31
Kolkata,2026-08-31 21:00:00,16.0,17.1,297.0,9.1,9.6,84.0,53,2026-08-31
Kolkata,2026-08-31 22:00:00,14.3,15.3,271.0,8.5,8.8,84.0,53,2026-08-31
Kolkata,2026-08-31 23:00:00,11.6,12.6,249.0,7.9,8.1,84.0,53,2026-08-31
Kolkata,2026-09-01 00:00:00,10.8,11.8,230.0,7.2,7.6,85.0,53,2026-09-01
Kolkata,2026-09-01 01:00:00,10.2,11.1,216.0,6.5,7.2,86.0,53,2026-09-01
Kolkata,2026-09-01 02:00:00,9.8,10.6,208.0,6.1,6.9,86.0,53,2026-09-01
Kolkata,2026-09-01 03:00:00,9.3,10.2,205.0,6.2,6.9,85.0,53,2026-09-01
Kolkata,2026-09-01 04:00:00,9.1,9.8,208.0,6.6,7.0,83.0,53,2026-09-01
Kolkata,2026-09-01 05:00:00,11.3,11.5,228.0,6.3,5.1,85.0,54,2026-09-01
Kolkata,2026-09-01 06:00:00,13.5,13.8,283.0,6.5,5.9,82.0,54,2026-09-01
Kolkata,2026-09-01 07:00:00,13.4,14.3,355.0,6.8,7.1,79.0,54,2026-09-01
Kolkata,2026-09-01 08:00:00,13.1,14.0,397.0,6.7,7.9,79.0,55,2026-09-01
Kolkata,2026-09-01 09:00:00,12.2,13.3,378.0,5.7,8.1,87.0,55,2026-09-01
Kolkata,2026-09-01 10:00:00,10.6,11.8,330.0,4.2,8.0,99.0,55,2026-09-01
Kolkata,2026-09-01 11:00:00,9.5,10.6,300.0,3.4,7.9,107.0,55,2026-09-01
Kolkata,2026-09-01 12:00:00,9.3,10.0,307.0,3.6,8.0,108.0,55,2026-09-01
Kolkata,2026-09-01 13:00:00,9.4,10.3,332.0,4.5,8.0,105.0,55,2026-09-01
Kolkata,2026-09-01 14:00:00,9.7,10.8,368.0,5.5,8.2,102.0,55,2026-09-01
Kolkata,2026-09-01 15:00:00,10.0,10.4,426.0,6.8,8.4,98.0,55,2026-09-01
Kolkata,2026-09-01 16:00:00,11.0,11.3,495.0,8.3,8.7,94.0,55,2026-09-01
Kolkata,2026-09-01 17:00:00,12.7,12.8,529.0,9.9,7.8,80.0,55,2026-09-01
Kolkata,2026-09-01 18:00:00,15.5,15.8,501.0,10.1,8.5,77.0,55,2026-09-01
Kolkata,2026-09-01 19:00:00,16.5,16.9,439.0,10.3,9.4,73.0,55,2026-09-01
Kolkata,2026-09-01 20:00:00,16.5,17.2,382.0,10.4,9.9,70.0,55,2026-09-01
Kolkata,2026-09-01 21:00:00,17.5,18.2,344.0,10.2,9.5,70.0,55,2026-09-01
Kolkata,2026-09-01 22:00:00,16.7,17.3,311.0,9.8,8.6,71.0,56,2026-09-01
Kolkata,2026-09-01 23:00:00,15.0,15.7,283.0,9.4,7.9,73.0,56,2026-09-01
Kolkata,2026-09-02 00:00:00,13.7,14.4,259.0,8.7,7.7,76.0,56,2026-09-02
Kolkata,2026-09-02 01:00:00,14.2,15.0,241.0,7.9,7.8,79.0,56,2026-09-02
Kolkata,2026-09-02 02:00:00,14.6,15.4,232.0,7.6,8.1,81.0,57,2026-09-02
Kolkata,2026-09-02 03:00:00,15.5,16.5,231.0,8.2,8.6,79.0,57,2026-09-02
Kolkata,2026-09-02 04:00:00,16.8,17.9,240.0,9.2,9.4,76.0,57,2026-09-02
Kolkata,2026-09-02 05:00:00,19.4,19.7,262.0,10.8,12.7,67.0,58,2026-09-02
Kolkata,2026-09-02 06:00:00,22.0,23.2,316.0,10.7,13.7,67.0,59,2026-09-02
Kolkata,2026-09-02 07:00:00,22.2,24.3,383.0,10.5,15.1,68.0,59,2026-09-02
Kolkata,2026-09-02 08:00:00,22.8,25.4,418.0,9.7,16.1,75.0,60,2026-09-02
Kolkata,2026-09-02 09:00:00,23.9,27.4,387.0,7.8,16.4,95.0,61,2026-09-02
Kolkata,2026-09-02 10:00:00,27.1,31.3,323.0,5.4,16.2,121.0,62,2026-09-02
Kolkata,2026-09-02 11:00:00,29.6,34.6,280.0,3.8,15.8,137.0,63,2026-09-02
Kolkata,2026-09-02 12:00:00,30.7,36.1,270.0,3.6,14.9,135.0,65,2026-09-02
Kolkata,2026-09-02 13:00:00,30.5,36.0,280.0,4.3,13.6,123.0,66,2026-09-02
Kolkata,2026-09-02 14:00:00,28.5,32.8,331.0,5.8,12.7,111.0,68,2026-09-02
Kolkata,2026-09-02 15:00:00,28.7,32.8,458.0,8.6,12.2,100.0,69,2026-09-02
Kolkata,2026-09-02 16:00:00,31.9,36.7,625.0,12.1,12.1,89.0,71,2026-09-02
Kolkata,2026-09-02 17:00:00,34.8,40.0,743.0,14.8,12.6,71.0,73,2026-09-02
Kolkata,2026-09-02 18:00:00,42.1,47.3,775.0,17.3,14.1,64.0,74,2026-09-02
Kolkata,2026-09-02 19:00:00,46.4,51.8,758.0,20.6,16.1,54.0,76,2026-09-02
Kolkata,2026-09-02 20:00:00,49.7,55.8,714.0,22.8,17.2,47.0,79,2026-09-02
Kolkata,2026-09-02 21:00:00,54.4,61.2,638.0,22.9,16.8,45.0,81,2026-09-02
Kolkata,2026-09-02 22:00:00,54.8,62.2,535.0,21.8,15.5,46.0,84,2026-09-02
Kolkata,2026-09-02 23:00:00,50.8,58.1,440.0,20.3,14.3,48.0,87,2026-09-02
Kolkata,2026-09-03 00:00:00,48.1,55.3,355.0,18.6,13.4,51.0,90,2026-09-03
Kolkata,2026-09-03 01:00:00,45.4,52.6,278.0,16.6,12.6,55.0,93,2026-09-03
Kolkata,2026-09-03 02:00:00,42.8,49.8,233.0,14.7,11.8,59.0,95,2026-09-03
Kolkata,2026-09-03 03:00:00,36.3,42.1,224.0,13.1,10.6,63.0,97,2026-09-03
Kolkata,2026-09-03 04:00:00,30.4,35.3,248.0,11.7,9.4,66.0,99,2026-09-03
Kolkata,2026-09-03 05:00:00,29.0,31.9,316.0,10.4,8.8,73.0,100,2026-09-03
Kolkata,2026-09-03 06:00:00,33.5,36.8,480.0,10.7,11.0,76.0,101,2026-09-03
Kolkata,2026-09-03 07:00:00,32.0,36.0,688.0,11.0,14.0,82.0,102,2026-09-03
Kolkata,2026-09-03 08:00:00,29.5,34.2,797.0,10.6,16.7,93.0,103,2026-09-03
Kolkata,2026-09-03 09:00:00,29.0,33.8,713.0,8.6,18.7,117.0,104,2026-09-03
Kolkata,2026-09-03 10:00:00,29.6,34.3,531.0,5.8,20.3,147.0,105,2026-09-03
Kolkata,2026-09-03 11:00:00,30.9,35.5,387.0,3.9,21.0,166.0,105,2026-09-03
Kolkata,2026-09-03 12:00:00,32.0,37.4,332.0,3.3,20.5,167.0,105,2026-09-03
Kolkata,2026-09-03 13:00:00,31.9,38.8,316.0,3.6,19.0,158.0,105,2026-09-03
Kolkata,2026-09-03 14:00:00,32.1,40.9,329.0,4.7,17.5,145.0,105,2026-09-03
Kolkata,2026-09-03 15:00:00,33.9,43.5,386.0,7.4,15.9,127.0,106,2026-09-03
Kolkata,2026-09-03 16:00:00,36.0,46.2,471.0,10.9,14.2,106.0,106,2026-09-03
Kolkata,2026-09-03 17:00:00,32.4,44.9,530.0,9.1,9.1,92.0,108,2026-09-03
Kolkata,2026-09-03 18:00:00,32.9,43.7,539.0,9.8,9.7,87.0,106,2026-09-03
Kolkata,2026-09-03 19:00:00,33.6,43.2,522.0,10.8,10.4,79.0,105,2026-09-03
Kolkata,2026-09-03 20:00:00,32.7,41.4,496.0,11.5,10.7,73.0,104,2026-09-03
Kolkata,2026-09-03 21:00:00,31.2,38.8,465.0,11.5,10.2,70.0,102,2026-09-03
Kolkata,2026-09-03 22:00:00,29.6,36.2,425.0,11.1,9.4,68.0,100,2026-09-03
Kolkata,2026-09-03 23:00:00,26.4,32.1,386.0,10.7,8.6,67.0,98,2026-09-03
Kolkata,2026-09-04 00:00:00,24.5,29.6,344.0,10.1,8.0,67.0,96,2026-09-04
Kolkata,2026-09-04 01:00:00,23.2,27.9,302.0,9.5,7.5,67.0,94,2026-09-04
Kolkata,2026-09-04 02:00:00,20.7,24.5,280.0,9.5,7.4,66.0,92,2026-09-04
Kolkata,2026-09-04 03:00:00,20.4,23.8,289.0,11.0,7.7,59.0,91,2026-09-04
Kolkata,2026-09-04 04:00:00,21.5,25.1,318.0,13.2,8.3,51.0,89,2026-09-04
Kolkata,2026-09-04 05:00:00,21.1,24.2,347.0,13.1,9.6,57.0,89,2026-09-04
Kolkata,2026-09-04 06:00:00,26.6,29.3,379.0,11.0,11.6,73.0,88,2026-09-04
Kolkata,2026-09-04 07:00:00,26.2,31.0,413.0,8.2,14.4,96.0,88,2026-09-04
Kolkata,2026-09-04 08:00:00,26.5,32.0,422.0,5.8,16.3,116.0,87,2026-09-04
Kolkata,2026-09-04 09:00:00,26.5,32.0,383.0,4.3,16.5,131.0,87,2026-09-04
Kolkata,2026-09-04 10:00:00,27.4,32.5,319.0,3.4,15.9,142.0,87,2026-09-04
Kolkata,2026-09-04 11:00:00,27.3,32.0,281.0,2.8,15.2,149.0,86,2026-09-04
Kolkata,2026-09-04 12:00:00,26.8,31.3,285.0,2.5,14.6,150.0,86,2026-09-04
Kolkata,2026-09-04 13:00:00,27.6,31.9,314.0,2.5,13.9,146.0,86,2026-09-04
Kolkata,2026-09-04 14:00:00,26.3,30.4,368.0,3.5,13.2,137.0,85,2026-09-04
Kolkata,2026-09-04 15:00:00,25.5,29.0,468.0,6.0,12.4,121.0,93,2026-09-04
Kolkata,2026-09-04 16:00:00,25.7,28.4,593.0,9.4,11.6,102.0,99,2026-09-04
Kolkata,2026-09-04 17:00:00,29.2,34.5,675.0,8.1,11.7,102.0,96,2026-09-04
Kolkata,2026-09-04 18:00:00,32.5,37.8,681.0,9.8,12.5,95.0,90,2026-09-04
Kolkata,2026-09-04 19:00:00,34.8,40.0,643.0,12.1,13.4,85.0,83,2026-09-04
Kolkata,2026-09-04 20:00:00,35.7,40.4,596.0,13.7,13.8,76.0,83,2026-09-04
Kolkata,2026-09-04 21:00:00,36.0,40.4,548.0,14.2,13.1,69.0,84,2026-09-04
Kolkata,2026-09-04 22:00:00,33.9,38.1,490.0,14.1,11.7,64.0,84,2026-09-04
Kolkata,2026-09-04 23:00:00,30.5,34.5,429.0,13.4,10.3,62.0,84,2026-09-04
Kolkata,2026-09-05 00:00:00,26.5,30.0,356.0,11.5,8.7,65.0,85,2026-09-05
Kolkata,2026-09-05 01:00:00,21.7,24.7,280.0,9.0,7.1,71.0,85,2026-09-05
Kolkata,2026-09-05 02:00:00,18.5,21.1,234.0,7.4,6.1,75.0,85,2026-09-05
Kolkata,2026-09-05 03:00:00,18.3,20.8,233.0,7.8,6.1,72.0,84,2026-09-05
Kolkata,2026-09-05 04:00:00,19.2,21.9,264.0,9.2,6.7,67.0,84,2026-09-05
Kolkata,2026-09-05 05:00:00,22.1,25.4,316.0,11.0,9.5,65.0,84,2026-09-05
Kolkata,2026-09-05 06:00:00,26.3,29.3,416.0,9.5,11.0,79.0,84,2026-09-05
Kolkata,2026-09-05 07:00:00,27.2,32.9,538.0,7.3,13.1,98.0,84,2026-09-05
Kolkata,2026-09-05 08:00:00,28.7,36.2,598.0,5.5,14.5,114.0,84,2026-09-05
Kolkata,2026-09-05 09:00:00,30.3,38.6,535.0,4.2,14.7,125.0,84,2026-09-05
Kolkata,2026-09-05 10:00:00,30.4,38.6,409.0,3.2,14.4,134.0,85,2026-09-05
Kolkata,2026-09-05 11:00:00,30.2,38.3,322.0,2.6,13.8,139.0,85,2026-09-05
Kolkata,2026-09-05 12:00:00,29.9,38.0,314.0,2.2,13.1,140.0,85,2026-09-05
Kolkata,2026-09-05 13:00:00,29.5,37.5,343.0,2.1,12.3,137.0,85,2026-09-05
Kolkata,2026-09-05 14:00:00,29.8,38.3,390.0,3.1,11.6,130.0,86,2026-09-05
Kolkata,2026-09-05 15:00:00,28.2,35.0,457.0,6.1,11.0,115.0,86,2026-09-05
Kolkata,2026-09-05 16:00:00,27.1,32.7,540.0,10.2,10.4,94.0,86,2026-09-05
Kolkata,2026-09-05 17:00:00,31.4,36.1,608.0,11.2,10.2,82.0,86,2026-09-05
Kolkata,2026-09-05 18:00:00,35.4,40.2,660.0,12.6,11.2,77.0,86,2026-09-05
Kolkata,2026-09-05 19:00:00,37.3,42.1,696.0,14.5,12.5,69.0,87,2026-09-05
Kolkata,2026-09-05 20:00:00,37.7,42.8,689.0,15.4,13.0,64.0,87,2026-09-05
Kolkata,2026-09-05 21:00:00,37.4,42.5,609.0,14.4,11.9,63.0,87,2026-09-05
Kolkata,2026-09-05 22:00:00,34.3,39.6,485.0,12.4,10.0,65.0,87,2026-09-05
Kolkata,2026-09-05 23:00:00,29.9,35.2,379.0,10.6,8.4,67.0,87,2026-09-05
Kolkata,2026-09-06 00:00:00,27.0,32.1,308.0,9.3,7.5,68.0,87,2026-09-06
Kolkata,2026-09-06 01:00:00,25.3,30.6,254.0,8.3,7.0,69.0,87,2026-09-06
Kolkata,2026-09-06 02:00:00,24.2,29.5,226.0,7.8,6.8,69.0,87,2026-09-06
Kolkata,2026-09-06 03:00:00,23.4,28.2,231.0,8.6,7.1,66.0,88,2026-09-06
Kolkata,2026-09-06 04:00:00,23.2,27.7,262.0,10.0,7.7,63.0,88,2026-09-06
Kolkata,2026-09-06 05:00:00,31.2,35.9,306.0,10.7,9.9,66.0,89,2026-09-06
Kolkata,2026-09-06 06:00:00,34.9,38.6,376.0,9.1,11.3,80.0,89,2026-09-06
Kolkata,2026-09-06 07:00:00,34.7,40.7,459.0,6.9,13.2,100.0,90,2026-09-06
Kolkata,2026-09-06 08:00:00,36.9,46.2,502.0,5.1,14.5,116.0,91,2026-09-06
Kolkata,2026-09-06 09:00:00,39.0,52.6,469.0,4.0,14.8,125.0,91,2026-09-06
Kolkata,2026-09-06 10:00:00,38.3,53.4,395.0,3.3,14.4,131.0,92,2026-09-06
Kolkata,2026-09-06 11:00:00,36.3,51.0,340.0,2.9,13.7,133.0,92,2026-09-06
Kolkata,2026-09-06 12:00:00,33.6,46.8,320.0,2.7,12.4,130.0,93,2026-09-06
Kolkata,2026-09-06 13:00:00,32.4,44.2,319.0,2.8,10.6,122.0,93,2026-09-06
Kolkata,2026-09-06 14:00:00,30.5,40.0,338.0,3.6,9.6,113.0,93,2026-09-06
Kolkata,2026-09-06 15:00:00,30.9,37.8,397.0,5.7,9.8,102.0,94,2026-09-06
Kolkata,2026-09-06 16:00:00,32.2,38.4,477.0,8.4,10.6,91.0,94,2026-09-06
Kolkata,2026-09-06 17:00:00,32.1,38.9,527.0,9.2,11.4,90.0,94,2026-09-06
Kolkata,2026-09-06 18:00:00,33.8,38.9,517.0,10.2,12.5,86.0,94,2026-09-06
Kolkata,2026-09-06 19:00:00,35.0,39.3,478.0,11.6,13.9,80.0,94,2026-09-06
Kolkata,2026-09-06 20:00:00,34.3,38.2,444.0,12.2,14.5,77.0,94,2026-09-06
Kolkata,2026-09-06 21:00:00,32.6,36.4,432.0,11.2,13.3,79.0,94,2026-09-06
Kolkata,2026-09-06 22:00:00,29.7,34.0,426.0,9.5,11.3,84.0,93,2026-09-06
Kolkata,2026-09-06 23:00:00,25.4,29.6,416.0,8.3,9.6,86.0,93,2026-09-06
Kolkata,2026-09-07 00:00:00,25.4,29.9,394.0,8.2,8.7,83.0,93,2026-09-07
Kolkata,2026-09-07 01:00:00,25.3,29.9,369.0,8.8,8.2,78.0,92,2026-09-07
Kolkata,2026-09-07 02:00:00,23.7,27.0,354.0,9.7,8.0,72.0,92,2026-09-07
Kolkata,2026-09-07 03:00:00,25.2,28.4,351.0,11.4,8.1,63.0,92,2026-09-07
Kolkata,2026-09-07 04:00:00,26.1,29.4,359.0,13.5,8.6,53.0,93,2026-09-07
Kolkata,2026-09-07 05:00:00,20.6,24.2,383.0,9.7,8.2,71.0,93,2026-09-07
Kolkata,2026-09-07 06:00:00,23.5,26.9,447.0,9.0,9.2,79.0,92,2026-09-07
Kolkata,2026-09-07 07:00:00,26.0,29.7,527.0,7.9,10.6,91.0,91,2026-09-07
Kolkata,2026-09-07 08:00:00,26.6,31.2,562.0,6.7,11.9,105.0,90,2026-09-07
Kolkata,2026-09-07 09:00:00,28.8,34.0,505.0,5.3,12.9,122.0,90,2026-09-07
Kolkata,2026-09-07 10:00:00,30.6,35.9,403.0,3.7,13.8,140.0,89,2026-09-07
Kolkata,2026-09-07 11:00:00,32.6,37.7,336.0,2.8,14.4,152.0,88,2026-09-07
Kolkata,2026-09-07 12:00:00,34.8,39.6,337.0,2.7,14.6,153.0,88,2026-09-07
Kolkata,2026-09-07 13:00:00,33.9,38.0,374.0,3.3,14.5,147.0,88,2026-09-07
Kolkata,2026-09-07 14:00:00,31.8,35.2,422.0,4.5,13.9,137.0,88,2026-09-07
Kolkata,2026-09-07 15:00:00,28.3,30.6,464.0,6.7,12.1,121.0,89,2026-09-07
Kolkata,2026-09-07 16:00:00,27.8,29.8,518.0,9.4,9.7,101.0,96,2026-09-07
Kolkata,2026-09-07 17:00:00,28.1,30.3,619.0,9.7,7.5,88.0,95,2026-09-07
Kolkata,2026-09-07 18:00:00,29.2,30.5,820.0,11.8,9.4,83.0,88,2026-09-07
Kolkata,2026-09-07 19:00:00,32.2,33.5,1066.0,14.7,12.0,77.0,87,2026-09-07
Kolkata,2026-09-07 20:00:00,34.7,36.0,1231.0,17.2,14.2,70.0,87,2026-09-07
Kolkata,2026-09-07 21:00:00,38.9,40.2,1259.0,19.2,15.5,62.0,87,2026-09-07
Kolkata,2026-09-07 22:00:00,41.8,43.0,1205.0,20.8,16.4,55.0,87,2026-09-07
Kolkata,2026-09-07 23:00:00,42.0,43.2,1104.0,21.4,16.8,49.0,88,2026-09-07
Kolkata,2026-09-08 00:00:00,41.3,42.4,931.0,19.9,16.4,48.0,89,2026-09-08
Kolkata,2026-09-08 01:00:00,41.1,42.1,712.0,17.4,15.5,49.0,91,2026-09-08
Kolkata,2026-09-08 02:00:00,42.5,43.7,556.0,16.0,15.2,49.0,92,2026-09-08
Kolkata,2026-09-08 03:00:00,44.8,46.1,520.0,17.3,16.1,45.0,93,2026-09-08
Kolkata,2026-09-08 04:00:00,48.0,49.4,548.0,19.8,17.6,40.0,95,2026-09-08
Kolkata,2026-09-08 05:00:00,47.4,48.8,577.0,18.3,13.9,40.0,97,2026-09-08
Kolkata,2026-09-08 06:00:00,50.5,52.2,588.0,15.7,14.5,59.0,99,2026-09-08
Kolkata,2026-09-08 07:00:00,41.8,43.9,600.0,12.2,15.3,86.0,101,2026-09-08
Kolkata,2026-09-08 08:00:00,38.1,40.5,608.0,9.2,16.2,111.0,103,2026-09-08
Kolkata,2026-09-08 09:00:00,36.9,39.5,610.0,7.3,17.4,135.0,104,2026-09-08
Kolkata,2026-09-08 10:00:00,38.5,41.1,609.0,6.0,18.7,159.0,105,2026-09-08
Kolkata,2026-09-08 11:00:00,39.6,41.9,604.0,5.3,18.9,170.0,106,2026-09-08
Kolkata,2026-09-08 12:00:00,38.2,40.5,584.0,5.1,17.2,162.0,106,2026-09-08
Kolkata,2026-09-08 13:00:00,35.0,37.1,560.0,5.5,14.5,142.0,107,2026-09-08
Kolkata,2026-09-08 14:00:00,30.6,32.5,571.0,6.5,12.4,123.0,107,2026-09-08
Kolkata,2026-09-08 15:00:00,25.0,26.5,631.0,7.8,11.4,111.0,107,2026-09-08
Kolkata,2026-09-08 16:00:00,23.6,25.3,725.0,9.7,11.1,99.0,106,2026-09-08
Kolkata,2026-09-08 17:00:00,42.1,44.7,848.0,12.6,15.1,119.0,106,2026-09-08
Kolkata,2026-09-08 18:00:00,44.5,46.9,1045.0,15.6,16.2,103.0,107,2026-09-08
Kolkata,2026-09-08 19:00:00,49.7,52.0,1271.0,19.8,17.9,80.0,109,2026-09-08
Kolkata,2026-09-08 20:00:00,57.6,59.8,1382.0,23.7,19.5,62.0,111,2026-09-08
Kolkata,2026-09-08 21:00:00,62.4,64.5,1289.0,27.0,21.1,54.0,113,2026-09-08
Kolkata,2026-09-08 22:00:00,68.5,70.5,1080.0,30.0,22.7,50.0,116,2026-09-08
Kolkata,2026-09-08 23:00:00,70.8,72.9,879.0,31.5,23.7,48.0,119,2026-09-08
Kolkata,2026-09-09 00:00:00,71.2,73.6,711.0,30.7,23.9,46.0,122,2026-09-09
Kolkata,2026-09-09 01:00:00,71.9,73.8,549.0,28.4,23.4,45.0,125,2026-09-09
Kolkata,2026-09-09 02:00:00,69.8,71.7,438.0,25.7,22.5,46.0,128,2026-09-09
Kolkata,2026-09-09 03:00:00,64.3,65.7,401.0,22.8,20.5,47.0,131,2026-09-09
Kolkata,2026-09-09 04:00:00,37.8,38.8,413.0,19.5,18.0,50.0,133,2026-09-09
Kolkata,2026-09-09 05:00:00,65.4,66.6,450.0,24.3,24.9,46.0,132,2026-09-09
Kolkata,2026-09-09 06:00:00,61.9,63.1,525.0,21.5,27.4,70.0,134,2026-09-09
Kolkata,2026-09-09 07:00:00,54.9,56.1,623.0,17.4,30.8,104.0,135,2026-09-09
Kolkata,2026-09-09 08:00:00,49.0,50.2,675.0,13.6,32.8,135.0,136,2026-09-09
Kolkata,2026-09-09 09:00:00,48.7,49.8,635.0,10.1,32.1,160.0,137,2026-09-09
Kolkata,2026-09-09 10:00:00,48.4,49.7,548.0,6.9,30.1,183.0,138,2026-09-09
Kolkata,2026-09-09 11:00:00,48.0,49.4,483.0,4.6,28.2,200.0,139,2026-09-09
Kolkata,2026-09-09 12:00:00,49.4,50.6,456.0,3.8,27.3,213.0,140,2026-09-09
Kolkata,2026-09-09 13:00:00,49.9,51.1,450.0,3.9,26.5,220.0,142,2026-09-09
Kolkata,2026-09-09 14:00:00,48.3,49.5,488.0,4.8,25.0,216.0,143,2026-09-09
Kolkata,2026-09-09 15:00:00,45.6,46.7,617.0,6.6,21.9,191.0,166,2026-09-09
Kolkata,2026-09-09 16:00:00,43.3,44.1,788.0,9.0,18.0,155.0,180,2026-09-09
Kolkata,2026-09-09 17:00:00,32.2,32.8,882.0,12.8,12.4,102.0,183,2026-09-09
Kolkata,2026-09-09 18:00:00,35.0,35.9,821.0,15.0,14.1,93.0,173,2026-09-09
Kolkata,2026-09-09 19:00:00,38.3,39.2,682.0,18.1,16.5,79.0,159,2026-09-09
Kolkata,2026-09-09 20:00:00,42.8,43.8,572.0,21.2,18.6,67.0,146,2026-09-09
Kolkata,2026-09-09 21:00:00,49.1,50.1,538.0,24.6,20.2,57.0,144,2026-09-09
Kolkata,2026-09-09 22:00:00,52.0,53.0,533.0,28.0,21.4,47.0,143,2026-09-09
Kolkata,2026-09-09 23:00:00,53.3,54.1,525.0,30.0,22.1,40.0,141,2026-09-09
Kolkata,2026-09-10 00:00:00,53.1,53.9,502.0,29.6,21.9,36.0,139,2026-09-10
Kolkata,2026-09-10 01:00:00,48.8,49.6,477.0,27.8,21.1,34.0,138,2026-09-10
Kolkata,2026-09-10 02:00:00,43.8,44.5,454.0,25.5,20.0,34.0,135,2026-09-10
Kolkata,2026-09-10 03:00:00,38.4,39.2,436.0,23.2,18.6,35.0,132,2026-09-10
Kolkata,2026-09-10 04:00:00,32.9,33.8,421.0,20.5,17.0,38.0,130,2026-09-10
Kolkata,2026-09-10 05:00:00,32.9,33.5,410.0,19.7,19.7,42.0,129,2026-09-10
Kolkata,2026-09-10 06:00:00,28.1,28.9,411.0,16.2,18.5,60.0,126,2026-09-10
Kolkata,2026-09-10 07:00:00,21.9,22.9,416.0,11.4,16.9,85.0,122,2026-09-10
Kolkata,2026-09-10 08:00:00,19.2,20.1,405.0,7.4,15.3,106.0,119,2026-09-10
Kolkata,2026-09-10 09:00:00,16.4,17.2,357.0,5.2,13.9,119.0,116,2026-09-10
Kolkata,2026-09-10 10:00:00,14.1,14.8,293.0,3.9,12.6,127.0,112,2026-09-10
Kolkata,2026-09-10 11:00:00,12.5,13.2,252.0,3.2,11.2,127.0,109,2026-09-10
Kolkata,2026-09-10 12:00:00,10.7,11.3,246.0,3.0,9.5,115.0,105,2026-09-10
Kolkata,2026-09-10 13:00:00,8.6,9.0,264.0,3.5,7.7,96.0,101,2026-09-10
Kolkata,2026-09-10 14:00:00,8.3,8.7,310.0,4.8,6.8,79.0,98,2026-09-10
Kolkata,2026-09-10 15:00:00,8.1,8.9,412.0,7.2,7.3,70.0,94,2026-09-10
Kolkata,2026-09-10 16:00:00,9.6,10.4,542.0,10.4,8.8,63.0,91,2026-09-10
Kolkata,2026-09-10 17:00:00,9.5,10.2,626.0,11.1,7.7,62.0,89,2026-09-10
Kolkata,2026-09-10 18:00:00,13.9,14.6,625.0,12.3,8.9,61.0,87,2026-09-10
Kolkata,2026-09-10 19:00:00,14.9,15.8,579.0,13.9,10.5,60.0,85,2026-09-10
Kolkata,2026-09-10 20:00:00,14.8,15.7,528.0,15.1,11.6,58.0,84,2026-09-10
Kolkata,2026-09-10 21:00:00,16.4,17.3,486.0,15.7,11.8,56.0,81,2026-09-10
Kolkata,2026-09-10 22:00:00,16.5,17.5,439.0,15.8,11.5,54.0,79,2026-09-10
Kolkata,2026-09-10 23:00:00,13.9,14.9,390.0,15.3,11.0,53.0,76,2026-09-10
Kolkata,2026-09-11 00:00:00,12.1,13.2,331.0,13.9,10.4,54.0,73,2026-09-11
Kolkata,2026-09-11 01:00:00,10.9,12.0,269.0,11.8,9.6,56.0,70,2026-09-11
Kolkata,2026-09-11 02:00:00,10.1,11.2,225.0,10.0,8.7,58.0,67,2026-09-11
Kolkata,2026-09-11 03:00:00,9.7,10.9,210.0,8.8,7.6,59.0,64,2026-09-11
Kolkata,2026-09-11 04:00:00,9.2,10.4,214.0,7.9,6.5,61.0,62,2026-09-11
Kolkata,2026-09-11 05:00:00,7.6,8.7,225.0,6.1,6.5,77.0,60,2026-09-11
Kolkata,2026-09-11 06:00:00,8.5,9.4,245.0,6.1,7.0,80.0,58,2026-09-11
Kolkata,2026-09-11 07:00:00,9.0,9.9,271.0,6.0,7.7,84.0,56,2026-09-11
Kolkata,2026-09-11 08:00:00,9.2,10.4,287.0,5.6,8.1,89.0,55,2026-09-11
Kolkata,2026-09-11 09:00:00,8.0,9.2,282.0,4.6,7.9,95.0,55,2026-09-11
Kolkata,2026-09-11 10:00:00,6.9,7.7,266.0,3.3,7.3,101.0,54,2026-09-11
Kolkata,2026-09-11 11:00:00,6.5,7.2,256.0,2.5,6.7,104.0,53,2026-09-11
Kolkata,2026-09-11 12:00:00,6.5,7.2,251.0,2.4,6.1,102.0,53,2026-09-11
Kolkata,2026-09-11 13:00:00,6.9,7.7,252.0,2.7,5.5,96.0,53,2026-09-11
Kolkata,2026-09-11 14:00:00,8.6,9.5,270.0,3.5,5.2,89.0,52,2026-09-11
Kolkata,2026-09-11 15:00:00,9.6,10.4,329.0,5.2,5.4,81.0,52,2026-09-11
Kolkata,2026-09-11 16:00:00,9.9,10.7,407.0,7.4,5.9,71.0,53,2026-09-11
Kolkata,2026-09-11 17:00:00,12.5,14.5,448.0,8.2,6.9,70.0,53,2026-09-11
Kolkata,2026-09-11 18:00:00,14.3,16.0,416.0,8.3,7.3,67.0,53,2026-09-11
Kolkata,2026-09-11 19:00:00,14.6,16.6,348.0,8.3,7.8,63.0,53,2026-09-11
Kolkata,2026-09-11 20:00:00,14.1,16.4,294.0,8.3,8.0,59.0,53,2026-09-11
Kolkata,2026-09-11 21:00:00,13.6,15.9,281.0,8.1,7.7,56.0,53,2026-09-11
Kolkata,2026-09-11 22:00:00,12.4,14.7,284.0,7.8,7.0,53.0,53,2026-09-11
Kolkata,2026-09-11 23:00:00,10.6,12.8,275.0,7.7,6.6,50.0,52,2026-09-11
Kolkata,2026-09-12 00:00:00,9.8,11.9,238.0,7.9,6.6,46.0,52,2026-09-12
Kolkata,2026-09-12 01:00:00,9.8,11.8,190.0,8.3,6.7,43.0,52,2026-09-12
Kolkata,2026-09-12 02:00:00,9.6,11.6,156.0,8.5,6.8,41.0,52,2026-09-12
Kolkata,2026-09-12 03:00:00,9.2,11.4,146.0,8.3,6.6,43.0,52,2026-09-12
Kolkata,2026-09-12 04:00:00,8.7,10.9,151.0,7.8,6.3,47.0,52,2026-09-12
Kolkata,2026-09-12 05:00:00,9.0,10.9,165.0,8.2,6.7,47.0,52,2026-09-12
Kolkata,2026-09-12 06:00:00,10.8,13.2,197.0,7.3,7.1,54.0,52,2026-09-12
Kolkata,2026-09-12 07:00:00,10.9,13.5,240.0,6.0,7.6,65.0,52,2026-09-12
Kolkata,2026-09-12 08:00:00,10.9,14.0,264.0,4.9,8.0,74.0,52,2026-09-12
Kolkata,2026-09-12 09:00:00,10.6,13.8,252.0,4.0,8.2,81.0,52,2026-09-12
Kolkata,2026-09-12 10:00:00,10.6,13.8,223.0,3.3,8.4,86.0,52,2026-09-12
Kolkata,2026-09-12 11:00:00,10.0,12.9,203.0,2.9,8.2,88.0,53,2026-09-12
Kolkata,2026-09-12 12:00:00,9.3,11.6,194.0,3.1,7.5,84.0,53,2026-09-12
Kolkata,2026-09-12 13:00:00,8.5,9.9,194.0,3.6,6.6,76.0,53,2026-09-12
Kolkata,2026-09-12 14:00:00,8.3,9.5,228.0,4.5,5.9,69.0,53,2026-09-12
Kolkata,2026-09-12 15:00:00,7.8,9.1,331.0,5.9,5.8,64.0,53,2026-09-12
Kolkata,2026-09-12 16:00:00,8.0,9.1,468.0,7.6,5.9,59.0,53,2026-09-12
Kolkata,2026-09-12 17:00:00,10.0,11.6,558.0,8.9,5.7,51.0,53,2026-09-12
Kolkata,2026-09-12 18:00:00,10.4,11.7,558.0,9.5,6.5,49.0,53,2026-09-12
Kolkata,2026-09-12 19:00:00,12.0,13.2,512.0,10.4,7.6,46.0,52,2026-09-12
Kolkata,2026-09-12 20:00:00,13.4,14.6,470.0,11.1,8.3,43.0,52,2026-09-12
Kolkata,2026-09-12 21:00:00,14.5,15.7,457.0,11.5,8.3,41.0,52,2026-09-12
Kolkata,2026-09-12 22:00:00,14.6,15.8,448.0,11.8,7.9,38.0,52,2026-09-12
Kolkata,2026-09-12 23:00:00,13.1,14.4,416.0,12.0,7.6,36.0,52,2026-09-12
Kolkata,2026-09-13 00:00:00,12.3,13.7,334.0,12.1,7.5,34.0,53,2026-09-13
Kolkata,2026-09-13 01:00:00,12.1,13.6,229.0,12.2,7.5,31.0,53,2026-09-13
Kolkata,2026-09-13 02:00:00,12.5,14.0,159.0,12.5,7.7,29.0,53,2026-09-13
Kolkata,2026-09-13 03:00:00,12.6,14.2,158.0,13.8,8.1,25.0,53,2026-09-13
Kolkata,2026-09-13 04:00:00,13.0,14.6,193.0,15.4,8.7,21.0,54,2026-09-13
Kolkata,2026-09-13 05:00:00,11.4,12.5,221.0,12.2,7.1,27.0,54,2026-09-13
Kolkata,2026-09-13 06:00:00,14.9,16.2,227.0,10.0,7.9,40.0,54,2026-09-13
Kolkata,2026-09-13 07:00:00,12.2,14.2,226.0,6.9,9.1,59.0,54,2026-09-13
Kolkata,2026-09-13 08:00:00,9.8,12.1,221.0,4.4,10.1,76.0,54,2026-09-13
Kolkata,2026-09-13 09:00:00,10.5,13.2,208.0,3.1,10.9,92.0,54,2026-09-13
Kolkata,2026-09-13 10:00:00,10.7,13.5,190.0,2.5,11.6,107.0,54,2026-09-13
Kolkata,2026-09-13 11:00:00,10.9,13.4,185.0,2.2,11.7,116.0,54,2026-09-13
Kolkata,2026-09-13 12:00:00,11.1,13.2,197.0,2.1,10.9,116.0,54,2026-09-13
Kolkata,2026-09-13 13:00:00,10.7,12.7,221.0,2.2,9.6,109.0,55,2026-09-13
Kolkata,2026-09-13 14:00:00,10.2,11.8,257.0,3.0,8.4,98.0,55,2026-09-13
Kolkata,2026-09-13 15:00:00,7.8,8.9,308.0,4.3,7.0,81.0,55,2026-09-13
Kolkata,2026-09-13 16:00:00,6.1,7.0,370.0,6.2,5.7,59.0,55,2026-09-13
Kolkata,2026-09-13 17:00:00,10.8,12.0,438.0,8.1,6.7,52.0,55,2026-09-13
Kolkata,2026-09-13 18:00:00,17.7,18.9,524.0,12.6,9.7,44.0,55,2026-09-13
Kolkata,2026-09-13 19:00:00,25.6,27.1,615.0,18.8,13.9,33.0,55,2026-09-13
Kolkata,2026-09-13 20:00:00,29.8,31.4,662.0,24.1,17.2,24.0,56,2026-09-13
Kolkata,2026-09-13 21:00:00,34.6,36.3,633.0,27.1,18.7,20.0,58,2026-09-13
Kolkata,2026-09-13 22:00:00,40.6,42.5,560.0,29.1,19.4,17.0,59,2026-09-13
Kolkata,2026-09-13 23:00:00,37.0,39.1,489.0,31.1,20.0,15.0,61,2026-09-13
Pune,2026-08-15 00:00:00,4.5,5.9,134.0,8.3,5.9,35.0,35,2026-08-15
Pune,2026-08-15 01:00:00,3.2,4.4,118.0,6.9,5.4,37.0,35,2026-08-15
Pune,2026-08-15 02:00:00,2.8,4.1,106.0,5.7,4.9,38.0,34,2026-08-15
Pune,2026-08-15 03:00:00,2.4,3.6,98.0,5.0,4.7,39.0,34,2026-08-15
Pune,2026-08-15 04:00:00,2.2,3.3,94.0,4.7,4.5,39.0,34,2026-08-15
Pune,2026-08-15 05:00:00,2.5,4.0,103.0,5.0,4.4,39.0,33,2026-08-15
Pune,2026-08-15 06:00:00,3.1,5.2,139.0,5.3,4.4,40.0,34,2026-08-15
Pune,2026-08-15 07:00:00,3.8,6.2,188.0,5.7,4.4,42.0,34,2026-08-15
Pune,2026-08-15 08:00:00,3.8,6.1,214.0,5.7,4.3,44.0,34,2026-08-15
Pune,2026-08-15 09:00:00,3.3,5.2,195.0,4.8,4.0,48.0,34,2026-08-15
Pune,2026-08-15 10:00:00,3.6,6.7,153.0,3.4,3.6,53.0,34,2026-08-15
Pune,2026-08-15 11:00:00,4.4,9.3,123.0,2.4,3.3,57.0,34,2026-08-15
Pune,2026-08-15 12:00:00,5.7,13.5,118.0,2.0,3.2,61.0,34,2026-08-15
Pune,2026-08-15 13:00:00,6.2,14.3,123.0,2.0,3.3,65.0,33,2026-08-15
Pune,2026-08-15 14:00:00,6.8,13.8,131.0,2.3,3.4,66.0,33,2026-08-15
Pune,2026-08-15 15:00:00,6.8,14.2,138.0,3.1,3.5,63.0,33,2026-08-15
Pune,2026-08-15 16:00:00,6.9,15.1,147.0,4.2,3.7,57.0,32,2026-08-15
Pune,2026-08-15 17:00:00,9.3,18.1,155.0,6.2,3.8,51.0,32,2026-08-15
Pune,2026-08-15 18:00:00,10.5,22.1,163.0,7.6,4.4,47.0,31,2026-08-15
Pune,2026-08-15 19:00:00,10.6,20.3,172.0,9.5,5.1,40.0,31,2026-08-15
Pune,2026-08-15 20:00:00,9.1,15.9,175.0,10.6,5.7,36.0,31,2026-08-15
Pune,2026-08-15 21:00:00,7.0,11.5,172.0,10.4,5.9,35.0,31,2026-08-15
Pune,2026-08-15 22:00:00,4.8,7.7,164.0,9.5,5.9,36.0,31,2026-08-15
Pune,2026-08-15 23:00:00,4.6,7.3,154.0,8.5,5.8,37.0,30,2026-08-15
Pune,2026-08-16 00:00:00,4.6,7.4,139.0,7.4,5.6,38.0,30,2026-08-16
Pune,2026-08-16 01:00:00,4.4,7.1,122.0,6.1,5.2,40.0,30,2026-08-16
Pune,2026-08-16 02:00:00,3.1,6.0,110.0,5.1,4.9,41.0,30,2026-08-16
Pune,2026-08-16 03:00:00,2.8,4.8,107.0,4.8,4.7,41.0,30,2026-08-16
Pune,2026-08-16 04:00:00,2.3,3.7,110.0,4.8,4.6,41.0,30,2026-08-16
Pune,2026-08-16 05:00:00,2.3,3.1,114.0,4.5,4.3,42.0,30,2026-08-16
Pune,2026-08-16 06:00:00,2.4,3.8,120.0,4.5,4.3,43.0,30,2026-08-16
Pune,2026-08-16 07:00:00,3.3,5.2,128.0,4.4,4.4,44.0,30,2026-08-16
Pune,2026-08-16 08:00:00,4.4,8.9,132.0,4.1,4.4,47.0,30,2026-08-16
Pune,2026-08-16 09:00:00,6.9,16.1,127.0,3.4,4.3,53.0,30,2026-08-16
Pune,2026-08-16 10:00:00,8.1,18.7,117.0,2.5,4.1,60.0,31,2026-08-16
Pune,2026-08-16 11:00:00,8.7,20.8,110.0,1.8,3.9,66.0,32,2026-08-16
Pune,2026-08-16 12:00:00,9.1,21.4,109.0,1.5,3.7,69.0,33,2026-08-16
Pune,2026-08-16 13:00:00,8.6,19.7,110.0,1.5,3.6,70.0,34,2026-08-16
Pune,2026-08-16 14:00:00,7.9,16.9,113.0,1.7,3.5,69.0,34,2026-08-16
Pune,2026-08-16 15:00:00,7.6,15.3,118.0,2.1,3.5,66.0,34,2026-08-16
Pune,2026-08-16 16:00:00,6.8,13.2,126.0,2.7,3.7,61.0,35,2026-08-16
Pune,2026-08-16 17:00:00,8.3,18.0,133.0,3.4,3.5,56.0,35,2026-08-16
Pune,2026-08-16 18:00:00,7.4,14.4,141.0,4.8,4.2,52.0,34,2026-08-16
Pune,2026-08-16 19:00:00,7.0,12.4,149.0,6.7,5.2,45.0,34,2026-08-16
Pune,2026-08-16 20:00:00,5.8,9.1,153.0,8.3,6.0,40.0,33,2026-08-16
Pune,2026-08-16 21:00:00,5.7,7.9,152.0,9.3,6.6,36.0,32,2026-08-16
Pune,2026-08-16 22:00:00,5.4,6.7,147.0,9.9,7.1,33.0,32,2026-08-16
Pune,2026-08-16 23:00:00,4.6,5.4,141.0,9.9,7.2,32.0,32,2026-08-16
Pune,2026-08-17 00:00:00,3.3,4.1,132.0,8.8,6.6,34.0,32,2026-08-17
Pune,2026-08-17 01:00:00,2.8,4.0,121.0,7.0,5.5,38.0,32,2026-08-17
Pune,2026-08-17 02:00:00,2.7,3.9,112.0,5.6,4.7,41.0,31,2026-08-17
Pune,2026-08-17 03:00:00,2.4,3.9,105.0,5.0,4.3,42.0,31,2026-08-17
Pune,2026-08-17 04:00:00,2.6,4.3,100.0,4.7,4.2,41.0,31,2026-08-17
Pune,2026-08-17 05:00:00,2.3,4.3,104.0,4.0,3.8,44.0,31,2026-08-17
Pune,2026-08-17 06:00:00,2.4,3.9,126.0,4.4,4.0,44.0,31,2026-08-17
Pune,2026-08-17 07:00:00,2.7,4.0,158.0,4.9,4.4,44.0,31,2026-08-17
Pune,2026-08-17 08:00:00,3.1,4.5,176.0,5.1,4.6,45.0,31,2026-08-17
Pune,2026-08-17 09:00:00,4.6,7.1,168.0,4.7,4.7,48.0,31,2026-08-17
Pune,2026-08-17 10:00:00,5.8,9.6,146.0,4.1,4.7,52.0,30,2026-08-17
Pune,2026-08-17 11:00:00,8.6,16.0,130.0,3.5,4.7,56.0,30,2026-08-17
Pune,2026-08-17 12:00:00,8.1,15.1,127.0,3.0,4.5,59.0,30,2026-08-17
Pune,2026-08-17 13:00:00,6.6,13.0,130.0,2.6,4.2,62.0,29,2026-08-17
Pune,2026-08-17 14:00:00,7.2,13.4,134.0,2.8,4.1,62.0,29,2026-08-17
Pune,2026-08-17 15:00:00,8.0,15.4,139.0,3.7,4.2,59.0,29,2026-08-17
Pune,2026-08-17 16:00:00,8.6,16.5,147.0,5.2,4.5,54.0,29,2026-08-17
Pune,2026-08-17 17:00:00,8.6,18.3,154.0,4.5,3.9,51.0,29,2026-08-17
Pune,2026-08-17 18:00:00,9.4,18.6,163.0,7.1,4.8,45.0,29,2026-08-17
Pune,2026-08-17 19:00:00,8.7,15.3,173.0,10.6,6.0,37.0,30,2026-08-17
Pune,2026-08-17 20:00:00,8.9,14.4,177.0,12.7,6.8,31.0,30,2026-08-17
Pune,2026-08-17 21:00:00,6.9,11.4,172.0,12.1,6.8,30.0,31,2026-08-17
Pune,2026-08-17 22:00:00,5.1,7.8,161.0,10.2,6.5,31.0,31,2026-08-17
Pune,2026-08-17 23:00:00,4.0,5.7,149.0,8.5,6.1,32.0,31,2026-08-17
Pune,2026-08-18 00:00:00,3.8,5.7,133.0,7.7,5.8,32.0,31,2026-08-18
Pune,2026-08-18 01:00:00,4.0,6.2,116.0,7.1,5.6,32.0,31,2026-08-18
Pune,2026-08-18 02:00:00,3.4,5.0,104.0,6.6,5.4,32.0,31,2026-08-18
Pune,2026-08-18 03:00:00,2.3,3.4,100.0,6.2,5.3,31.0,31,2026-08-18
Pune,2026-08-18 04:00:00,2.0,2.5,102.0,6.0,5.3,31.0,31,2026-08-18
Pune,2026-08-18 05:00:00,1.5,2.5,108.0,4.5,4.4,35.0,31,2026-08-18
Pune,2026-08-18 06:00:00,2.0,3.2,124.0,5.0,4.6,34.0,31,2026-08-18
Pune,2026-08-18 07:00:00,3.2,4.5,145.0,5.8,4.8,33.0,31,2026-08-18
Pune,2026-08-18 08:00:00,3.6,6.0,157.0,5.9,4.8,34.0,31,2026-08-18
Pune,2026-08-18 09:00:00,4.7,9.2,151.0,4.9,4.5,39.0,31,2026-08-18
Pune,2026-08-18 10:00:00,4.4,9.1,136.0,3.4,4.1,46.0,31,2026-08-18
Pune,2026-08-18 11:00:00,5.2,10.8,124.0,2.3,3.7,51.0,31,2026-08-18
Pune,2026-08-18 12:00:00,6.2,12.4,120.0,1.9,3.5,54.0,30,2026-08-18
Pune,2026-08-18 13:00:00,5.5,11.4,120.0,1.8,3.4,55.0,30,2026-08-18
Pune,2026-08-18 14:00:00,5.2,10.2,122.0,2.1,3.5,55.0,29,2026-08-18
Pune,2026-08-18 15:00:00,5.6,10.2,128.0,2.8,3.8,54.0,29,2026-08-18
Pune,2026-08-18 16:00:00,6.8,11.2,137.0,3.9,4.3,51.0,28,2026-08-18
Pune,2026-08-18 17:00:00,7.9,13.7,145.0,4.0,4.2,49.0,28,2026-08-18
Pune,2026-08-18 18:00:00,8.0,12.6,150.0,6.3,5.1,43.0,28,2026-08-18
Pune,2026-08-18 19:00:00,8.8,13.4,154.0,9.4,6.4,36.0,28,2026-08-18
Pune,2026-08-18 20:00:00,8.6,12.5,154.0,11.4,7.3,30.0,28,2026-08-18
Pune,2026-08-18 21:00:00,7.2,9.9,148.0,11.4,7.6,28.0,27,2026-08-18
Pune,2026-08-18 22:00:00,5.9,7.7,139.0,10.3,7.5,29.0,28,2026-08-18
Pune,2026-08-18 23:00:00,4.5,5.9,129.0,9.1,7.2,29.0,28,2026-08-18
Pune,2026-08-19 00:00:00,3.4,4.5,118.0,8.1,6.7,29.0,28,2026-08-19
Pune,2026-08-19 01:00:00,2.7,3.5,106.0,7.0,6.0,30.0,28,2026-08-19
Pune,2026-08-19 02:00:00,2.2,2.8,98.0,6.1,5.5,30.0,27,2026-08-19
Pune,2026-08-19 03:00:00,1.9,2.4,93.0,5.5,5.2,31.0,27,2026-08-19
Pune,2026-08-19 04:00:00,1.8,2.3,92.0,5.1,5.1,31.0,27,2026-08-19
Pune,2026-08-19 05:00:00,2.7,4.2,98.0,4.7,4.7,33.0,27,2026-08-19
Pune,2026-08-19 06:00:00,3.2,4.5,121.0,5.4,5.1,33.0,27,2026-08-19
Pune,2026-08-19 07:00:00,3.5,5.0,151.0,6.2,5.5,33.0,28,2026-08-19
Pune,2026-08-19 08:00:00,4.6,7.3,170.0,6.5,5.8,35.0,28,2026-08-19
Pune,2026-08-19 09:00:00,6.0,10.3,164.0,5.6,5.7,42.0,28,2026-08-19
Pune,2026-08-19 10:00:00,7.1,13.1,147.0,4.0,5.3,51.0,28,2026-08-19
Pune,2026-08-19 11:00:00,7.4,14.7,133.0,2.9,5.1,58.0,29,2026-08-19
Pune,2026-08-19 12:00:00,8.1,16.5,129.0,2.6,5.1,62.0,29,2026-08-19
Pune,2026-08-19 13:00:00,8.4,15.9,128.0,2.6,5.2,64.0,30,2026-08-19
Pune,2026-08-19 14:00:00,8.0,14.5,132.0,3.1,5.3,63.0,30,2026-08-19
Pune,2026-08-19 15:00:00,7.8,13.8,142.0,4.0,5.4,59.0,31,2026-08-19
Pune,2026-08-19 16:00:00,7.4,12.7,157.0,5.2,5.5,52.0,32,2026-08-19
Pune,2026-08-19 17:00:00,10.6,20.7,168.0,6.0,5.6,48.0,32,2026-08-19
Pune,2026-08-19 18:00:00,10.4,18.6,174.0,8.5,6.5,42.0,32,2026-08-19
Pune,2026-08-19 19:00:00,10.2,16.8,176.0,11.9,7.8,34.0,33,2026-08-19
Pune,2026-08-19 20:00:00,10.1,15.5,173.0,13.9,8.6,28.0,33,2026-08-19
Pune,2026-08-19 21:00:00,9.5,13.9,162.0,13.3,8.5,27.0,34,2026-08-19
Pune,2026-08-19 22:00:00,7.4,10.7,146.0,11.3,7.9,29.0,34,2026-08-19
Pune,2026-08-19 23:00:00,5.6,8.8,131.0,9.4,7.2,30.0,34,2026-08-19
Pune,2026-08-20 00:00:00,4.3,6.6,118.0,8.2,6.6,31.0,35,2026-08-20
Pune,2026-08-20 01:00:00,3.5,5.5,107.0,7.1,5.9,31.0,35,2026-08-20
Pune,2026-08-20 02:00:00,3.2,4.9,99.0,6.3,5.4,32.0,35,2026-08-20
Pune,2026-08-20 03:00:00,2.9,4.4,95.0,5.9,5.2,32.0,35,2026-08-20
Pune,2026-08-20 04:00:00,2.6,3.8,94.0,5.7,5.2,32.0,36,2026-08-20
Pune,2026-08-20 05:00:00,2.6,4.5,100.0,4.8,4.9,34.0,36,2026-08-20
Pune,2026-08-20 06:00:00,3.1,4.9,118.0,5.2,5.2,34.0,36,2026-08-20
Pune,2026-08-20 07:00:00,4.0,7.8,141.0,5.6,5.7,35.0,36,2026-08-20
Pune,2026-08-20 08:00:00,5.5,10.1,156.0,5.6,5.9,38.0,36,2026-08-20
Pune,2026-08-20 09:00:00,7.1,14.0,152.0,4.7,5.7,46.0,36,2026-08-20
Pune,2026-08-20 10:00:00,9.6,21.2,138.0,3.3,5.2,57.0,36,2026-08-20
Pune,2026-08-20 11:00:00,9.7,20.4,129.0,2.3,4.8,66.0,37,2026-08-20
Pune,2026-08-20 12:00:00,15.8,40.2,129.0,1.9,4.6,70.0,37,2026-08-20
Pune,2026-08-20 13:00:00,10.7,23.0,133.0,1.7,4.5,72.0,39,2026-08-20
Pune,2026-08-20 14:00:00,9.9,19.9,137.0,2.0,4.5,72.0,40,2026-08-20
Pune,2026-08-20 15:00:00,10.0,19.8,140.0,2.6,4.7,70.0,40,2026-08-20
Pune,2026-08-20 16:00:00,10.0,19.3,143.0,3.6,5.0,65.0,41,2026-08-20
Pune,2026-08-20 17:00:00,12.2,25.3,150.0,4.8,5.5,65.0,41,2026-08-20
Pune,2026-08-20 18:00:00,11.7,22.5,165.0,7.6,6.4,56.0,42,2026-08-20
Pune,2026-08-20 19:00:00,12.0,20.5,184.0,11.5,7.7,44.0,42,2026-08-20
Pune,2026-08-20 20:00:00,11.5,19.2,193.0,14.0,8.6,35.0,42,2026-08-20
Pune,2026-08-20 21:00:00,10.6,17.7,183.0,14.0,8.8,31.0,43,2026-08-20
Pune,2026-08-20 22:00:00,9.4,15.1,164.0,12.7,8.6,30.0,43,2026-08-20
Pune,2026-08-20 23:00:00,7.6,12.0,145.0,11.1,8.1,30.0,43,2026-08-20
Pune,2026-08-21 00:00:00,5.9,9.3,131.0,9.1,7.2,31.0,44,2026-08-21
Pune,2026-08-21 01:00:00,3.8,6.2,117.0,6.8,6.1,33.0,44,2026-08-21
Pune,2026-08-21 02:00:00,2.5,4.2,108.0,5.1,5.2,35.0,44,2026-08-21
Pune,2026-08-21 03:00:00,2.1,3.2,102.0,4.6,4.9,35.0,44,2026-08-21
Pune,2026-08-21 04:00:00,2.1,2.8,99.0,4.7,4.9,34.0,44,2026-08-21
Pune,2026-08-21 05:00:00,2.6,4.2,104.0,5.0,5.1,34.0,44,2026-08-21
Pune,2026-08-21 06:00:00,2.7,3.7,123.0,5.2,5.2,34.0,44,2026-08-21
Pune,2026-08-21 07:00:00,2.8,3.9,148.0,5.4,5.3,35.0,44,2026-08-21
Pune,2026-08-21 08:00:00,3.8,5.9,163.0,5.3,5.3,39.0,43,2026-08-21
Pune,2026-08-21 09:00:00,5.9,10.7,155.0,4.4,5.1,48.0,43,2026-08-21
Pune,2026-08-21 10:00:00,7.8,14.3,137.0,3.1,4.9,59.0,43,2026-08-21
Pune,2026-08-21 11:00:00,9.2,17.2,123.0,2.2,4.6,67.0,42,2026-08-21
Pune,2026-08-21 12:00:00,9.7,18.7,121.0,1.8,4.3,71.0,42,2026-08-21
Pune,2026-08-21 13:00:00,9.9,19.6,124.0,1.8,4.0,72.0,41,2026-08-21
Pune,2026-08-21 14:00:00,9.7,19.0,128.0,2.0,3.8,71.0,41,2026-08-21
Pune,2026-08-21 15:00:00,8.6,16.2,131.0,2.4,3.8,68.0,41,2026-08-21
Pune,2026-08-21 16:00:00,7.4,13.1,136.0,3.1,4.0,63.0,40,2026-08-21
Pune,2026-08-21 17:00:00,9.2,17.0,143.0,3.9,4.0,56.0,40,2026-08-21
Pune,2026-08-21 18:00:00,9.6,17.1,156.0,6.4,4.8,49.0,39,2026-08-21
Pune,2026-08-21 19:00:00,9.4,15.1,172.0,9.8,5.9,40.0,39,2026-08-21
Pune,2026-08-21 20:00:00,9.1,13.9,182.0,12.0,6.7,33.0,38,2026-08-21
Pune,2026-08-21 21:00:00,9.1,12.7,183.0,12.1,7.0,31.0,37,2026-08-21
Pune,2026-08-21 22:00:00,7.9,11.0,178.0,11.0,7.0,31.0,37,2026-08-21
Pune,2026-08-21 23:00:00,6.0,8.6,169.0,9.8,6.8,32.0,37,2026-08-21
Pune,2026-08-22 00:00:00,4.9,7.3,155.0,8.6,6.4,33.0,36,2026-08-22
Pune,2026-08-22 01:00:00,4.2,6.7,136.0,7.3,5.9,33.0,36,2026-08-22
Pune,2026-08-22 02:00:00,3.8,5.8,123.0,6.3,5.5,34.0,36,2026-08-22
Pune,2026-08-22 03:00:00,3.1,4.9,117.0,5.9,5.4,34.0,36,2026-08-22
Pune,2026-08-22 04:00:00,2.7,4.0,115.0,5.9,5.4,33.0,37,2026-08-22
Pune,2026-08-22 05:00:00,2.1,3.3,119.0,5.2,5.2,36.0,37,2026-08-22
Pune,2026-08-22 06:00:00,2.2,3.3,133.0,5.6,5.2,36.0,37,2026-08-22
Pune,2026-08-22 07:00:00,3.5,4.9,153.0,6.1,5.1,37.0,37,2026-08-22
Pune,2026-08-22 08:00:00,3.8,5.5,164.0,6.1,4.9,40.0,37,2026-08-22
Pune,2026-08-22 09:00:00,5.3,9.1,156.0,5.0,4.4,46.0,37,2026-08-22
Pune,2026-08-22 10:00:00,6.4,12.6,138.0,3.3,3.8,54.0,37,2026-08-22
Pune,2026-08-22 11:00:00,7.0,14.2,126.0,2.2,3.4,59.0,36,2026-08-22
Pune,2026-08-22 12:00:00,7.6,15.8,124.0,2.0,3.3,61.0,36,2026-08-22
Pune,2026-08-22 13:00:00,7.9,15.9,127.0,2.3,3.3,60.0,35,2026-08-22
Pune,2026-08-22 14:00:00,8.0,15.6,133.0,3.0,3.5,58.0,35,2026-08-22
Pune,2026-08-22 15:00:00,8.6,15.4,141.0,4.4,3.9,54.0,34,2026-08-22
Pune,2026-08-22 16:00:00,8.7,15.7,152.0,6.2,4.4,48.0,34,2026-08-22
Pune,2026-08-22 17:00:00,9.5,17.5,162.0,5.9,5.1,50.0,35,2026-08-22
Pune,2026-08-22 18:00:00,9.1,15.8,173.0,8.2,5.8,45.0,35,2026-08-22
Pune,2026-08-22 19:00:00,9.6,15.0,184.0,11.4,6.8,37.0,35,2026-08-22
Pune,2026-08-22 20:00:00,10.1,15.4,188.0,13.6,7.6,31.0,35,2026-08-22
Pune,2026-08-22 21:00:00,9.2,13.4,180.0,14.0,7.9,28.0,35,2026-08-22
Pune,2026-08-22 22:00:00,8.4,11.5,164.0,13.3,8.0,27.0,35,2026-08-22
Pune,2026-08-22 23:00:00,6.9,9.5,149.0,12.2,7.8,27.0,35,2026-08-22
Pune,2026-08-23 00:00:00,5.6,7.9,136.0,10.4,7.3,28.0,35,2026-08-23
Pune,2026-08-23 01:00:00,4.3,6.6,122.0,8.1,6.5,30.0,35,2026-08-23
Pune,2026-08-23 02:00:00,3.4,5.5,113.0,6.4,5.9,31.0,36,2026-08-23
Pune,2026-08-23 03:00:00,3.0,4.6,109.0,5.7,5.5,32.0,35,2026-08-23
Pune,2026-08-23 04:00:00,2.2,3.2,108.0,5.5,5.2,32.0,35,2026-08-23
Pune,2026-08-23 05:00:00,2.9,4.7,111.0,5.8,5.2,32.0,35,2026-08-23
Pune,2026-08-23 06:00:00,2.8,4.2,121.0,5.3,5.1,34.0,35,2026-08-23
Pune,2026-08-23 07:00:00,3.3,5.3,135.0,4.6,5.0,37.0,36,2026-08-23
Pune,2026-08-23 08:00:00,4.0,7.3,143.0,3.9,4.9,42.0,36,2026-08-23
Pune,2026-08-23 09:00:00,5.7,11.1,138.0,3.1,4.7,49.0,36,2026-08-23
Pune,2026-08-23 10:00:00,7.6,16.2,126.0,2.4,4.4,57.0,36,2026-08-23
Pune,2026-08-23 11:00:00,8.8,19.2,117.0,1.8,4.2,63.0,36,2026-08-23
Pune,2026-08-23 12:00:00,9.4,20.0,115.0,1.5,3.9,65.0,36,2026-08-23
Pune,2026-08-23 13:00:00,9.3,20.3,115.0,1.4,3.7,65.0,37,2026-08-23
Pune,2026-08-23 14:00:00,9.3,20.0,117.0,1.6,3.6,64.0,37,2026-08-23
Pune,2026-08-23 15:00:00,8.1,16.5,120.0,2.0,3.7,61.0,37,2026-08-23
Pune,2026-08-23 16:00:00,7.0,13.1,125.0,2.7,3.9,57.0,37,2026-08-23
Pune,2026-08-23 17:00:00,7.3,13.3,131.0,3.2,3.9,52.0,37,2026-08-23
Pune,2026-08-23 18:00:00,7.7,14.3,139.0,5.6,4.9,45.0,36,2026-08-23
Pune,2026-08-23 19:00:00,8.2,13.6,147.0,8.9,6.3,36.0,36,2026-08-23
Pune,2026-08-23 20:00:00,9.3,14.4,151.0,11.0,7.2,29.0,36,2026-08-23
Pune,2026-08-23 21:00:00,9.6,14.8,148.0,11.0,7.3,27.0,36,2026-08-23
Pune,2026-08-23 22:00:00,9.0,15.3,140.0,9.8,7.0,29.0,36,2026-08-23
Pune,2026-08-23 23:00:00,8.4,14.7,131.0,8.5,6.6,30.0,36,2026-08-23
Pune,2026-08-24 00:00:00,7.6,12.7,121.0,7.3,6.1,31.0,36,2026-08-24
Pune,2026-08-24 01:00:00,5.8,10.2,109.0,6.0,5.5,33.0,37,2026-08-24
Pune,2026-08-24 02:00:00,4.4,8.0,102.0,5.1,5.1,34.0,37,2026-08-24
Pune,2026-08-24 03:00:00,3.6,6.4,99.0,4.8,5.0,34.0,37,2026-08-24
Pune,2026-08-24 04:00:00,3.3,5.8,100.0,4.8,5.0,34.0,37,2026-08-24
Pune,2026-08-24 05:00:00,3.9,8.0,107.0,4.3,4.6,37.0,38,2026-08-24
Pune,2026-08-24 06:00:00,4.3,8.4,126.0,4.8,5.0,37.0,38,2026-08-24
Pune,2026-08-24 07:00:00,5.0,10.0,150.0,5.5,5.4,38.0,38,2026-08-24
Pune,2026-08-24 08:00:00,6.2,12.2,164.0,5.6,5.7,41.0,39,2026-08-24
Pune,2026-08-24 09:00:00,8.2,17.1,158.0,4.8,5.6,49.0,39,2026-08-24
Pune,2026-08-24 10:00:00,10.2,21.8,141.0,3.4,5.3,61.0,40,2026-08-24
Pune,2026-08-24 11:00:00,11.1,22.8,129.0,2.4,5.0,69.0,40,2026-08-24
Pune,2026-08-24 12:00:00,11.2,22.8,126.0,1.9,4.7,73.0,41,2026-08-24
Pune,2026-08-24 13:00:00,10.4,20.8,127.0,1.7,4.3,74.0,41,2026-08-24
Pune,2026-08-24 14:00:00,10.2,20.4,130.0,1.9,4.1,73.0,41,2026-08-24
Pune,2026-08-24 15:00:00,9.6,19.1,133.0,2.4,4.1,69.0,42,2026-08-24
Pune,2026-08-24 16:00:00,9.1,17.3,138.0,3.3,4.3,61.0,42,2026-08-24
Pune,2026-08-24 17:00:00,11.3,25.2,145.0,4.5,4.6,53.0,43,2026-08-24
Pune,2026-08-24 18:00:00,11.2,22.9,158.0,6.4,5.4,47.0,43,2026-08-24
Pune,2026-08-24 19:00:00,10.8,21.0,173.0,8.9,6.5,40.0,44,2026-08-24
Pune,2026-08-24 20:00:00,11.1,21.0,181.0,10.7,7.3,34.0,45,2026-08-24
Pune,2026-08-24 21:00:00,11.1,21.4,175.0,11.2,7.5,32.0,45,2026-08-24
Pune,2026-08-24 22:00:00,11.5,21.1,161.0,10.9,7.4,31.0,46,2026-08-24
Pune,2026-08-24 23:00:00,10.7,20.1,147.0,10.3,7.2,31.0,46,2026-08-24
Pune,2026-08-25 00:00:00,7.9,15.3,136.0,9.1,6.8,31.0,47,2026-08-25
Pune,2026-08-25 01:00:00,6.2,12.0,125.0,7.5,6.2,32.0,47,2026-08-25
Pune,2026-08-25 02:00:00,5.5,11.1,117.0,6.3,5.8,33.0,47,2026-08-25
Pune,2026-08-25 03:00:00,4.4,8.7,112.0,5.7,5.6,33.0,47,2026-08-25
Pune,2026-08-25 04:00:00,3.5,7.2,109.0,5.5,5.5,33.0,47,2026-08-25
Pune,2026-08-25 05:00:00,3.5,7.5,113.0,4.8,4.7,35.0,47,2026-08-25
Pune,2026-08-25 06:00:00,3.5,6.8,130.0,5.3,5.1,35.0,47,2026-08-25
Pune,2026-08-25 07:00:00,4.1,8.1,153.0,5.8,5.6,36.0,47,2026-08-25
Pune,2026-08-25 08:00:00,5.3,11.6,166.0,5.9,5.9,40.0,47,2026-08-25
Pune,2026-08-25 09:00:00,8.2,19.3,160.0,5.0,5.7,48.0,47,2026-08-25
Pune,2026-08-25 10:00:00,10.3,24.6,144.0,3.5,5.3,60.0,47,2026-08-25
Pune,2026-08-25 11:00:00,11.5,27.6,132.0,2.4,4.9,68.0,47,2026-08-25
Pune,2026-08-25 12:00:00,12.2,28.9,129.0,1.9,4.5,72.0,47,2026-08-25
Pune,2026-08-25 13:00:00,12.6,31.1,129.0,1.8,4.2,74.0,47,2026-08-25
Pune,2026-08-25 14:00:00,12.3,29.8,131.0,2.0,4.0,73.0,48,2026-08-25
Pune,2026-08-25 15:00:00,11.2,25.7,133.0,2.6,4.0,70.0,48,2026-08-25
Pune,2026-08-25 16:00:00,11.0,24.7,136.0,3.5,4.1,64.0,48,2026-08-25
Pune,2026-08-25 17:00:00,21.3,50.8,142.0,4.4,4.3,60.0,49,2026-08-25
Pune,2026-08-25 18:00:00,18.6,41.9,156.0,6.2,5.0,53.0,50,2026-08-25
Pune,2026-08-25 19:00:00,17.0,36.0,173.0,8.6,5.9,44.0,51,2026-08-25
Pune,2026-08-25 20:00:00,15.8,32.6,182.0,10.6,6.8,37.0,51,2026-08-25
Pune,2026-08-25 21:00:00,15.2,30.5,178.0,11.8,7.5,33.0,52,2026-08-25
Pune,2026-08-25 22:00:00,14.9,30.4,165.0,12.5,8.1,30.0,52,2026-08-25
Pune,2026-08-25 23:00:00,14.4,27.9,152.0,12.5,8.3,29.0,52,2026-08-25
Pune,2026-08-26 00:00:00,12.7,24.9,137.0,11.2,7.8,29.0,53,2026-08-26
Pune,2026-08-26 01:00:00,10.6,22.7,122.0,9.2,6.9,31.0,53,2026-08-26
Pune,2026-08-26 02:00:00,8.7,17.1,111.0,7.5,6.2,33.0,53,2026-08-26
Pune,2026-08-26 03:00:00,6.9,14.8,107.0,6.5,5.9,34.0,54,2026-08-26
Pune,2026-08-26 04:00:00,6.2,13.1,109.0,5.9,5.8,35.0,54,2026-08-26
Pune,2026-08-26 05:00:00,4.4,9.6,116.0,4.8,5.2,39.0,54,2026-08-26
Pune,2026-08-26 06:00:00,4.1,8.7,135.0,5.3,5.4,39.0,54,2026-08-26
Pune,2026-08-26 07:00:00,4.4,8.8,160.0,6.0,5.8,39.0,54,2026-08-26
Pune,2026-08-26 08:00:00,5.2,10.0,174.0,6.1,5.9,42.0,54,2026-08-26
Pune,2026-08-26 09:00:00,7.6,16.8,165.0,5.1,5.7,51.0,54,2026-08-26
Pune,2026-08-26 10:00:00,10.4,23.6,146.0,3.5,5.4,63.0,54,2026-08-26
Pune,2026-08-26 11:00:00,13.5,32.7,131.0,2.3,5.1,72.0,54,2026-08-26
Pune,2026-08-26 12:00:00,15.4,38.5,128.0,1.8,4.9,77.0,54,2026-08-26
Pune,2026-08-26 13:00:00,14.9,36.0,129.0,1.7,4.7,80.0,55,2026-08-26
Pune,2026-08-26 14:00:00,15.4,36.7,133.0,2.0,4.6,80.0,55,2026-08-26
Pune,2026-08-26 15:00:00,16.1,37.7,138.0,2.5,4.6,77.0,55,2026-08-26
Pune,2026-08-26 16:00:00,15.8,35.7,146.0,3.4,4.8,71.0,55,2026-08-26
Pune,2026-08-26 17:00:00,17.6,41.3,154.0,4.2,4.4,64.0,56,2026-08-26
Pune,2026-08-26 18:00:00,16.4,36.2,164.0,6.6,5.3,56.0,55,2026-08-26
Pune,2026-08-26 19:00:00,15.5,30.7,175.0,9.8,6.5,45.0,55,2026-08-26
Pune,2026-08-26 20:00:00,13.8,25.5,180.0,12.2,7.5,36.0,55,2026-08-26
Pune,2026-08-26 21:00:00,11.2,19.2,176.0,13.0,8.1,31.0,55,2026-08-26
Pune,2026-08-26 22:00:00,9.0,14.1,165.0,12.8,8.4,29.0,55,2026-08-26
Pune,2026-08-26 23:00:00,7.0,10.9,153.0,12.0,8.3,28.0,54,2026-08-26
Pune,2026-08-27 00:00:00,5.1,9.2,137.0,10.1,7.4,30.0,54,2026-08-27
Pune,2026-08-27 01:00:00,4.2,9.5,119.0,7.4,6.1,33.0,53,2026-08-27
Pune,2026-08-27 02:00:00,3.8,8.8,106.0,5.5,5.2,36.0,53,2026-08-27
Pune,2026-08-27 03:00:00,3.2,6.9,101.0,5.0,5.0,36.0,52,2026-08-27
Pune,2026-08-27 04:00:00,2.6,4.9,101.0,5.1,5.1,36.0,52,2026-08-27
Pune,2026-08-27 05:00:00,3.7,8.5,106.0,4.5,4.5,39.0,52,2026-08-27
Pune,2026-08-27 06:00:00,3.8,7.5,121.0,4.7,4.6,40.0,52,2026-08-27
Pune,2026-08-27 07:00:00,4.0,8.5,142.0,4.9,4.7,42.0,52,2026-08-27
Pune,2026-08-27 08:00:00,6.9,16.9,154.0,4.8,4.7,45.0,52,2026-08-27
Pune,2026-08-27 09:00:00,10.2,26.1,148.0,4.0,4.5,51.0,52,2026-08-27
Pune,2026-08-27 10:00:00,11.1,27.0,133.0,2.8,4.1,59.0,52,2026-08-27
Pune,2026-08-27 11:00:00,11.4,28.5,122.0,2.0,3.8,65.0,52,2026-08-27
Pune,2026-08-27 12:00:00,11.6,28.2,120.0,1.7,3.6,68.0,52,2026-08-27
Pune,2026-08-27 13:00:00,10.7,24.3,121.0,1.8,3.5,69.0,51,2026-08-27
Pune,2026-08-27 14:00:00,9.1,18.9,125.0,2.1,3.5,68.0,51,2026-08-27
Pune,2026-08-27 15:00:00,8.7,18.5,133.0,2.3,3.5,65.0,51,2026-08-27
Pune,2026-08-27 16:00:00,8.7,19.6,143.0,2.7,3.6,59.0,50,2026-08-27
Pune,2026-08-27 17:00:00,8.1,17.7,152.0,4.1,4.1,53.0,48,2026-08-27
Pune,2026-08-27 18:00:00,8.2,16.0,160.0,7.6,5.3,45.0,46,2026-08-27
Pune,2026-08-27 19:00:00,8.9,15.2,167.0,12.0,6.9,37.0,44,2026-08-27
Pune,2026-08-27 20:00:00,9.9,15.0,170.0,14.9,8.1,31.0,43,2026-08-27
Pune,2026-08-27 21:00:00,8.9,13.0,166.0,14.7,8.4,29.0,42,2026-08-27
Pune,2026-08-27 22:00:00,7.2,10.3,157.0,13.0,8.3,30.0,41,2026-08-27
Pune,2026-08-27 23:00:00,6.0,8.2,147.0,11.2,8.0,31.0,41,2026-08-27
Pune,2026-08-28 00:00:00,4.8,6.5,135.0,9.8,7.6,32.0,41,2026-08-28
Pune,2026-08-28 01:00:00,3.2,4.5,121.0,8.4,7.1,33.0,41,2026-08-28
Pune,2026-08-28 02:00:00,2.5,3.3,110.0,7.3,6.7,34.0,40,2026-08-28
Pune,2026-08-28 03:00:00,2.2,2.7,102.0,6.9,6.5,33.0,40,2026-08-28
Pune,2026-08-28 04:00:00,1.8,2.1,97.0,6.8,6.3,32.0,40,2026-08-28
Pune,2026-08-28 05:00:00,3.3,6.6,99.0,4.2,4.3,39.0,40,2026-08-28
Pune,2026-08-28 06:00:00,3.3,7.3,114.0,4.5,4.5,40.0,40,2026-08-28
Pune,2026-08-28 07:00:00,4.3,8.9,135.0,4.8,4.7,40.0,40,2026-08-28
Pune,2026-08-28 08:00:00,6.5,16.2,148.0,4.8,4.8,43.0,40,2026-08-28
Pune,2026-08-28 09:00:00,8.6,21.4,144.0,4.0,4.5,49.0,39,2026-08-28
Pune,2026-08-28 10:00:00,8.8,20.9,131.0,2.9,4.1,56.0,39,2026-08-28
Pune,2026-08-28 11:00:00,6.5,13.7,121.0,2.1,3.7,61.0,39,2026-08-28
Pune,2026-08-28 12:00:00,4.1,8.2,118.0,1.7,3.5,63.0,37,2026-08-28
Pune,2026-08-28 13:00:00,4.2,8.1,119.0,1.7,3.3,63.0,36,2026-08-28
Pune,2026-08-28 14:00:00,4.6,9.3,123.0,2.0,3.3,61.0,34,2026-08-28
Pune,2026-08-28 15:00:00,4.6,10.2,133.0,2.7,3.5,58.0,33,2026-08-28
Pune,2026-08-28 16:00:00,5.0,10.6,145.0,3.9,3.8,54.0,32,2026-08-28
Pune,2026-08-28 17:00:00,4.8,8.5,155.0,4.5,4.3,51.0,31,2026-08-28
Pune,2026-08-28 18:00:00,5.8,10.6,159.0,6.8,5.1,46.0,31,2026-08-28
Pune,2026-08-28 19:00:00,6.9,11.2,160.0,9.8,6.3,38.0,30,2026-08-28
Pune,2026-08-28 20:00:00,7.9,12.6,158.0,11.8,7.1,33.0,30,2026-08-28
Pune,2026-08-28 21:00:00,8.3,12.8,151.0,11.7,7.2,31.0,29,2026-08-28
Pune,2026-08-28 22:00:00,6.9,10.4,140.0,10.6,6.9,31.0,29,2026-08-28
Pune,2026-08-28 23:00:00,5.0,7.1,129.0,9.4,6.6,31.0,29,2026-08-28
Pune,2026-08-29 00:00:00,3.6,5.1,117.0,8.5,6.3,30.0,29,2026-08-29
Pune,2026-08-29 01:00:00,2.7,3.7,104.0,7.7,5.9,30.0,28,2026-08-29
Pune,2026-08-29 02:00:00,2.2,2.8,95.0,6.8,5.5,30.0,28,2026-08-29
Pune,2026-08-29 03:00:00,1.7,2.2,92.0,5.8,5.0,31.0,28,2026-08-29
Pune,2026-08-29 04:00:00,1.6,2.2,92.0,4.8,4.4,33.0,28,2026-08-29
Pune,2026-08-29 05:00:00,3.4,8.1,98.0,4.2,3.9,36.0,28,2026-08-29
Pune,2026-08-29 06:00:00,3.0,5.8,113.0,4.7,4.1,36.0,28,2026-08-29
Pune,2026-08-29 07:00:00,3.1,5.5,132.0,5.4,4.4,36.0,28,2026-08-29
Pune,2026-08-29 08:00:00,3.8,6.3,144.0,5.5,4.5,38.0,28,2026-08-29
Pune,2026-08-29 09:00:00,5.1,9.5,139.0,4.6,4.3,44.0,27,2026-08-29
Pune,2026-08-29 10:00:00,5.5,10.2,126.0,3.2,3.9,52.0,26,2026-08-29
Pune,2026-08-29 11:00:00,5.2,9.8,117.0,2.1,3.5,58.0,26,2026-08-29
Pune,2026-08-29 12:00:00,5.2,9.9,118.0,1.7,3.2,59.0,25,2026-08-29
Pune,2026-08-29 13:00:00,4.7,8.7,123.0,1.6,3.0,58.0,25,2026-08-29
Pune,2026-08-29 14:00:00,3.8,7.4,129.0,1.9,3.0,56.0,26,2026-08-29
Pune,2026-08-29 15:00:00,4.2,9.0,136.0,2.6,3.3,54.0,25,2026-08-29
Pune,2026-08-29 16:00:00,4.9,10.2,143.0,3.6,3.8,51.0,25,2026-08-29
Pune,2026-08-29 17:00:00,8.7,17.5,149.0,5.3,4.7,50.0,25,2026-08-29
Pune,2026-08-29 18:00:00,7.8,13.8,152.0,6.9,5.2,45.0,26,2026-08-29
Pune,2026-08-29 19:00:00,7.3,11.4,153.0,9.0,5.9,38.0,27,2026-08-29
Pune,2026-08-29 20:00:00,5.8,8.8,151.0,10.2,6.3,33.0,27,2026-08-29
Pune,2026-08-29 21:00:00,5.1,7.0,144.0,9.5,6.0,32.0,26,2026-08-29
Pune,2026-08-29 22:00:00,4.2,6.0,134.0,7.7,5.3,33.0,26,2026-08-29
Pune,2026-08-29 23:00:00,3.7,6.2,124.0,6.3,4.7,34.0,25,2026-08-29
Pune,2026-08-30 00:00:00,3.4,5.7,112.0,5.6,4.4,34.0,25,2026-08-30
Pune,2026-08-30 01:00:00,3.0,4.9,100.0,5.2,4.2,34.0,25,2026-08-30
Pune,2026-08-30 02:00:00,3.3,5.6,92.0,4.8,4.0,34.0,25,2026-08-30
Pune,2026-08-30 03:00:00,3.3,5.6,89.0,4.5,3.9,34.0,25,2026-08-30
Pune,2026-08-30 04:00:00,2.6,4.2,90.0,4.3,3.8,34.0,25,2026-08-30
Pune,2026-08-30 05:00:00,2.6,5.2,94.0,3.6,3.3,36.0,25,2026-08-30
Pune,2026-08-30 06:00:00,2.8,4.9,103.0,3.7,3.6,36.0,25,2026-08-30
Pune,2026-08-30 07:00:00,3.0,4.8,114.0,3.8,4.0,37.0,25,2026-08-30
Pune,2026-08-30 08:00:00,3.6,6.3,121.0,3.6,4.2,40.0,25,2026-08-30
Pune,2026-08-30 09:00:00,4.9,9.0,119.0,3.0,4.1,46.0,25,2026-08-30
Pune,2026-08-30 10:00:00,5.8,11.6,111.0,2.1,3.8,54.0,25,2026-08-30
Pune,2026-08-30 11:00:00,6.1,12.3,106.0,1.5,3.5,60.0,25,2026-08-30
Pune,2026-08-30 12:00:00,5.8,11.8,105.0,1.3,3.4,62.0,25,2026-08-30
Pune,2026-08-30 13:00:00,5.5,10.6,105.0,1.4,3.3,62.0,26,2026-08-30
Pune,2026-08-30 14:00:00,5.0,8.7,106.0,1.7,3.3,61.0,26,2026-08-30
Pune,2026-08-30 15:00:00,5.1,8.7,107.0,2.1,3.3,59.0,26,2026-08-30
Pune,2026-08-30 16:00:00,5.4,9.3,109.0,2.6,3.5,56.0,26,2026-08-30
Pune,2026-08-30 17:00:00,8.1,16.5,114.0,2.8,3.5,55.0,27,2026-08-30
Pune,2026-08-30 18:00:00,7.5,13.7,125.0,4.5,4.3,49.0,27,2026-08-30
Pune,2026-08-30 19:00:00,7.3,11.8,139.0,6.8,5.4,41.0,27,2026-08-30
Pune,2026-08-30 20:00:00,7.0,10.4,146.0,8.4,6.2,35.0,26,2026-08-30
Pune,2026-08-30 21:00:00,6.5,9.1,141.0,8.7,6.6,33.0,26,2026-08-30
Pune,2026-08-30 22:00:00,5.6,7.7,129.0,8.3,6.7,32.0,27,2026-08-30
Pune,2026-08-30 23:00:00,4.9,6.8,118.0,7.7,6.6,32.0,27,2026-08-30
Pune,2026-08-31 00:00:00,4.0,5.8,109.0,7.0,6.2,32.0,27,2026-08-31
Pune,2026-08-31 01:00:00,3.7,5.4,101.0,6.2,5.7,33.0,27,2026-08-31
Pune,2026-08-31 02:00:00,3.3,5.0,95.0,5.5,5.2,34.0,28,2026-08-31
Pune,2026-08-31 03:00:00,2.8,4.2,92.0,5.1,4.9,34.0,28,2026-08-31
Pune,2026-08-31 04:00:00,2.5,3.7,91.0,4.9,4.7,34.0,28,2026-08-31
Pune,2026-08-31 05:00:00,2.1,3.2,95.0,4.5,4.3,35.0,28,2026-08-31
Pune,2026-08-31 06:00:00,2.4,3.2,110.0,4.8,4.6,35.0,27,2026-08-31
Pune,2026-08-31 07:00:00,3.2,3.9,129.0,5.2,4.9,35.0,27,2026-08-31
Pune,2026-08-31 08:00:00,3.1,4.6,141.0,5.2,5.1,37.0,27,2026-08-31
Pune,2026-08-31 09:00:00,4.6,6.4,136.0,4.3,4.9,44.0,27,2026-08-31
Pune,2026-08-31 10:00:00,5.5,9.7,124.0,2.9,4.6,54.0,27,2026-08-31
Pune,2026-08-31 11:00:00,6.8,13.1,115.0,1.9,4.3,62.0,27,2026-08-31
Pune,2026-08-31 12:00:00,7.3,14.7,115.0,1.5,4.1,66.0,27,2026-08-31
Pune,2026-08-31 13:00:00,7.3,14.4,118.0,1.4,3.8,68.0,28,2026-08-31
Pune,2026-08-31 14:00:00,7.3,14.0,123.0,1.8,3.8,67.0,28,2026-08-31
Pune,2026-08-31 15:00:00,7.1,12.8,129.0,2.6,4.0,63.0,29,2026-08-31
Pune,2026-08-31 16:00:00,6.3,10.2,136.0,3.7,4.3,58.0,29,2026-08-31
Pune,2026-08-31 17:00:00,8.9,14.2,143.0,4.5,5.0,59.0,29,2026-08-31
Pune,2026-08-31 18:00:00,8.6,12.6,151.0,7.1,6.0,51.0,29,2026-08-31
Pune,2026-08-31 19:00:00,9.2,12.4,160.0,10.6,7.4,39.0,30,2026-08-31
Pune,2026-08-31 20:00:00,8.6,11.4,164.0,13.1,8.4,30.0,30,2026-08-31
Pune,2026-08-31 21:00:00,8.7,11.4,163.0,13.8,8.9,26.0,30,2026-08-31
Pune,2026-08-31 22:00:00,8.8,11.3,158.0,13.4,9.1,24.0,31,2026-08-31
Pune,2026-08-31 23:00:00,7.5,9.7,150.0,12.3,8.9,24.0,32,2026-08-31
Pune,2026-09-01 00:00:00,5.1,7.1,137.0,10.2,8.0,26.0,32,2026-09-01
Pune,2026-09-01 01:00:00,4.4,6.3,120.0,7.5,6.7,29.0,33,2026-09-01
Pune,2026-09-01 02:00:00,3.4,5.4,108.0,5.5,5.7,31.0,33,2026-09-01
Pune,2026-09-01 03:00:00,2.7,4.0,102.0,4.9,5.3,31.0,33,2026-09-01
Pune,2026-09-01 04:00:00,2.3,3.1,101.0,5.1,5.2,30.0,33,2026-09-01
Pune,2026-09-01 05:00:00,2.4,3.3,104.0,5.1,5.0,31.0,33,2026-09-01
Pune,2026-09-01 06:00:00,3.1,4.5,117.0,5.6,5.2,31.0,33,2026-09-01
Pune,2026-09-01 07:00:00,3.4,5.5,135.0,6.3,5.3,30.0,33,2026-09-01
Pune,2026-09-01 08:00:00,4.7,6.4,145.0,6.4,5.4,33.0,33,2026-09-01
Pune,2026-09-01 09:00:00,5.2,8.3,140.0,5.3,5.2,41.0,33,2026-09-01
Pune,2026-09-01 10:00:00,5.8,9.2,128.0,3.6,4.8,52.0,33,2026-09-01
Pune,2026-09-01 11:00:00,6.3,10.1,120.0,2.3,4.5,61.0,34,2026-09-01
Pune,2026-09-01 12:00:00,6.3,10.4,119.0,1.8,4.3,65.0,33,2026-09-01
Pune,2026-09-01 13:00:00,6.1,10.3,122.0,1.7,4.2,68.0,33,2026-09-01
Pune,2026-09-01 14:00:00,6.2,10.6,126.0,2.0,4.2,67.0,33,2026-09-01
Pune,2026-09-01 15:00:00,6.4,10.2,132.0,2.6,4.3,63.0,33,2026-09-01
Pune,2026-09-01 16:00:00,6.0,9.5,139.0,3.5,4.4,57.0,33,2026-09-01
Pune,2026-09-01 17:00:00,6.8,11.4,147.0,4.8,4.4,47.0,32,2026-09-01
Pune,2026-09-01 18:00:00,6.0,9.2,158.0,8.1,5.5,39.0,32,2026-09-01
Pune,2026-09-01 19:00:00,6.7,8.7,171.0,12.5,7.1,28.0,31,2026-09-01
Pune,2026-09-01 20:00:00,7.6,9.7,176.0,15.4,8.2,20.0,31,2026-09-01
Pune,2026-09-01 21:00:00,7.9,9.9,169.0,15.1,8.5,19.0,31,2026-09-01
Pune,2026-09-01 22:00:00,7.5,9.5,155.0,13.2,8.3,21.0,30,2026-09-01
Pune,2026-09-01 23:00:00,6.7,8.9,142.0,11.6,8.1,22.0,30,2026-09-01
Pune,2026-09-02 00:00:00,6.1,8.3,131.0,11.0,7.8,21.0,30,2026-09-02
Pune,2026-09-02 01:00:00,5.9,8.0,122.0,10.6,7.5,20.0,30,2026-09-02
Pune,2026-09-02 02:00:00,5.8,8.0,116.0,10.1,7.3,20.0,30,2026-09-02
Pune,2026-09-02 03:00:00,5.7,8.0,115.0,9.4,7.3,21.0,31,2026-09-02
Pune,2026-09-02 04:00:00,5.7,8.1,118.0,8.5,7.5,22.0,32,2026-09-02
Pune,2026-09-02 05:00:00,4.4,6.8,125.0,6.8,6.6,25.0,32,2026-09-02
Pune,2026-09-02 06:00:00,3.7,5.7,139.0,6.8,6.5,25.0,33,2026-09-02
Pune,2026-09-02 07:00:00,3.5,5.0,156.0,6.8,6.3,26.0,33,2026-09-02
Pune,2026-09-02 08:00:00,3.7,4.6,165.0,6.4,6.0,30.0,33,2026-09-02
Pune,2026-09-02 09:00:00,3.5,4.4,156.0,5.1,5.4,38.0,33,2026-09-02
Pune,2026-09-02 10:00:00,3.5,4.6,138.0,3.4,4.7,49.0,32,2026-09-02
Pune,2026-09-02 11:00:00,3.2,4.4,125.0,2.1,4.1,58.0,32,2026-09-02
Pune,2026-09-02 12:00:00,3.1,4.5,121.0,1.6,3.8,63.0,31,2026-09-02
Pune,2026-09-02 13:00:00,3.3,4.9,121.0,1.7,3.7,65.0,30,2026-09-02
Pune,2026-09-02 14:00:00,3.8,5.4,126.0,2.1,3.7,64.0,30,2026-09-02
Pune,2026-09-02 15:00:00,4.4,5.9,137.0,2.9,3.8,59.0,29,2026-09-02
Pune,2026-09-02 16:00:00,3.8,5.1,153.0,4.1,3.9,52.0,29,2026-09-02
Pune,2026-09-02 17:00:00,3.6,4.9,166.0,5.6,4.4,47.0,28,2026-09-02
Pune,2026-09-02 18:00:00,4.4,5.6,175.0,8.9,5.5,40.0,28,2026-09-02
Pune,2026-09-02 19:00:00,6.0,7.0,181.0,13.4,7.0,29.0,27,2026-09-02
Pune,2026-09-02 20:00:00,6.9,8.1,184.0,16.3,8.1,22.0,27,2026-09-02
Pune,2026-09-02 21:00:00,6.8,8.0,182.0,16.2,8.6,21.0,27,2026-09-02
Pune,2026-09-02 22:00:00,7.1,8.4,177.0,14.5,8.7,22.0,27,2026-09-02
Pune,2026-09-02 23:00:00,6.2,7.6,168.0,12.7,8.6,24.0,27,2026-09-02
Pune,2026-09-03 00:00:00,4.9,6.9,153.0,11.0,8.1,25.0,26,2026-09-03
Pune,2026-09-03 01:00:00,4.8,6.9,135.0,9.1,7.4,27.0,26,2026-09-03
Pune,2026-09-03 02:00:00,4.6,6.7,122.0,7.7,6.9,28.0,26,2026-09-03
Pune,2026-09-03 03:00:00,4.3,6.2,117.0,7.2,7.0,28.0,26,2026-09-03
Pune,2026-09-03 04:00:00,3.7,5.2,118.0,7.1,7.3,27.0,25,2026-09-03
Pune,2026-09-03 05:00:00,2.5,3.4,123.0,6.1,6.5,30.0,25,2026-09-03
Pune,2026-09-03 06:00:00,2.3,2.9,138.0,6.3,6.6,30.0,24,2026-09-03
Pune,2026-09-03 07:00:00,2.5,2.9,158.0,6.6,6.6,31.0,24,2026-09-03
Pune,2026-09-03 08:00:00,3.3,4.0,168.0,6.4,6.5,34.0,24,2026-09-03
Pune,2026-09-03 09:00:00,3.9,5.1,158.0,5.2,6.0,43.0,24,2026-09-03
Pune,2026-09-03 10:00:00,4.8,7.1,138.0,3.5,5.3,56.0,24,2026-09-03
Pune,2026-09-03 11:00:00,5.9,9.3,123.0,2.3,4.7,65.0,24,2026-09-03
Pune,2026-09-03 12:00:00,6.3,10.7,120.0,1.9,4.3,68.0,25,2026-09-03
Pune,2026-09-03 13:00:00,6.4,11.1,122.0,1.9,4.0,67.0,25,2026-09-03
Pune,2026-09-03 14:00:00,6.2,10.4,126.0,2.2,3.8,65.0,26,2026-09-03
Pune,2026-09-03 15:00:00,5.9,9.8,132.0,2.6,3.8,62.0,27,2026-09-03
Pune,2026-09-03 16:00:00,6.0,10.2,139.0,3.2,3.9,58.0,27,2026-09-03
Pune,2026-09-03 17:00:00,9.1,18.3,147.0,4.4,4.2,54.0,28,2026-09-03
Pune,2026-09-03 18:00:00,8.8,15.9,155.0,7.4,5.3,46.0,29,2026-09-03
Pune,2026-09-03 19:00:00,9.0,14.5,164.0,11.5,6.9,36.0,30,2026-09-03
Pune,2026-09-03 20:00:00,9.6,14.5,167.0,14.4,8.1,28.0,31,2026-09-03
Pune,2026-09-03 21:00:00,11.0,15.1,162.0,15.3,8.8,25.0,31,2026-09-03
Pune,2026-09-03 22:00:00,10.9,15.4,152.0,15.0,9.2,24.0,32,2026-09-03
Pune,2026-09-03 23:00:00,9.3,14.1,142.0,14.1,9.2,24.0,33,2026-09-03
Pune,2026-09-04 00:00:00,7.6,12.5,132.0,12.6,8.8,24.0,34,2026-09-04
Pune,2026-09-04 01:00:00,6.9,11.7,122.0,10.4,8.0,26.0,34,2026-09-04
Pune,2026-09-04 02:00:00,5.9,9.8,116.0,8.7,7.4,27.0,35,2026-09-04
Pune,2026-09-04 03:00:00,4.9,8.8,115.0,7.6,7.1,28.0,35,2026-09-04
Pune,2026-09-04 04:00:00,4.5,7.5,117.0,6.9,7.1,29.0,35,2026-09-04
Pune,2026-09-04 05:00:00,2.6,4.2,123.0,6.5,6.0,30.0,36,2026-09-04
Pune,2026-09-04 06:00:00,2.8,3.9,136.0,6.6,6.1,31.0,36,2026-09-04
Pune,2026-09-04 07:00:00,3.1,4.1,154.0,6.6,6.2,32.0,36,2026-09-04
Pune,2026-09-04 08:00:00,3.5,4.6,162.0,6.2,6.1,36.0,36,2026-09-04
Pune,2026-09-04 09:00:00,4.3,6.5,154.0,5.0,5.6,45.0,36,2026-09-04
Pune,2026-09-04 10:00:00,5.1,8.8,137.0,3.3,4.8,57.0,36,2026-09-04
Pune,2026-09-04 11:00:00,6.2,11.7,124.0,2.1,4.2,66.0,36,2026-09-04
Pune,2026-09-04 12:00:00,6.3,12.2,121.0,1.6,3.9,69.0,36,2026-09-04
Pune,2026-09-04 13:00:00,6.3,13.4,122.0,1.5,3.7,68.0,36,2026-09-04
Pune,2026-09-04 14:00:00,6.7,14.3,126.0,1.8,3.7,66.0,36,2026-09-04
Pune,2026-09-04 15:00:00,7.5,15.8,133.0,2.5,3.8,64.0,36,2026-09-04
Pune,2026-09-04 16:00:00,7.6,15.0,143.0,3.6,4.0,61.0,37,2026-09-04
Pune,2026-09-04 17:00:00,8.0,15.2,153.0,4.5,4.5,57.0,37,2026-09-04
Pune,2026-09-04 18:00:00,7.5,13.1,164.0,7.4,5.5,49.0,37,2026-09-04
Pune,2026-09-04 19:00:00,8.7,12.9,175.0,11.4,6.8,37.0,36,2026-09-04
Pune,2026-09-04 20:00:00,8.8,12.9,182.0,14.5,7.9,28.0,36,2026-09-04
Pune,2026-09-04 21:00:00,8.8,12.6,183.0,15.9,8.6,23.0,36,2026-09-04
Pune,2026-09-04 22:00:00,9.3,12.5,180.0,16.4,9.2,21.0,36,2026-09-04
Pune,2026-09-04 23:00:00,8.9,12.0,171.0,16.0,9.4,20.0,35,2026-09-04
Pune,2026-09-05 00:00:00,6.4,9.7,153.0,14.2,9.1,21.0,35,2026-09-05
Pune,2026-09-05 01:00:00,5.9,8.7,130.0,11.4,8.6,25.0,35,2026-09-05
Pune,2026-09-05 02:00:00,5.3,7.6,113.0,9.2,8.0,27.0,35,2026-09-05
Pune,2026-09-05 03:00:00,4.5,6.3,106.0,8.2,7.5,27.0,34,2026-09-05
Pune,2026-09-05 04:00:00,3.6,5.7,105.0,7.8,7.0,26.0,34,2026-09-05
Pune,2026-09-05 05:00:00,2.3,3.4,110.0,6.0,6.5,31.0,34,2026-09-05
Pune,2026-09-05 06:00:00,2.7,3.9,124.0,6.1,6.4,33.0,34,2026-09-05
Pune,2026-09-05 07:00:00,3.7,4.9,143.0,6.1,6.2,36.0,34,2026-09-05
Pune,2026-09-05 08:00:00,4.0,5.9,154.0,5.8,5.9,40.0,34,2026-09-05
Pune,2026-09-05 09:00:00,5.0,8.6,148.0,4.7,5.4,47.0,34,2026-09-05
Pune,2026-09-05 10:00:00,5.4,9.4,134.0,3.3,4.7,56.0,35,2026-09-05
Pune,2026-09-05 11:00:00,5.4,9.5,123.0,2.2,4.2,62.0,35,2026-09-05
Pune,2026-09-05 12:00:00,5.8,9.8,121.0,1.7,3.9,65.0,34,2026-09-05
Pune,2026-09-05 13:00:00,5.4,9.7,123.0,1.6,3.7,66.0,34,2026-09-05
Pune,2026-09-05 14:00:00,5.3,9.5,126.0,1.8,3.6,65.0,34,2026-09-05
Pune,2026-09-05 15:00:00,5.0,8.1,130.0,2.2,3.5,62.0,34,2026-09-05
Pune,2026-09-05 16:00:00,4.3,6.7,135.0,3.0,3.5,58.0,33,2026-09-05
Pune,2026-09-05 17:00:00,6.2,10.2,143.0,5.0,4.2,51.0,32,2026-09-05
Pune,2026-09-05 18:00:00,6.3,9.4,157.0,8.0,5.2,43.0,32,2026-09-05
Pune,2026-09-05 19:00:00,6.7,9.1,174.0,12.2,6.7,33.0,32,2026-09-05
Pune,2026-09-05 20:00:00,7.7,9.7,185.0,14.9,7.8,25.0,31,2026-09-05
Pune,2026-09-05 21:00:00,7.2,9.1,188.0,14.8,8.3,23.0,31,2026-09-05
Pune,2026-09-05 22:00:00,7.1,8.6,185.0,13.4,8.5,25.0,31,2026-09-05
Pune,2026-09-05 23:00:00,6.3,8.1,176.0,12.0,8.5,26.0,30,2026-09-05
Pune,2026-09-06 00:00:00,6.3,8.3,157.0,11.2,8.4,26.0,30,2026-09-06
Pune,2026-09-06 01:00:00,6.4,8.5,132.0,10.5,8.1,25.0,29,2026-09-06
Pune,2026-09-06 02:00:00,6.5,10.0,114.0,10.0,7.9,24.0,30,2026-09-06
Pune,2026-09-06 03:00:00,6.7,11.4,111.0,10.0,8.0,23.0,30,2026-09-06
Pune,2026-09-06 04:00:00,7.1,12.4,115.0,10.1,8.3,21.0,30,2026-09-06
Pune,2026-09-06 05:00:00,7.1,12.1,121.0,10.1,8.2,22.0,31,2026-09-06
Pune,2026-09-06 06:00:00,6.9,13.3,128.0,9.1,8.3,25.0,32,2026-09-06
Pune,2026-09-06 07:00:00,6.6,12.5,137.0,7.8,8.4,29.0,33,2026-09-06
Pune,2026-09-06 08:00:00,6.1,10.6,141.0,6.3,8.1,36.0,34,2026-09-06
Pune,2026-09-06 09:00:00,5.5,9.4,135.0,4.7,7.3,47.0,34,2026-09-06
Pune,2026-09-06 10:00:00,6.0,10.0,123.0,3.1,6.1,59.0,35,2026-09-06
Pune,2026-09-06 11:00:00,5.7,9.8,114.0,1.9,5.1,68.0,35,2026-09-06
Pune,2026-09-06 12:00:00,5.5,10.6,111.0,1.4,4.5,70.0,35,2026-09-06
Pune,2026-09-06 13:00:00,9.7,19.9,111.0,1.4,4.0,68.0,35,2026-09-06
Pune,2026-09-06 14:00:00,6.4,11.8,112.0,1.8,3.8,65.0,36,2026-09-06
Pune,2026-09-06 15:00:00,6.3,10.8,114.0,2.7,3.9,62.0,36,2026-09-06
Pune,2026-09-06 16:00:00,5.6,8.7,119.0,4.0,4.2,58.0,36,2026-09-06
Pune,2026-09-06 17:00:00,4.8,7.8,124.0,3.6,3.7,49.0,37,2026-09-06
Pune,2026-09-06 18:00:00,5.7,8.8,132.0,5.6,4.7,44.0,36,2026-09-06
Pune,2026-09-06 19:00:00,6.9,9.9,142.0,8.4,6.1,37.0,36,2026-09-06
Pune,2026-09-06 20:00:00,7.7,10.8,149.0,10.6,7.3,31.0,36,2026-09-06
Pune,2026-09-06 21:00:00,8.8,11.8,151.0,11.9,8.1,27.0,36,2026-09-06
Pune,2026-09-06 22:00:00,9.0,12.0,150.0,12.8,8.7,24.0,37,2026-09-06
Pune,2026-09-06 23:00:00,8.8,12.0,145.0,12.9,9.0,23.0,37,2026-09-06
Pune,2026-09-07 00:00:00,8.6,12.2,135.0,11.9,8.9,23.0,38,2026-09-07
Pune,2026-09-07 01:00:00,8.6,12.8,121.0,10.2,8.5,25.0,38,2026-09-07
Pune,2026-09-07 02:00:00,8.4,14.6,111.0,9.0,8.1,26.0,39,2026-09-07
Pune,2026-09-07 03:00:00,8.3,14.6,105.0,8.9,7.9,25.0,39,2026-09-07
Pune,2026-09-07 04:00:00,7.9,14.1,101.0,9.2,7.8,23.0,39,2026-09-07
Pune,2026-09-07 05:00:00,4.7,8.2,105.0,7.5,6.8,28.0,40,2026-09-07
Pune,2026-09-07 06:00:00,4.1,6.7,123.0,7.3,6.8,30.0,39,2026-09-07
Pune,2026-09-07 07:00:00,3.8,6.3,148.0,6.9,6.8,33.0,38,2026-09-07
Pune,2026-09-07 08:00:00,5.1,8.4,163.0,6.2,6.7,38.0,38,2026-09-07
Pune,2026-09-07 09:00:00,5.9,10.4,156.0,5.0,6.4,49.0,37,2026-09-07
Pune,2026-09-07 10:00:00,7.1,13.2,139.0,3.5,6.1,62.0,38,2026-09-07
Pune,2026-09-07 11:00:00,8.5,16.6,127.0,2.4,5.7,72.0,38,2026-09-07
Pune,2026-09-07 12:00:00,9.6,18.7,125.0,1.9,5.3,76.0,38,2026-09-07
Pune,2026-09-07 13:00:00,9.5,18.7,128.0,1.7,4.8,77.0,39,2026-09-07
Pune,2026-09-07 14:00:00,9.4,19.6,133.0,1.9,4.7,77.0,39,2026-09-07
Pune,2026-09-07 15:00:00,9.1,18.9,139.0,2.4,5.0,76.0,40,2026-09-07
Pune,2026-09-07 16:00:00,9.2,18.1,147.0,3.2,5.7,73.0,41,2026-09-07
Pune,2026-09-07 17:00:00,13.4,27.9,160.0,4.7,5.7,69.0,42,2026-09-07
Pune,2026-09-07 18:00:00,13.4,24.5,184.0,7.2,6.8,60.0,44,2026-09-07
Pune,2026-09-07 19:00:00,13.6,22.9,212.0,10.8,8.2,48.0,45,2026-09-07
Pune,2026-09-07 20:00:00,13.0,21.5,233.0,13.7,9.5,38.0,47,2026-09-07
Pune,2026-09-07 21:00:00,13.0,20.4,242.0,15.6,10.4,31.0,48,2026-09-07
Pune,2026-09-07 22:00:00,13.2,19.7,243.0,17.0,11.1,26.0,49,2026-09-07
Pune,2026-09-07 23:00:00,12.9,19.8,233.0,17.4,11.4,23.0,50,2026-09-07
Pune,2026-09-08 00:00:00,11.3,17.9,202.0,16.4,11.2,22.0,50,2026-09-08
Pune,2026-09-08 01:00:00,10.4,17.2,160.0,14.5,10.7,23.0,51,2026-09-08
Pune,2026-09-08 02:00:00,9.7,16.4,129.0,12.9,10.3,23.0,51,2026-09-08
Pune,2026-09-08 03:00:00,9.2,15.5,118.0,12.4,10.2,22.0,51,2026-09-08
Pune,2026-09-08 04:00:00,9.0,16.1,119.0,12.3,10.2,20.0,51,2026-09-08
Pune,2026-09-08 05:00:00,7.2,12.9,125.0,10.5,9.4,25.0,51,2026-09-08
Pune,2026-09-08 06:00:00,7.0,12.7,141.0,9.6,9.1,28.0,51,2026-09-08
Pune,2026-09-08 07:00:00,6.6,12.1,163.0,8.2,8.6,32.0,51,2026-09-08
Pune,2026-09-08 08:00:00,6.7,12.6,174.0,6.8,8.1,39.0,52,2026-09-08
Pune,2026-09-08 09:00:00,7.3,14.2,164.0,5.2,7.4,50.0,52,2026-09-08
Pune,2026-09-08 10:00:00,8.6,17.6,143.0,3.5,6.5,63.0,52,2026-09-08
Pune,2026-09-08 11:00:00,9.9,21.4,129.0,2.3,5.9,73.0,52,2026-09-08
Pune,2026-09-08 12:00:00,11.5,25.7,127.0,2.0,5.6,75.0,52,2026-09-08
Pune,2026-09-08 13:00:00,12.8,29.5,132.0,2.2,5.6,74.0,52,2026-09-08
Pune,2026-09-08 14:00:00,12.7,28.6,138.0,2.7,5.8,73.0,52,2026-09-08
Pune,2026-09-08 15:00:00,12.4,26.0,143.0,3.2,6.4,76.0,53,2026-09-08
Pune,2026-09-08 16:00:00,12.3,24.0,150.0,3.9,7.2,79.0,53,2026-09-08
Pune,2026-09-08 17:00:00,18.4,36.6,162.0,5.9,9.0,75.0,53,2026-09-08
Pune,2026-09-08 18:00:00,17.6,32.9,183.0,9.1,10.3,66.0,54,2026-09-08
Pune,2026-09-08 19:00:00,17.3,29.8,208.0,13.5,12.0,54.0,54,2026-09-08
Pune,2026-09-08 20:00:00,17.1,27.8,228.0,17.0,13.5,44.0,54,2026-09-08
Pune,2026-09-08 21:00:00,17.2,27.3,241.0,18.7,14.4,38.0,55,2026-09-08
Pune,2026-09-08 22:00:00,17.8,27.2,249.0,19.4,15.1,35.0,55,2026-09-08
Pune,2026-09-08 23:00:00,17.3,27.0,245.0,19.4,15.5,32.0,55,2026-09-08
Pune,2026-09-09 00:00:00,15.9,25.7,219.0,18.2,15.5,31.0,56,2026-09-09
Pune,2026-09-09 01:00:00,15.8,26.0,180.0,16.3,15.3,30.0,56,2026-09-09
Pune,2026-09-09 02:00:00,15.4,25.8,150.0,14.8,15.0,29.0,56,2026-09-09
Pune,2026-09-09 03:00:00,14.8,24.9,134.0,14.5,14.8,26.0,57,2026-09-09
Pune,2026-09-09 04:00:00,14.1,23.7,126.0,14.6,14.5,22.0,57,2026-09-09
Pune,2026-09-09 05:00:00,10.3,18.3,128.0,12.9,15.6,25.0,58,2026-09-09
Pune,2026-09-09 06:00:00,10.2,17.8,146.0,11.7,15.2,27.0,58,2026-09-09
Pune,2026-09-09 07:00:00,10.8,19.0,174.0,10.0,14.7,29.0,58,2026-09-09
Pune,2026-09-09 08:00:00,9.2,17.3,189.0,8.2,13.8,36.0,59,2026-09-09
Pune,2026-09-09 09:00:00,9.7,18.7,178.0,6.3,12.3,49.0,59,2026-09-09
Pune,2026-09-09 10:00:00,10.9,21.2,154.0,4.4,10.6,66.0,59,2026-09-09
Pune,2026-09-09 11:00:00,12.2,24.3,138.0,3.0,9.2,81.0,59,2026-09-09
Pune,2026-09-09 12:00:00,13.2,26.7,140.0,2.3,8.5,92.0,59,2026-09-09
Pune,2026-09-09 13:00:00,13.7,27.1,149.0,2.0,8.1,101.0,59,2026-09-09
Pune,2026-09-09 14:00:00,14.2,27.0,158.0,2.2,8.1,106.0,59,2026-09-09
Pune,2026-09-09 15:00:00,14.7,27.7,162.0,2.7,8.3,108.0,60,2026-09-09
Pune,2026-09-09 16:00:00,15.0,26.8,165.0,3.7,8.9,106.0,60,2026-09-09
Pune,2026-09-09 17:00:00,22.8,47.3,174.0,5.4,9.7,104.0,60,2026-09-09
Pune,2026-09-09 18:00:00,21.2,39.0,197.0,7.9,11.0,93.0,60,2026-09-09
Pune,2026-09-09 19:00:00,20.0,33.3,227.0,11.4,12.9,78.0,61,2026-09-09
Pune,2026-09-09 20:00:00,19.0,30.7,242.0,14.8,14.6,63.0,61,2026-09-09
Pune,2026-09-09 21:00:00,18.4,29.1,233.0,18.2,15.8,50.0,61,2026-09-09
Pune,2026-09-09 22:00:00,18.6,27.9,210.0,21.6,16.8,37.0,61,2026-09-09
Pune,2026-09-09 23:00:00,19.0,27.1,186.0,23.7,17.6,28.0,61,2026-09-09
Pune,2026-09-10 00:00:00,17.6,25.1,161.0,23.5,18.2,23.0,61,2026-09-10
Pune,2026-09-10 01:00:00,16.6,24.4,134.0,21.9,18.6,22.0,61,2026-09-10
Pune,2026-09-10 02:00:00,16.1,24.2,116.0,20.7,19.0,20.0,61,2026-09-10
Pune,2026-09-10 03:00:00,15.8,23.7,111.0,20.8,19.7,16.0,62,2026-09-10
Pune,2026-09-10 04:00:00,15.9,24.4,116.0,21.1,20.4,13.0,62,2026-09-10
Pune,2026-09-10 05:00:00,10.6,17.9,128.0,14.8,19.1,18.0,62,2026-09-10
Pune,2026-09-10 06:00:00,9.7,16.5,154.0,13.2,18.2,20.0,62,2026-09-10
Pune,2026-09-10 07:00:00,9.1,15.8,187.0,11.0,16.9,23.0,62,2026-09-10
Pune,2026-09-10 08:00:00,8.7,15.0,206.0,8.8,15.4,31.0,62,2026-09-10
Pune,2026-09-10 09:00:00,9.3,16.4,199.0,6.7,13.7,48.0,62,2026-09-10
Pune,2026-09-10 10:00:00,11.1,20.4,178.0,4.6,11.8,70.0,62,2026-09-10
Pune,2026-09-10 11:00:00,12.7,23.3,162.0,3.1,10.3,87.0,62,2026-09-10
Pune,2026-09-10 12:00:00,13.0,23.5,157.0,2.5,9.3,94.0,62,2026-09-10
Pune,2026-09-10 13:00:00,11.8,20.3,157.0,2.4,8.7,95.0,62,2026-09-10
Pune,2026-09-10 14:00:00,12.9,22.0,164.0,2.8,8.7,96.0,61,2026-09-10
Pune,2026-09-10 15:00:00,10.9,17.9,181.0,3.4,9.3,98.0,61,2026-09-10
Pune,2026-09-10 16:00:00,12.2,19.9,206.0,4.4,10.5,98.0,61,2026-09-10
Pune,2026-09-10 17:00:00,17.6,28.8,234.0,6.5,11.7,91.0,61,2026-09-10
Pune,2026-09-10 18:00:00,18.5,29.6,272.0,8.9,13.4,86.0,60,2026-09-10
Pune,2026-09-10 19:00:00,19.4,29.2,313.0,12.4,15.7,80.0,60,2026-09-10
Pune,2026-09-10 20:00:00,19.9,29.0,337.0,15.3,17.9,73.0,60,2026-09-10
Pune,2026-09-10 21:00:00,20.3,28.0,335.0,17.4,19.7,66.0,60,2026-09-10
Pune,2026-09-10 22:00:00,21.1,29.2,316.0,19.0,21.5,59.0,60,2026-09-10
Pune,2026-09-10 23:00:00,21.2,28.8,288.0,19.9,22.8,53.0,61,2026-09-10
Pune,2026-09-11 00:00:00,20.7,27.3,247.0,19.6,23.7,48.0,61,2026-09-11
Pune,2026-09-11 01:00:00,20.5,27.8,197.0,18.6,24.2,43.0,61,2026-09-11
Pune,2026-09-11 02:00:00,20.0,27.7,159.0,17.8,24.5,38.0,61,2026-09-11
Pune,2026-09-11 03:00:00,20.3,28.2,142.0,17.9,24.7,32.0,62,2026-09-11
Pune,2026-09-11 04:00:00,20.3,28.6,137.0,18.2,24.7,25.0,62,2026-09-11
Pune,2026-09-11 05:00:00,15.3,23.7,140.0,16.8,25.7,24.0,62,2026-09-11
Pune,2026-09-11 06:00:00,14.1,22.1,154.0,15.4,24.8,24.0,63,2026-09-11
Pune,2026-09-11 07:00:00,13.9,22.5,174.0,13.4,23.5,25.0,63,2026-09-11
Pune,2026-09-11 08:00:00,13.4,24.5,187.0,11.1,21.3,32.0,63,2026-09-11
Pune,2026-09-11 09:00:00,14.2,27.8,183.0,8.3,17.7,49.0,64,2026-09-11
Pune,2026-09-11 10:00:00,15.9,31.5,170.0,5.3,13.2,72.0,64,2026-09-11
Pune,2026-09-11 11:00:00,17.9,36.9,160.0,3.0,9.8,91.0,64,2026-09-11
Pune,2026-09-11 12:00:00,19.3,41.1,153.0,2.0,8.0,101.0,65,2026-09-11
Pune,2026-09-11 13:00:00,20.1,42.8,147.0,1.8,7.2,107.0,65,2026-09-11
Pune,2026-09-11 14:00:00,18.7,37.7,151.0,2.1,7.1,111.0,66,2026-09-11
Pune,2026-09-11 15:00:00,17.6,33.8,172.0,2.8,7.7,115.0,66,2026-09-11
Pune,2026-09-11 16:00:00,17.2,29.9,203.0,4.0,9.1,117.0,67,2026-09-11
Pune,2026-09-11 17:00:00,17.3,28.8,225.0,5.4,9.9,117.0,67,2026-09-11
Pune,2026-09-11 18:00:00,17.6,25.3,230.0,9.2,12.2,108.0,67,2026-09-11
Pune,2026-09-11 19:00:00,18.8,23.5,227.0,14.5,15.4,96.0,67,2026-09-11
Pune,2026-09-11 20:00:00,20.5,24.4,225.0,18.5,18.1,85.0,67,2026-09-11
Pune,2026-09-11 21:00:00,21.1,24.7,230.0,20.1,19.9,76.0,67,2026-09-11
Pune,2026-09-11 22:00:00,21.0,24.8,237.0,20.4,21.1,68.0,67,2026-09-11
Pune,2026-09-11 23:00:00,20.6,24.4,231.0,20.2,22.1,60.0,67,2026-09-11
Pune,2026-09-12 00:00:00,18.8,22.6,202.0,19.5,22.7,52.0,67,2026-09-12
Pune,2026-09-12 01:00:00,17.8,21.9,161.0,18.3,22.9,45.0,67,2026-09-12
Pune,2026-09-12 02:00:00,17.5,22.3,132.0,17.5,23.2,38.0,67,2026-09-12
Pune,2026-09-12 03:00:00,16.5,21.4,124.0,17.8,24.0,31.0,67,2026-09-12
Pune,2026-09-12 04:00:00,15.6,20.3,128.0,18.4,24.8,25.0,66,2026-09-12
Pune,2026-09-12 05:00:00,12.2,17.3,139.0,16.8,25.2,24.0,66,2026-09-12
Pune,2026-09-12 06:00:00,10.8,15.9,162.0,15.0,23.9,24.0,66,2026-09-12
Pune,2026-09-12 07:00:00,9.9,16.4,192.0,12.5,22.1,24.0,66,2026-09-12
Pune,2026-09-12 08:00:00,9.9,17.2,211.0,10.1,20.0,30.0,65,2026-09-12
Pune,2026-09-12 09:00:00,10.5,18.5,210.0,7.9,17.6,46.0,65,2026-09-12
Pune,2026-09-12 10:00:00,11.5,19.8,197.0,5.8,14.9,68.0,65,2026-09-12
Pune,2026-09-12 11:00:00,12.9,21.8,183.0,4.2,12.7,87.0,64,2026-09-12
Pune,2026-09-12 12:00:00,13.4,21.9,166.0,3.3,11.2,100.0,64,2026-09-12
Pune,2026-09-12 13:00:00,13.0,19.8,147.0,3.0,10.1,109.0,64,2026-09-12
Pune,2026-09-12 14:00:00,12.4,17.5,137.0,3.2,9.5,114.0,63,2026-09-12
Pune,2026-09-12 15:00:00,12.8,16.5,141.0,3.8,9.4,113.0,62,2026-09-12
Pune,2026-09-12 16:00:00,12.0,15.4,153.0,5.0,9.8,107.0,62,2026-09-12
Pune,2026-09-12 17:00:00,9.9,11.6,166.0,9.5,8.1,77.0,62,2026-09-12
Pune,2026-09-12 18:00:00,10.2,12.6,178.0,11.3,8.6,66.0,61,2026-09-12
Pune,2026-09-12 19:00:00,10.0,12.7,189.0,13.8,9.4,52.0,61,2026-09-12
Pune,2026-09-12 20:00:00,10.1,13.8,196.0,15.3,9.9,40.0,60,2026-09-12
Pune,2026-09-12 21:00:00,9.1,12.6,196.0,15.2,10.1,34.0,59,2026-09-12
Pune,2026-09-12 22:00:00,8.0,10.8,190.0,14.1,10.1,31.0,58,2026-09-12
Pune,2026-09-12 23:00:00,6.2,8.9,181.0,12.9,9.9,29.0,57,2026-09-12
Pune,2026-09-13 00:00:00,5.1,7.7,166.0,11.7,9.2,27.0,56,2026-09-13
Pune,2026-09-13 01:00:00,4.7,7.4,146.0,10.3,8.3,26.0,55,2026-09-13
Pune,2026-09-13 02:00:00,4.0,6.5,131.0,9.2,7.5,26.0,54,2026-09-13
Pune,2026-09-13 03:00:00,3.8,6.4,121.0,8.4,6.9,26.0,53,2026-09-13
Pune,2026-09-13 04:00:00,3.8,6.5,114.0,7.9,6.4,27.0,52,2026-09-13
Pune,2026-09-13 05:00:00,5.7,10.6,117.0,8.3,7.2,25.0,51,2026-09-13
Pune,2026-09-13 06:00:00,5.5,11.0,138.0,8.3,6.8,26.0,50,2026-09-13
Pune,2026-09-13 07:00:00,6.0,10.9,168.0,8.3,6.2,27.0,50,2026-09-13
Pune,2026-09-13 08:00:00,5.1,8.8,186.0,7.9,5.7,29.0,49,2026-09-13
Pune,2026-09-13 09:00:00,4.7,7.7,178.0,6.9,5.5,33.0,48,2026-09-13
Pune,2026-09-13 10:00:00,4.2,7.1,157.0,5.6,5.4,38.0,46,2026-09-13
Pune,2026-09-13 11:00:00,4.9,8.6,140.0,4.6,5.3,42.0,45,2026-09-13
Pune,2026-09-13 12:00:00,5.6,9.6,133.0,4.2,5.0,43.0,43,2026-09-13
Pune,2026-09-13 13:00:00,5.8,10.1,130.0,4.1,4.5,43.0,41,2026-09-13
Pune,2026-09-13 14:00:00,5.0,8.7,131.0,4.4,4.3,42.0,39,2026-09-13
Pune,2026-09-13 15:00:00,4.6,7.6,137.0,5.2,4.3,40.0,38,2026-09-13
Pune,2026-09-13 16:00:00,4.8,7.7,148.0,6.4,4.6,37.0,36,2026-09-13
Pune,2026-09-13 17:00:00,6.1,13.0,156.0,4.2,3.9,46.0,34,2026-09-13
Pune,2026-09-13 18:00:00,5.7,10.2,161.0,5.7,4.6,42.0,33,2026-09-13
Pune,2026-09-13 19:00:00,5.9,9.3,164.0,7.9,5.5,36.0,32,2026-09-13
Pune,2026-09-13 20:00:00,5.7,8.8,165.0,9.4,6.2,31.0,31,2026-09-13
Pune,2026-09-13 21:00:00,5.9,9.0,162.0,9.9,6.5,29.0,30,2026-09-13
Pune,2026-09-13 22:00:00,5.7,8.8,157.0,9.7,6.7,27.0,29,2026-09-13
Pune,2026-09-13 23:00:00,5.6,8.3,149.0,9.3,6.6,27.0,29,2026-09-13
Jaipur,2026-08-15 00:00:00,26.7,31.3,383.0,30.9,10.0,34.0,89,2026-08-15
Jaipur,2026-08-15 01:00:00,23.8,28.2,311.0,26.5,8.6,35.0,89,2026-08-15
Jaipur,2026-08-15 02:00:00,23.1,27.6,257.0,23.0,7.6,35.0,89,2026-08-15
Jaipur,2026-08-15 03:00:00,24.0,29.3,235.0,21.0,7.2,34.0,89,2026-08-15
Jaipur,2026-08-15 04:00:00,22.5,28.8,233.0,20.1,7.2,31.0,90,2026-08-15
Jaipur,2026-08-15 05:00:00,17.8,25.0,232.0,14.0,6.0,38.0,90,2026-08-15
Jaipur,2026-08-15 06:00:00,17.9,27.1,230.0,12.4,5.7,40.0,88,2026-08-15
Jaipur,2026-08-15 07:00:00,19.8,32.0,230.0,10.2,5.3,43.0,86,2026-08-15
Jaipur,2026-08-15 08:00:00,22.9,40.7,225.0,8.0,5.0,51.0,84,2026-08-15
Jaipur,2026-08-15 09:00:00,36.6,142.5,210.0,5.9,4.7,66.0,82,2026-08-15
Jaipur,2026-08-15 10:00:00,46.7,212.8,191.0,4.0,4.5,85.0,82,2026-08-15
Jaipur,2026-08-15 11:00:00,44.6,196.0,179.0,2.5,4.3,101.0,83,2026-08-15
Jaipur,2026-08-15 12:00:00,40.6,174.6,174.0,1.8,4.2,110.0,85,2026-08-15
Jaipur,2026-08-15 13:00:00,34.1,118.0,175.0,1.5,4.0,115.0,87,2026-08-15
Jaipur,2026-08-15 14:00:00,31.2,91.5,195.0,1.9,4.0,117.0,87,2026-08-15
Jaipur,2026-08-15 15:00:00,28.9,73.6,240.0,2.5,3.9,116.0,88,2026-08-15
Jaipur,2026-08-15 16:00:00,26.7,58.7,304.0,3.7,3.8,112.0,89,2026-08-15
Jaipur,2026-08-15 17:00:00,21.4,32.7,373.0,9.2,3.8,86.0,90,2026-08-15
Jaipur,2026-08-15 18:00:00,22.7,30.4,461.0,12.9,4.5,76.0,90,2026-08-15
Jaipur,2026-08-15 19:00:00,24.3,31.9,554.0,18.0,5.4,61.0,90,2026-08-15
Jaipur,2026-08-15 20:00:00,23.7,31.2,607.0,21.2,6.1,50.0,89,2026-08-15
Jaipur,2026-08-15 21:00:00,22.8,29.7,594.0,20.9,6.3,44.0,88,2026-08-15
Jaipur,2026-08-15 22:00:00,21.9,28.9,540.0,18.8,6.3,42.0,86,2026-08-15
Jaipur,2026-08-15 23:00:00,20.8,28.8,472.0,16.7,6.1,40.0,85,2026-08-15
Jaipur,2026-08-16 00:00:00,20.0,30.0,387.0,15.0,5.8,40.0,84,2026-08-16
Jaipur,2026-08-16 01:00:00,19.8,32.8,289.0,13.2,5.3,40.0,83,2026-08-16
Jaipur,2026-08-16 02:00:00,20.1,36.6,214.0,11.9,4.9,41.0,83,2026-08-16
Jaipur,2026-08-16 03:00:00,20.1,38.2,180.0,11.3,4.7,40.0,83,2026-08-16
Jaipur,2026-08-16 04:00:00,20.0,38.5,170.0,11.2,4.5,39.0,82,2026-08-16
Jaipur,2026-08-16 05:00:00,20.5,41.0,167.0,9.7,3.9,41.0,82,2026-08-16
Jaipur,2026-08-16 06:00:00,20.4,41.1,170.0,8.8,4.0,43.0,82,2026-08-16
Jaipur,2026-08-16 07:00:00,21.6,41.2,181.0,7.6,4.2,47.0,83,2026-08-16
Jaipur,2026-08-16 08:00:00,23.6,50.5,186.0,6.2,4.3,53.0,83,2026-08-16
Jaipur,2026-08-16 09:00:00,53.0,284.1,178.0,4.7,4.4,65.0,83,2026-08-16
Jaipur,2026-08-16 10:00:00,59.8,325.0,165.0,3.1,4.5,80.0,84,2026-08-16
Jaipur,2026-08-16 11:00:00,62.9,340.9,155.0,1.9,4.5,91.0,85,2026-08-16
Jaipur,2026-08-16 12:00:00,34.1,114.6,152.0,1.4,4.2,96.0,87,2026-08-16
Jaipur,2026-08-16 13:00:00,44.2,223.5,151.0,1.3,3.8,98.0,86,2026-08-16
Jaipur,2026-08-16 14:00:00,26.6,81.3,155.0,1.6,3.5,98.0,87,2026-08-16
Jaipur,2026-08-16 15:00:00,23.1,58.4,160.0,2.2,3.3,95.0,86,2026-08-16
Jaipur,2026-08-16 16:00:00,21.2,46.8,169.0,3.2,3.2,90.0,86,2026-08-16
Jaipur,2026-08-16 17:00:00,25.0,58.6,187.0,4.4,3.5,83.0,86,2026-08-16
Jaipur,2026-08-16 18:00:00,42.7,190.0,225.0,7.7,4.3,73.0,86,2026-08-16
Jaipur,2026-08-16 19:00:00,44.8,182.1,271.0,12.3,5.3,59.0,87,2026-08-16
Jaipur,2026-08-16 20:00:00,44.7,171.8,296.0,15.8,6.1,47.0,89,2026-08-16
Jaipur,2026-08-16 21:00:00,45.9,180.7,281.0,17.1,6.4,41.0,91,2026-08-16
Jaipur,2026-08-16 22:00:00,44.8,175.6,244.0,17.3,6.3,37.0,93,2026-08-16
Jaipur,2026-08-16 23:00:00,43.7,174.6,208.0,16.9,6.2,35.0,94,2026-08-16
Jaipur,2026-08-17 00:00:00,43.5,188.1,179.0,16.1,6.0,34.0,96,2026-08-17
Jaipur,2026-08-17 01:00:00,42.6,190.9,151.0,14.7,5.7,34.0,98,2026-08-17
Jaipur,2026-08-17 02:00:00,43.1,206.3,133.0,13.3,5.4,35.0,100,2026-08-17
Jaipur,2026-08-17 03:00:00,45.5,233.8,131.0,12.0,5.1,36.0,102,2026-08-17
Jaipur,2026-08-17 04:00:00,47.7,252.4,139.0,10.6,4.8,39.0,105,2026-08-17
Jaipur,2026-08-17 05:00:00,44.5,227.2,148.0,8.9,4.5,43.0,108,2026-08-17
Jaipur,2026-08-17 06:00:00,44.0,228.6,157.0,8.4,4.7,45.0,110,2026-08-17
Jaipur,2026-08-17 07:00:00,45.3,238.4,167.0,7.6,5.0,48.0,113,2026-08-17
Jaipur,2026-08-17 08:00:00,43.9,244.0,172.0,6.6,5.1,54.0,115,2026-08-17
Jaipur,2026-08-17 09:00:00,45.6,253.3,169.0,5.1,4.7,65.0,119,2026-08-17
Jaipur,2026-08-17 10:00:00,44.5,243.1,161.0,3.4,4.1,79.0,118,2026-08-17
Jaipur,2026-08-17 11:00:00,43.1,231.0,155.0,2.1,3.6,89.0,116,2026-08-17
Jaipur,2026-08-17 12:00:00,37.3,198.4,153.0,1.6,3.3,93.0,114,2026-08-17
Jaipur,2026-08-17 13:00:00,37.5,202.1,152.0,1.6,3.1,93.0,116,2026-08-17
Jaipur,2026-08-17 14:00:00,47.4,253.3,157.0,1.9,3.0,91.0,115,2026-08-17
Jaipur,2026-08-17 15:00:00,43.0,244.9,168.0,2.2,2.9,89.0,119,2026-08-17
Jaipur,2026-08-17 16:00:00,44.7,258.9,184.0,2.9,2.9,86.0,123,2026-08-17
Jaipur,2026-08-17 17:00:00,55.4,290.6,203.0,5.4,3.3,77.0,127,2026-08-17
Jaipur,2026-08-17 18:00:00,53.9,257.0,232.0,9.1,4.2,68.0,132,2026-08-17
Jaipur,2026-08-17 19:00:00,52.7,230.0,264.0,14.3,5.4,55.0,133,2026-08-17
Jaipur,2026-08-17 20:00:00,50.9,211.4,283.0,18.4,6.3,44.0,134,2026-08-17
Jaipur,2026-08-17 21:00:00,47.8,189.5,277.0,20.7,6.8,37.0,135,2026-08-17
Jaipur,2026-08-17 22:00:00,42.1,143.4,258.0,21.9,7.1,32.0,135,2026-08-17
Jaipur,2026-08-17 23:00:00,36.7,105.5,237.0,22.1,7.1,29.0,135,2026-08-17
Jaipur,2026-08-18 00:00:00,33.2,95.9,218.0,21.0,6.8,28.0,133,2026-08-18
Jaipur,2026-08-18 01:00:00,32.5,110.8,198.0,18.8,6.2,29.0,131,2026-08-18
Jaipur,2026-08-18 02:00:00,36.1,153.2,184.0,16.7,5.7,31.0,130,2026-08-18
Jaipur,2026-08-18 03:00:00,41.3,200.7,178.0,15.0,5.4,33.0,129,2026-08-18
Jaipur,2026-08-18 04:00:00,44.9,226.8,177.0,13.4,5.3,35.0,128,2026-08-18
Jaipur,2026-08-18 05:00:00,42.7,203.0,178.0,10.4,4.5,41.0,127,2026-08-18
Jaipur,2026-08-18 06:00:00,41.0,182.1,183.0,9.9,4.8,43.0,127,2026-08-18
Jaipur,2026-08-18 07:00:00,43.7,179.3,190.0,9.2,5.3,46.0,126,2026-08-18
Jaipur,2026-08-18 08:00:00,43.4,198.8,191.0,8.1,5.4,52.0,125,2026-08-18
Jaipur,2026-08-18 09:00:00,52.0,266.4,179.0,6.1,5.0,64.0,124,2026-08-18
Jaipur,2026-08-18 10:00:00,35.7,129.9,161.0,3.7,4.3,78.0,124,2026-08-18
Jaipur,2026-08-18 11:00:00,37.3,156.5,149.0,2.0,3.7,89.0,122,2026-08-18
Jaipur,2026-08-18 12:00:00,39.2,174.2,146.0,1.3,3.4,95.0,120,2026-08-18
Jaipur,2026-08-18 13:00:00,38.8,178.3,149.0,1.3,3.2,97.0,120,2026-08-18
Jaipur,2026-08-18 14:00:00,38.5,183.0,157.0,2.0,3.1,96.0,119,2026-08-18
Jaipur,2026-08-18 15:00:00,36.8,174.6,160.0,3.1,3.1,92.0,118,2026-08-18
Jaipur,2026-08-18 16:00:00,34.6,160.7,167.0,5.0,3.3,85.0,118,2026-08-18
Jaipur,2026-08-18 17:00:00,32.2,136.4,210.0,8.0,3.3,74.0,117,2026-08-18
Jaipur,2026-08-18 18:00:00,30.0,93.4,335.0,15.9,5.0,60.0,114,2026-08-18
Jaipur,2026-08-18 19:00:00,32.2,79.2,495.0,26.7,7.3,42.0,112,2026-08-18
Jaipur,2026-08-18 20:00:00,34.3,71.7,581.0,34.7,9.0,27.0,110,2026-08-18
Jaipur,2026-08-18 21:00:00,36.7,68.5,524.0,37.8,9.8,21.0,108,2026-08-18
Jaipur,2026-08-18 22:00:00,38.1,65.4,392.0,38.2,10.1,18.0,107,2026-08-18
Jaipur,2026-08-18 23:00:00,35.0,58.0,283.0,36.1,9.8,19.0,106,2026-08-18
Jaipur,2026-08-19 00:00:00,36.8,100.4,233.0,30.3,8.6,23.0,106,2026-08-19
Jaipur,2026-08-19 01:00:00,43.5,167.2,205.0,22.2,6.9,30.0,106,2026-08-19
Jaipur,2026-08-19 02:00:00,48.7,208.6,187.0,16.1,5.6,35.0,108,2026-08-19
Jaipur,2026-08-19 03:00:00,48.0,203.0,175.0,14.4,5.0,34.0,109,2026-08-19
Jaipur,2026-08-19 04:00:00,41.3,153.2,173.0,14.8,4.9,30.0,110,2026-08-19
Jaipur,2026-08-19 05:00:00,42.7,154.1,177.0,10.7,4.0,40.0,109,2026-08-19
Jaipur,2026-08-19 06:00:00,36.9,109.0,191.0,10.6,4.6,42.0,109,2026-08-19
Jaipur,2026-08-19 07:00:00,34.9,82.0,211.0,10.3,5.5,45.0,109,2026-08-19
Jaipur,2026-08-19 08:00:00,33.4,89.9,220.0,9.4,6.0,52.0,108,2026-08-19
Jaipur,2026-08-19 09:00:00,38.2,136.9,207.0,7.2,5.7,65.0,107,2026-08-19
Jaipur,2026-08-19 10:00:00,43.3,169.0,182.0,4.4,5.1,82.0,105,2026-08-19
Jaipur,2026-08-19 11:00:00,44.8,134.6,163.0,2.3,4.6,95.0,106,2026-08-19
Jaipur,2026-08-19 12:00:00,37.7,122.5,156.0,1.6,4.4,103.0,107,2026-08-19
Jaipur,2026-08-19 13:00:00,38.5,127.1,154.0,1.7,4.3,108.0,107,2026-08-19
Jaipur,2026-08-19 14:00:00,38.5,130.9,157.0,2.1,4.2,109.0,107,2026-08-19
Jaipur,2026-08-19 15:00:00,33.2,91.5,157.0,2.2,3.9,108.0,107,2026-08-19
Jaipur,2026-08-19 16:00:00,30.4,77.1,163.0,2.6,3.7,103.0,106,2026-08-19
Jaipur,2026-08-19 17:00:00,54.4,175.1,193.0,8.7,4.1,84.0,106,2026-08-19
Jaipur,2026-08-19 18:00:00,59.0,192.3,280.0,14.7,5.2,70.0,108,2026-08-19
Jaipur,2026-08-19 19:00:00,58.9,169.0,393.0,23.0,6.7,50.0,111,2026-08-19
Jaipur,2026-08-19 20:00:00,57.2,133.2,456.0,29.1,7.9,35.0,114,2026-08-19
Jaipur,2026-08-19 21:00:00,56.5,117.8,425.0,31.5,8.4,27.0,116,2026-08-19
Jaipur,2026-08-19 22:00:00,54.7,106.6,346.0,31.7,8.6,23.0,119,2026-08-19
Jaipur,2026-08-19 23:00:00,53.6,121.5,278.0,30.5,8.4,22.0,120,2026-08-19
Jaipur,2026-08-20 00:00:00,54.5,163.9,244.0,27.2,7.6,23.0,122,2026-08-20
Jaipur,2026-08-20 01:00:00,50.6,156.0,222.0,22.4,6.5,27.0,124,2026-08-20
Jaipur,2026-08-20 02:00:00,47.5,153.7,205.0,18.6,5.6,30.0,125,2026-08-20
Jaipur,2026-08-20 03:00:00,46.8,166.2,188.0,17.2,5.2,29.0,125,2026-08-20
Jaipur,2026-08-20 04:00:00,43.9,154.6,176.0,16.8,5.1,28.0,125,2026-08-20
Jaipur,2026-08-20 05:00:00,39.6,135.5,178.0,14.4,4.7,32.0,125,2026-08-20
Jaipur,2026-08-20 06:00:00,37.6,122.5,210.0,13.5,5.2,35.0,124,2026-08-20
Jaipur,2026-08-20 07:00:00,35.7,89.4,255.0,12.3,5.9,39.0,125,2026-08-20
Jaipur,2026-08-20 08:00:00,33.2,85.2,279.0,10.5,6.2,48.0,125,2026-08-20
Jaipur,2026-08-20 09:00:00,36.4,122.0,257.0,7.8,5.8,64.0,125,2026-08-20
Jaipur,2026-08-20 10:00:00,33.8,95.9,213.0,4.7,5.0,83.0,124,2026-08-20
Jaipur,2026-08-20 11:00:00,33.6,90.3,181.0,2.4,4.4,99.0,123,2026-08-20
Jaipur,2026-08-20 12:00:00,33.3,86.1,171.0,1.6,4.2,108.0,122,2026-08-20
Jaipur,2026-08-20 13:00:00,32.6,82.2,172.0,1.8,4.1,113.0,122,2026-08-20
Jaipur,2026-08-20 14:00:00,32.0,79.2,185.0,2.3,4.1,115.0,121,2026-08-20
Jaipur,2026-08-20 15:00:00,31.1,75.2,215.0,3.0,4.2,115.0,121,2026-08-20
Jaipur,2026-08-20 16:00:00,30.2,70.1,258.0,4.0,4.4,113.0,120,2026-08-20
Jaipur,2026-08-20 17:00:00,29.5,62.4,301.0,7.5,4.5,102.0,120,2026-08-20
Jaipur,2026-08-20 18:00:00,30.0,54.7,351.0,10.6,5.2,89.0,118,2026-08-20
Jaipur,2026-08-20 19:00:00,30.5,52.4,402.0,14.9,6.2,72.0,115,2026-08-20
Jaipur,2026-08-20 20:00:00,30.7,51.8,419.0,17.7,6.8,58.0,112,2026-08-20
Jaipur,2026-08-20 21:00:00,30.4,50.9,374.0,17.6,6.7,52.0,109,2026-08-20
Jaipur,2026-08-20 22:00:00,41.4,149.9,296.0,16.0,6.2,51.0,106,2026-08-20
Jaipur,2026-08-20 23:00:00,56.0,249.6,233.0,14.5,5.7,49.0,105,2026-08-20
Jaipur,2026-08-21 00:00:00,55.3,239.3,207.0,13.7,5.3,47.0,105,2026-08-21
Jaipur,2026-08-21 01:00:00,52.3,219.3,197.0,13.1,4.9,44.0,105,2026-08-21
Jaipur,2026-08-21 02:00:00,50.5,211.9,190.0,12.8,4.7,42.0,105,2026-08-21
Jaipur,2026-08-21 03:00:00,47.7,197.0,181.0,13.3,4.7,38.0,106,2026-08-21
Jaipur,2026-08-21 04:00:00,44.4,175.1,175.0,14.0,4.9,34.0,106,2026-08-21
Jaipur,2026-08-21 05:00:00,47.3,205.8,177.0,11.5,4.4,40.0,106,2026-08-21
Jaipur,2026-08-21 06:00:00,45.6,197.9,196.0,10.8,4.7,42.0,107,2026-08-21
Jaipur,2026-08-21 07:00:00,46.4,200.2,222.0,9.8,5.1,45.0,107,2026-08-21
Jaipur,2026-08-21 08:00:00,46.7,223.1,236.0,8.5,5.2,53.0,109,2026-08-21
Jaipur,2026-08-21 09:00:00,50.9,258.9,223.0,6.6,4.9,68.0,110,2026-08-21
Jaipur,2026-08-21 10:00:00,48.1,238.0,197.0,4.3,4.4,87.0,111,2026-08-21
Jaipur,2026-08-21 11:00:00,43.7,203.5,178.0,2.6,4.0,103.0,113,2026-08-21
Jaipur,2026-08-21 12:00:00,35.9,137.8,172.0,1.9,3.8,113.0,114,2026-08-21
Jaipur,2026-08-21 13:00:00,32.0,104.3,173.0,1.7,3.7,119.0,114,2026-08-21
Jaipur,2026-08-21 14:00:00,35.5,139.2,180.0,1.9,3.6,122.0,114,2026-08-21
Jaipur,2026-08-21 15:00:00,29.2,84.8,190.0,2.0,3.4,122.0,115,2026-08-21
Jaipur,2026-08-21 16:00:00,27.0,68.9,207.0,2.4,3.3,119.0,114,2026-08-21
Jaipur,2026-08-21 17:00:00,34.8,123.4,244.0,5.7,3.7,108.0,114,2026-08-21
Jaipur,2026-08-21 18:00:00,30.5,72.2,330.0,11.6,4.9,92.0,115,2026-08-21
Jaipur,2026-08-21 19:00:00,32.2,64.0,437.0,19.7,6.5,70.0,115,2026-08-21
Jaipur,2026-08-21 20:00:00,31.3,53.2,492.0,25.3,7.7,52.0,115,2026-08-21
Jaipur,2026-08-21 21:00:00,28.6,44.4,450.0,26.1,8.1,44.0,115,2026-08-21
Jaipur,2026-08-21 22:00:00,27.3,40.0,357.0,24.4,8.0,40.0,115,2026-08-21
Jaipur,2026-08-21 23:00:00,25.3,35.6,277.0,21.9,7.6,38.0,113,2026-08-21
Jaipur,2026-08-22 00:00:00,32.7,119.2,233.0,18.8,6.9,38.0,110,2026-08-22
Jaipur,2026-08-22 01:00:00,38.4,176.5,202.0,15.1,5.9,41.0,108,2026-08-22
Jaipur,2026-08-22 02:00:00,43.0,216.5,178.0,12.2,5.1,42.0,106,2026-08-22
Jaipur,2026-08-22 03:00:00,45.4,235.6,160.0,11.1,4.8,41.0,105,2026-08-22
Jaipur,2026-08-22 04:00:00,45.6,235.6,149.0,10.8,4.8,39.0,105,2026-08-22
Jaipur,2026-08-22 05:00:00,50.5,271.0,146.0,9.1,4.3,43.0,105,2026-08-22
Jaipur,2026-08-22 06:00:00,50.1,264.5,155.0,8.5,4.4,45.0,106,2026-08-22
Jaipur,2026-08-22 07:00:00,48.3,246.8,171.0,7.5,4.6,48.0,106,2026-08-22
Jaipur,2026-08-22 08:00:00,45.4,239.3,180.0,6.4,4.6,54.0,106,2026-08-22
Jaipur,2026-08-22 09:00:00,46.4,246.8,175.0,4.8,4.3,67.0,106,2026-08-22
Jaipur,2026-08-22 10:00:00,43.0,220.7,163.0,3.1,3.9,84.0,106,2026-08-22
Jaipur,2026-08-22 11:00:00,38.5,187.7,155.0,1.8,3.5,97.0,105,2026-08-22
Jaipur,2026-08-22 12:00:00,34.8,161.6,154.0,1.4,3.3,103.0,105,2026-08-22
Jaipur,2026-08-22 13:00:00,28.1,100.8,155.0,1.4,3.2,105.0,105,2026-08-22
Jaipur,2026-08-22 14:00:00,25.5,77.5,159.0,1.8,3.2,105.0,104,2026-08-22
Jaipur,2026-08-22 15:00:00,23.6,61.7,160.0,2.0,3.1,104.0,103,2026-08-22
Jaipur,2026-08-22 16:00:00,22.1,50.8,163.0,2.4,3.0,101.0,103,2026-08-22
Jaipur,2026-08-22 17:00:00,19.3,33.9,181.0,4.8,3.3,96.0,102,2026-08-22
Jaipur,2026-08-22 18:00:00,22.9,34.9,231.0,12.1,4.7,80.0,100,2026-08-22
Jaipur,2026-08-22 19:00:00,27.3,38.9,297.0,22.0,6.6,57.0,100,2026-08-22
Jaipur,2026-08-22 20:00:00,30.5,42.0,338.0,28.5,7.9,40.0,99,2026-08-22
Jaipur,2026-08-22 21:00:00,31.8,43.0,334.0,28.6,8.0,35.0,99,2026-08-22
Jaipur,2026-08-22 22:00:00,30.5,40.9,306.0,25.3,7.5,35.0,100,2026-08-22
Jaipur,2026-08-22 23:00:00,28.5,38.9,277.0,21.9,6.8,36.0,100,2026-08-22
Jaipur,2026-08-23 00:00:00,34.5,100.8,253.0,19.2,6.0,36.0,100,2026-08-23
Jaipur,2026-08-23 01:00:00,37.3,128.1,228.0,16.5,5.1,37.0,100,2026-08-23
Jaipur,2026-08-23 02:00:00,39.3,148.1,207.0,14.3,4.4,37.0,100,2026-08-23
Jaipur,2026-08-23 03:00:00,41.2,165.3,194.0,13.3,4.1,36.0,100,2026-08-23
Jaipur,2026-08-23 04:00:00,42.7,181.6,186.0,12.8,4.0,35.0,99,2026-08-23
Jaipur,2026-08-23 05:00:00,48.8,229.6,179.0,11.2,4.2,38.0,99,2026-08-23
Jaipur,2026-08-23 06:00:00,45.5,197.4,174.0,9.9,4.5,42.0,99,2026-08-23
Jaipur,2026-08-23 07:00:00,40.5,150.4,171.0,8.1,4.8,48.0,99,2026-08-23
Jaipur,2026-08-23 08:00:00,37.4,137.8,167.0,6.3,4.9,57.0,98,2026-08-23
Jaipur,2026-08-23 09:00:00,32.8,103.6,158.0,4.5,4.4,70.0,97,2026-08-23
Jaipur,2026-08-23 10:00:00,26.9,64.5,148.0,2.7,3.7,85.0,96,2026-08-23
Jaipur,2026-08-23 11:00:00,24.9,55.1,142.0,1.5,3.2,97.0,95,2026-08-23
Jaipur,2026-08-23 12:00:00,24.3,51.3,142.0,1.1,3.1,103.0,94,2026-08-23
Jaipur,2026-08-23 13:00:00,24.0,49.0,146.0,1.1,3.1,106.0,93,2026-08-23
Jaipur,2026-08-23 14:00:00,23.3,48.1,151.0,1.4,3.2,107.0,93,2026-08-23
Jaipur,2026-08-23 15:00:00,30.4,78.9,149.0,1.0,3.0,109.0,93,2026-08-23
Jaipur,2026-08-23 16:00:00,24.7,51.9,148.0,0.7,2.9,109.0,93,2026-08-23
Jaipur,2026-08-23 17:00:00,35.0,68.0,171.0,3.3,3.6,106.0,93,2026-08-23
Jaipur,2026-08-23 18:00:00,38.0,66.8,245.0,12.6,6.0,88.0,95,2026-08-23
Jaipur,2026-08-23 19:00:00,44.8,75.0,343.0,25.4,9.2,63.0,96,2026-08-23
Jaipur,2026-08-23 20:00:00,50.2,80.8,401.0,34.3,11.4,44.0,97,2026-08-23
Jaipur,2026-08-23 21:00:00,52.2,82.2,386.0,35.9,11.6,36.0,99,2026-08-23
Jaipur,2026-08-23 22:00:00,51.1,79.6,332.0,33.7,10.8,33.0,101,2026-08-23
Jaipur,2026-08-23 23:00:00,46.7,75.2,280.0,30.1,9.6,32.0,103,2026-08-23
Jaipur,2026-08-24 00:00:00,45.2,97.8,242.0,25.3,8.1,33.0,105,2026-08-24
Jaipur,2026-08-24 01:00:00,49.7,159.7,207.0,19.3,6.2,37.0,106,2026-08-24
Jaipur,2026-08-24 02:00:00,60.1,252.4,181.0,14.4,4.7,40.0,107,2026-08-24
Jaipur,2026-08-24 03:00:00,68.5,314.8,169.0,11.8,3.9,40.0,109,2026-08-24
Jaipur,2026-08-24 04:00:00,69.2,315.7,166.0,10.3,3.5,39.0,112,2026-08-24
Jaipur,2026-08-24 05:00:00,63.8,272.9,168.0,7.5,3.0,44.0,115,2026-08-24
Jaipur,2026-08-24 06:00:00,59.0,239.3,177.0,7.2,3.4,45.0,116,2026-08-24
Jaipur,2026-08-24 07:00:00,58.1,232.4,190.0,6.7,3.9,47.0,118,2026-08-24
Jaipur,2026-08-24 08:00:00,59.8,253.3,196.0,6.0,4.3,54.0,120,2026-08-24
Jaipur,2026-08-24 09:00:00,65.7,298.0,187.0,4.7,4.4,69.0,122,2026-08-24
Jaipur,2026-08-24 10:00:00,67.3,311.1,172.0,3.2,4.3,87.0,125,2026-08-24
Jaipur,2026-08-24 11:00:00,48.3,156.5,160.0,2.0,4.3,102.0,130,2026-08-24
Jaipur,2026-08-24 12:00:00,40.0,105.5,152.0,1.4,4.3,109.0,132,2026-08-24
Jaipur,2026-08-24 13:00:00,35.5,83.6,148.0,1.3,4.3,113.0,134,2026-08-24
Jaipur,2026-08-24 14:00:00,34.1,77.1,161.0,1.5,4.4,114.0,135,2026-08-24
Jaipur,2026-08-24 15:00:00,33.9,73.8,192.0,1.4,4.4,116.0,136,2026-08-24
Jaipur,2026-08-24 16:00:00,34.0,72.6,240.0,1.7,4.5,117.0,136,2026-08-24
Jaipur,2026-08-24 17:00:00,37.6,80.6,312.0,5.5,5.3,109.0,137,2026-08-24
Jaipur,2026-08-24 18:00:00,39.2,72.6,442.0,10.2,6.0,96.0,138,2026-08-24
Jaipur,2026-08-24 19:00:00,39.9,68.5,596.0,16.6,7.0,78.0,138,2026-08-24
Jaipur,2026-08-24 20:00:00,36.8,61.7,674.0,20.6,7.7,65.0,137,2026-08-24
Jaipur,2026-08-24 21:00:00,34.5,54.0,608.0,19.9,7.8,64.0,136,2026-08-24
Jaipur,2026-08-24 22:00:00,31.3,48.7,466.0,16.8,7.7,68.0,134,2026-08-24
Jaipur,2026-08-24 23:00:00,30.5,47.0,351.0,13.9,7.2,72.0,132,2026-08-24
Jaipur,2026-08-25 00:00:00,29.6,46.6,305.0,12.2,6.3,73.0,130,2026-08-25
Jaipur,2026-08-25 01:00:00,26.4,43.4,286.0,10.8,5.1,73.0,129,2026-08-25
Jaipur,2026-08-25 02:00:00,25.5,40.2,269.0,9.6,4.2,74.0,126,2026-08-25
Jaipur,2026-08-25 03:00:00,16.5,27.4,235.0,8.5,4.0,76.0,123,2026-08-25
Jaipur,2026-08-25 04:00:00,14.5,27.6,202.0,7.7,4.1,79.0,117,2026-08-25
Jaipur,2026-08-25 05:00:00,29.1,50.8,200.0,13.0,5.4,60.0,111,2026-08-25
Jaipur,2026-08-25 06:00:00,30.2,46.6,266.0,14.1,6.1,59.0,108,2026-08-25
Jaipur,2026-08-25 07:00:00,29.0,47.7,364.0,15.4,7.1,57.0,105,2026-08-25
Jaipur,2026-08-25 08:00:00,29.6,53.8,414.0,15.4,7.7,61.0,102,2026-08-25
Jaipur,2026-08-25 09:00:00,33.3,62.6,367.0,12.7,7.8,74.0,99,2026-08-25
Jaipur,2026-08-25 10:00:00,35.5,67.8,273.0,8.5,7.5,93.0,96,2026-08-25
Jaipur,2026-08-25 11:00:00,36.2,70.8,203.0,5.2,7.2,109.0,94,2026-08-25
Jaipur,2026-08-25 12:00:00,36.7,73.1,184.0,3.5,6.8,120.0,93,2026-08-25
Jaipur,2026-08-25 13:00:00,44.5,130.9,189.0,2.6,6.3,128.0,93,2026-08-25
Jaipur,2026-08-25 14:00:00,41.2,96.4,205.0,2.3,6.0,132.0,93,2026-08-25
Jaipur,2026-08-25 15:00:00,41.6,95.7,213.0,1.8,5.9,134.0,94,2026-08-25
Jaipur,2026-08-25 16:00:00,41.3,93.6,231.0,2.1,5.9,132.0,95,2026-08-25
Jaipur,2026-08-25 17:00:00,50.8,122.5,304.0,5.7,7.0,120.0,95,2026-08-25
Jaipur,2026-08-25 18:00:00,52.2,112.0,505.0,16.8,9.1,97.0,96,2026-08-25
Jaipur,2026-08-25 19:00:00,58.6,117.6,760.0,32.1,12.0,66.0,97,2026-08-25
Jaipur,2026-08-25 20:00:00,63.8,120.1,888.0,43.9,14.3,41.0,99,2026-08-25
Jaipur,2026-08-25 21:00:00,66.1,117.8,767.0,49.3,15.7,29.0,101,2026-08-25
Jaipur,2026-08-25 22:00:00,66.1,115.3,518.0,51.3,16.5,24.0,104,2026-08-25
Jaipur,2026-08-25 23:00:00,67.5,115.9,327.0,51.0,16.6,22.0,108,2026-08-25
Jaipur,2026-08-26 00:00:00,66.1,111.8,277.0,48.2,15.5,22.0,112,2026-08-26
Jaipur,2026-08-26 01:00:00,61.5,102.4,284.0,43.1,13.6,25.0,116,2026-08-26
Jaipur,2026-08-26 02:00:00,53.9,88.5,286.0,37.3,11.8,29.0,119,2026-08-26
Jaipur,2026-08-26 03:00:00,48.9,90.1,255.0,30.4,10.2,34.0,122,2026-08-26
Jaipur,2026-08-26 04:00:00,48.0,119.0,218.0,22.8,8.6,41.0,126,2026-08-26
Jaipur,2026-08-26 05:00:00,36.9,62.6,196.0,16.5,7.9,50.0,129,2026-08-26
Jaipur,2026-08-26 06:00:00,32.8,57.4,204.0,15.2,7.6,50.0,130,2026-08-26
Jaipur,2026-08-26 07:00:00,31.8,59.0,227.0,13.2,7.2,50.0,130,2026-08-26
Jaipur,2026-08-26 08:00:00,34.5,75.7,238.0,11.1,6.8,55.0,131,2026-08-26
Jaipur,2026-08-26 09:00:00,38.4,100.1,222.0,8.8,6.4,67.0,131,2026-08-26
Jaipur,2026-08-26 10:00:00,42.5,127.6,195.0,6.3,6.0,83.0,132,2026-08-26
Jaipur,2026-08-26 11:00:00,46.7,154.1,177.0,4.3,5.7,97.0,132,2026-08-26
Jaipur,2026-08-26 12:00:00,53.0,207.2,173.0,2.9,5.4,108.0,133,2026-08-26
Jaipur,2026-08-26 13:00:00,46.8,155.1,179.0,2.0,5.1,118.0,135,2026-08-26
Jaipur,2026-08-26 14:00:00,42.8,123.4,197.0,2.0,4.9,122.0,135,2026-08-26
Jaipur,2026-08-26 15:00:00,45.4,142.5,224.0,3.0,4.8,120.0,135,2026-08-26
Jaipur,2026-08-26 16:00:00,46.2,159.7,265.0,4.9,4.9,113.0,136,2026-08-26
Jaipur,2026-08-26 17:00:00,30.2,69.4,336.0,6.8,5.5,104.0,136,2026-08-26
Jaipur,2026-08-26 18:00:00,31.0,58.9,486.0,12.3,6.6,89.0,134,2026-08-26
Jaipur,2026-08-26 19:00:00,31.9,54.5,667.0,19.8,8.0,68.0,132,2026-08-26
Jaipur,2026-08-26 20:00:00,31.5,49.5,755.0,25.0,9.0,52.0,129,2026-08-26
Jaipur,2026-08-26 21:00:00,31.0,46.6,670.0,25.7,9.2,46.0,126,2026-08-26
Jaipur,2026-08-26 22:00:00,31.0,45.9,493.0,24.1,9.0,44.0,122,2026-08-26
Jaipur,2026-08-26 23:00:00,31.3,47.8,343.0,21.8,8.6,44.0,119,2026-08-26
Jaipur,2026-08-27 00:00:00,32.6,58.9,262.0,19.1,8.0,45.0,115,2026-08-27
Jaipur,2026-08-27 01:00:00,33.3,66.4,208.0,15.6,7.1,49.0,111,2026-08-27
Jaipur,2026-08-27 02:00:00,32.5,71.2,171.0,12.6,6.3,51.0,108,2026-08-27
Jaipur,2026-08-27 03:00:00,31.9,73.3,152.0,10.2,5.5,52.0,106,2026-08-27
Jaipur,2026-08-27 04:00:00,45.2,187.2,151.0,8.2,4.7,52.0,104,2026-08-27
Jaipur,2026-08-27 05:00:00,72.9,340.9,154.0,6.6,4.2,53.0,104,2026-08-27
Jaipur,2026-08-27 06:00:00,74.5,346.5,162.0,6.6,4.6,53.0,108,2026-08-27
Jaipur,2026-08-27 07:00:00,74.5,342.7,175.0,6.5,5.2,53.0,112,2026-08-27
Jaipur,2026-08-27 08:00:00,68.0,310.1,182.0,6.0,5.6,58.0,117,2026-08-27
Jaipur,2026-08-27 09:00:00,75.0,366.9,177.0,4.8,5.6,71.0,120,2026-08-27
Jaipur,2026-08-27 10:00:00,75.4,368.8,166.0,3.2,5.3,89.0,124,2026-08-27
Jaipur,2026-08-27 11:00:00,71.0,339.0,158.0,2.0,5.1,102.0,127,2026-08-27
Jaipur,2026-08-27 12:00:00,64.7,293.4,153.0,1.5,4.9,108.0,130,2026-08-27
Jaipur,2026-08-27 13:00:00,45.8,141.6,150.0,1.3,4.6,110.0,131,2026-08-27
Jaipur,2026-08-27 14:00:00,39.5,99.0,159.0,1.8,4.5,110.0,131,2026-08-27
Jaipur,2026-08-27 15:00:00,42.3,124.3,185.0,2.8,4.5,108.0,131,2026-08-27
Jaipur,2026-08-27 16:00:00,40.2,109.7,222.0,4.5,4.6,103.0,130,2026-08-27
Jaipur,2026-08-27 17:00:00,37.4,80.3,259.0,6.9,5.0,95.0,130,2026-08-27
Jaipur,2026-08-27 18:00:00,44.8,133.6,301.0,11.2,5.8,82.0,130,2026-08-27
Jaipur,2026-08-27 19:00:00,46.7,134.6,342.0,16.3,6.9,67.0,132,2026-08-27
Jaipur,2026-08-27 20:00:00,47.1,136.4,355.0,19.2,7.5,56.0,133,2026-08-27
Jaipur,2026-08-27 21:00:00,49.8,166.7,318.0,18.0,7.2,54.0,135,2026-08-27
Jaipur,2026-08-27 22:00:00,55.8,224.0,254.0,14.6,6.4,57.0,137,2026-08-27
Jaipur,2026-08-27 23:00:00,62.6,277.5,201.0,11.6,5.7,59.0,140,2026-08-27
Jaipur,2026-08-28 00:00:00,66.4,302.7,175.0,9.9,5.2,59.0,143,2026-08-28
Jaipur,2026-08-28 01:00:00,68.9,315.7,160.0,8.7,4.7,59.0,146,2026-08-28
Jaipur,2026-08-28 02:00:00,69.6,320.4,149.0,7.9,4.3,58.0,150,2026-08-28
Jaipur,2026-08-28 03:00:00,69.6,320.4,140.0,7.7,4.1,55.0,151,2026-08-28
Jaipur,2026-08-28 04:00:00,67.1,305.5,135.0,7.8,4.1,52.0,152,2026-08-28
Jaipur,2026-08-28 05:00:00,70.3,325.0,136.0,6.3,3.6,55.0,153,2026-08-28
Jaipur,2026-08-28 06:00:00,66.8,301.7,149.0,6.2,3.8,56.0,153,2026-08-28
Jaipur,2026-08-28 07:00:00,63.3,278.5,169.0,6.0,4.1,58.0,153,2026-08-28
Jaipur,2026-08-28 08:00:00,57.0,248.7,181.0,5.5,4.2,63.0,152,2026-08-28
Jaipur,2026-08-28 09:00:00,60.8,277.5,178.0,4.4,4.1,74.0,152,2026-08-28
Jaipur,2026-08-28 10:00:00,60.1,271.0,167.0,3.0,3.8,89.0,152,2026-08-28
Jaipur,2026-08-28 11:00:00,55.9,244.9,158.0,1.9,3.6,100.0,151,2026-08-28
Jaipur,2026-08-28 12:00:00,51.7,221.7,153.0,1.4,3.4,106.0,151,2026-08-28
Jaipur,2026-08-28 13:00:00,47.8,202.6,149.0,1.3,3.3,109.0,150,2026-08-28
Jaipur,2026-08-28 14:00:00,42.5,169.5,153.0,1.7,3.2,109.0,150,2026-08-28
Jaipur,2026-08-28 15:00:00,42.4,176.0,165.0,2.3,3.1,108.0,150,2026-08-28
Jaipur,2026-08-28 16:00:00,40.6,169.0,183.0,3.4,3.2,105.0,150,2026-08-28
Jaipur,2026-08-28 17:00:00,42.3,164.8,211.0,5.5,3.5,96.0,150,2026-08-28
Jaipur,2026-08-28 18:00:00,41.4,138.3,260.0,10.7,4.7,83.0,151,2026-08-28
Jaipur,2026-08-28 19:00:00,40.0,110.4,318.0,17.8,6.3,64.0,150,2026-08-28
Jaipur,2026-08-28 20:00:00,38.5,92.2,348.0,22.2,7.3,51.0,150,2026-08-28
Jaipur,2026-08-28 21:00:00,38.5,99.9,326.0,21.3,7.3,48.0,150,2026-08-28
Jaipur,2026-08-28 22:00:00,41.6,138.8,275.0,17.7,6.7,50.0,149,2026-08-28
Jaipur,2026-08-28 23:00:00,44.9,180.2,230.0,14.3,6.0,53.0,147,2026-08-28
Jaipur,2026-08-29 00:00:00,48.5,218.9,200.0,12.0,5.3,55.0,145,2026-08-29
Jaipur,2026-08-29 01:00:00,50.5,234.7,175.0,9.9,4.6,57.0,144,2026-08-29
Jaipur,2026-08-29 02:00:00,49.8,231.4,157.0,8.5,4.1,57.0,142,2026-08-29
Jaipur,2026-08-29 03:00:00,47.1,215.1,146.0,8.5,4.0,54.0,140,2026-08-29
Jaipur,2026-08-29 04:00:00,42.8,188.1,141.0,9.2,4.1,49.0,137,2026-08-29
Jaipur,2026-08-29 05:00:00,44.9,210.9,143.0,7.7,3.8,51.0,135,2026-08-29
Jaipur,2026-08-29 06:00:00,43.3,200.2,156.0,7.2,3.9,53.0,132,2026-08-29
Jaipur,2026-08-29 07:00:00,44.5,199.3,175.0,6.4,4.1,56.0,130,2026-08-29
Jaipur,2026-08-29 08:00:00,40.3,190.5,186.0,5.5,4.2,61.0,128,2026-08-29
Jaipur,2026-08-29 09:00:00,45.1,226.3,179.0,4.2,4.1,71.0,126,2026-08-29
Jaipur,2026-08-29 10:00:00,44.5,222.1,164.0,2.8,4.0,84.0,124,2026-08-29
Jaipur,2026-08-29 11:00:00,42.3,207.7,151.0,1.8,3.8,94.0,123,2026-08-29
Jaipur,2026-08-29 12:00:00,39.3,188.6,142.0,1.4,3.6,99.0,121,2026-08-29
Jaipur,2026-08-29 13:00:00,38.0,182.5,136.0,1.3,3.4,101.0,120,2026-08-29
Jaipur,2026-08-29 14:00:00,37.5,183.5,136.0,1.6,3.2,101.0,119,2026-08-29
Jaipur,2026-08-29 15:00:00,36.7,179.3,144.0,1.9,3.0,101.0,118,2026-08-29
Jaipur,2026-08-29 16:00:00,36.0,174.6,159.0,2.5,3.0,100.0,118,2026-08-29
Jaipur,2026-08-29 17:00:00,38.3,181.1,179.0,5.0,3.2,89.0,117,2026-08-29
Jaipur,2026-08-29 18:00:00,40.0,175.6,210.0,8.3,4.0,80.0,117,2026-08-29
Jaipur,2026-08-29 19:00:00,40.6,161.1,247.0,12.8,5.0,67.0,117,2026-08-29
Jaipur,2026-08-29 20:00:00,39.2,143.4,270.0,16.0,5.8,57.0,117,2026-08-29
Jaipur,2026-08-29 21:00:00,38.1,134.6,270.0,16.6,6.0,53.0,117,2026-08-29
Jaipur,2026-08-29 22:00:00,38.6,142.0,255.0,15.7,5.9,51.0,118,2026-08-29
Jaipur,2026-08-29 23:00:00,38.9,150.4,236.0,14.6,5.6,50.0,118,2026-08-29
Jaipur,2026-08-30 00:00:00,38.1,152.3,210.0,13.2,5.2,49.0,117,2026-08-30
Jaipur,2026-08-30 01:00:00,38.0,157.4,179.0,11.6,4.6,49.0,116,2026-08-30
Jaipur,2026-08-30 02:00:00,38.2,163.9,155.0,10.2,4.1,48.0,114,2026-08-30
Jaipur,2026-08-30 03:00:00,38.6,168.6,143.0,9.6,3.9,46.0,113,2026-08-30
Jaipur,2026-08-30 04:00:00,38.4,165.8,139.0,9.3,3.8,44.0,112,2026-08-30
Jaipur,2026-08-30 05:00:00,47.5,218.4,139.0,6.8,3.2,48.0,111,2026-08-30
Jaipur,2026-08-30 06:00:00,45.8,203.0,147.0,6.1,3.4,50.0,111,2026-08-30
Jaipur,2026-08-30 07:00:00,46.7,201.2,160.0,5.0,3.6,54.0,112,2026-08-30
Jaipur,2026-08-30 08:00:00,45.3,205.8,166.0,4.0,3.8,59.0,112,2026-08-30
Jaipur,2026-08-30 09:00:00,48.4,230.0,159.0,3.0,3.8,68.0,112,2026-08-30
Jaipur,2026-08-30 10:00:00,47.3,224.0,145.0,2.1,3.6,80.0,113,2026-08-30
Jaipur,2026-08-30 11:00:00,43.3,199.8,134.0,1.4,3.5,89.0,113,2026-08-30
Jaipur,2026-08-30 12:00:00,40.4,182.5,131.0,1.1,3.4,94.0,113,2026-08-30
Jaipur,2026-08-30 13:00:00,38.4,171.4,131.0,1.1,3.3,98.0,113,2026-08-30
Jaipur,2026-08-30 14:00:00,37.4,167.2,133.0,1.3,3.2,99.0,113,2026-08-30
Jaipur,2026-08-30 15:00:00,37.4,169.5,135.0,1.4,3.0,99.0,113,2026-08-30
Jaipur,2026-08-30 16:00:00,38.3,179.3,139.0,1.7,2.9,98.0,113,2026-08-30
Jaipur,2026-08-30 17:00:00,40.6,178.3,151.0,3.6,3.2,90.0,113,2026-08-30
Jaipur,2026-08-30 18:00:00,40.9,164.8,181.0,6.1,3.9,81.0,114,2026-08-30
Jaipur,2026-08-30 19:00:00,41.0,152.3,219.0,9.6,4.9,69.0,114,2026-08-30
Jaipur,2026-08-30 20:00:00,42.1,161.1,242.0,12.1,5.6,59.0,114,2026-08-30
Jaipur,2026-08-30 21:00:00,41.0,156.9,236.0,12.9,5.8,53.0,114,2026-08-30
Jaipur,2026-08-30 22:00:00,39.1,147.1,214.0,12.7,5.7,49.0,114,2026-08-30
Jaipur,2026-08-30 23:00:00,38.0,145.8,191.0,12.4,5.4,46.0,114,2026-08-30
Jaipur,2026-08-31 00:00:00,36.8,147.6,171.0,12.0,5.0,43.0,114,2026-08-31
Jaipur,2026-08-31 01:00:00,35.7,144.8,150.0,11.4,4.4,41.0,114,2026-08-31
Jaipur,2026-08-31 02:00:00,34.9,142.5,136.0,10.9,4.0,39.0,114,2026-08-31
Jaipur,2026-08-31 03:00:00,34.6,143.0,131.0,10.6,3.9,37.0,114,2026-08-31
Jaipur,2026-08-31 04:00:00,35.0,147.6,133.0,10.5,3.9,36.0,113,2026-08-31
Jaipur,2026-08-31 05:00:00,41.6,194.6,138.0,6.7,3.3,45.0,113,2026-08-31
Jaipur,2026-08-31 06:00:00,42.5,199.3,148.0,6.4,3.6,46.0,112,2026-08-31
Jaipur,2026-08-31 07:00:00,42.0,191.9,160.0,6.0,4.0,47.0,112,2026-08-31
Jaipur,2026-08-31 08:00:00,38.6,179.7,167.0,5.3,4.2,51.0,111,2026-08-31
Jaipur,2026-08-31 09:00:00,40.5,198.8,162.0,4.2,4.1,61.0,111,2026-08-31
Jaipur,2026-08-31 10:00:00,39.6,192.8,151.0,2.8,3.9,73.0,110,2026-08-31
Jaipur,2026-08-31 11:00:00,37.1,176.0,142.0,1.8,3.7,84.0,109,2026-08-31
Jaipur,2026-08-31 12:00:00,35.3,163.0,138.0,1.4,3.6,90.0,108,2026-08-31
Jaipur,2026-08-31 13:00:00,33.8,153.7,136.0,1.4,3.5,95.0,108,2026-08-31
Jaipur,2026-08-31 14:00:00,32.7,147.6,137.0,1.6,3.4,97.0,107,2026-08-31
Jaipur,2026-08-31 15:00:00,32.5,146.2,135.0,1.5,3.2,98.0,107,2026-08-31
Jaipur,2026-08-31 16:00:00,32.6,146.7,135.0,1.7,3.1,97.0,106,2026-08-31
Jaipur,2026-08-31 17:00:00,31.8,134.6,155.0,3.9,3.3,87.0,106,2026-08-31
Jaipur,2026-08-31 18:00:00,35.0,136.9,220.0,9.6,4.5,74.0,105,2026-08-31
Jaipur,2026-08-31 19:00:00,34.6,108.0,305.0,17.5,6.2,56.0,104,2026-08-31
Jaipur,2026-08-31 20:00:00,33.8,86.4,356.0,22.8,7.3,42.0,104,2026-08-31
Jaipur,2026-08-31 21:00:00,32.2,73.8,341.0,23.3,7.5,37.0,103,2026-08-31
Jaipur,2026-08-31 22:00:00,32.0,82.0,290.0,21.2,7.2,37.0,102,2026-08-31
Jaipur,2026-08-31 23:00:00,34.7,122.0,244.0,18.8,6.8,38.0,101,2026-08-31
Jaipur,2026-09-01 00:00:00,35.6,143.4,213.0,16.5,6.2,38.0,101,2026-09-01
Jaipur,2026-09-01 01:00:00,34.1,138.3,186.0,13.9,5.4,39.0,101,2026-09-01
Jaipur,2026-09-01 02:00:00,31.3,119.2,167.0,12.1,4.8,39.0,101,2026-09-01
Jaipur,2026-09-01 03:00:00,29.3,106.2,158.0,12.1,4.7,36.0,100,2026-09-01
Jaipur,2026-09-01 04:00:00,28.9,105.7,156.0,12.9,4.8,33.0,100,2026-09-01
Jaipur,2026-09-01 05:00:00,31.4,125.7,159.0,10.2,4.3,38.0,99,2026-09-01
Jaipur,2026-09-01 06:00:00,31.9,131.3,168.0,9.4,4.6,40.0,98,2026-09-01
Jaipur,2026-09-01 07:00:00,34.3,137.8,181.0,8.2,5.0,43.0,98,2026-09-01
Jaipur,2026-09-01 08:00:00,31.9,137.4,188.0,6.8,5.2,49.0,97,2026-09-01
Jaipur,2026-09-01 09:00:00,35.9,170.9,182.0,5.1,5.1,62.0,96,2026-09-01
Jaipur,2026-09-01 10:00:00,35.5,167.6,169.0,3.2,4.8,78.0,96,2026-09-01
Jaipur,2026-09-01 11:00:00,33.1,150.9,158.0,1.8,4.5,90.0,96,2026-09-01
Jaipur,2026-09-01 12:00:00,29.2,123.9,150.0,1.2,4.1,96.0,95,2026-09-01
Jaipur,2026-09-01 13:00:00,27.5,113.4,144.0,1.2,3.8,99.0,95,2026-09-01
Jaipur,2026-09-01 14:00:00,26.1,104.8,142.0,1.6,3.5,100.0,94,2026-09-01
Jaipur,2026-09-01 15:00:00,25.5,102.0,144.0,2.1,3.4,99.0,94,2026-09-01
Jaipur,2026-09-01 16:00:00,25.0,98.5,150.0,3.1,3.4,95.0,93,2026-09-01
Jaipur,2026-09-01 17:00:00,24.9,91.7,167.0,4.7,3.8,93.0,93,2026-09-01
Jaipur,2026-09-01 18:00:00,27.4,78.7,208.0,12.6,5.3,76.0,92,2026-09-01
Jaipur,2026-09-01 19:00:00,29.3,66.8,259.0,23.3,7.3,52.0,92,2026-09-01
Jaipur,2026-09-01 20:00:00,30.9,60.8,289.0,30.3,8.7,35.0,91,2026-09-01
Jaipur,2026-09-01 21:00:00,31.1,61.5,280.0,30.3,8.8,30.0,91,2026-09-01
Jaipur,2026-09-01 22:00:00,32.2,79.6,250.0,26.6,8.3,32.0,91,2026-09-01
Jaipur,2026-09-01 23:00:00,32.1,92.0,220.0,22.7,7.5,34.0,91,2026-09-01
Jaipur,2026-09-02 00:00:00,32.7,112.7,195.0,19.2,6.5,36.0,91,2026-09-02
Jaipur,2026-09-02 01:00:00,32.6,121.5,170.0,15.5,5.3,39.0,91,2026-09-02
Jaipur,2026-09-02 02:00:00,32.9,130.9,153.0,12.8,4.4,41.0,90,2026-09-02
Jaipur,2026-09-02 03:00:00,33.6,140.2,148.0,11.9,4.1,40.0,91,2026-09-02
Jaipur,2026-09-02 04:00:00,33.2,138.3,151.0,12.0,4.1,38.0,91,2026-09-02
Jaipur,2026-09-02 05:00:00,34.0,142.0,158.0,10.0,3.8,43.0,91,2026-09-02
Jaipur,2026-09-02 06:00:00,34.5,144.4,172.0,9.5,4.2,45.0,91,2026-09-02
Jaipur,2026-09-02 07:00:00,36.9,149.9,190.0,8.7,4.7,49.0,92,2026-09-02
Jaipur,2026-09-02 08:00:00,34.5,146.2,198.0,7.5,4.9,56.0,92,2026-09-02
Jaipur,2026-09-02 09:00:00,36.9,169.0,187.0,5.7,4.7,70.0,92,2026-09-02
Jaipur,2026-09-02 10:00:00,28.9,103.6,167.0,3.5,4.2,88.0,92,2026-09-02
Jaipur,2026-09-02 11:00:00,25.0,70.3,153.0,1.9,3.8,103.0,92,2026-09-02
Jaipur,2026-09-02 12:00:00,23.4,61.7,151.0,1.4,3.7,111.0,91,2026-09-02
Jaipur,2026-09-02 13:00:00,22.8,58.2,155.0,1.4,3.7,116.0,90,2026-09-02
Jaipur,2026-09-02 14:00:00,26.7,87.1,161.0,1.8,3.7,118.0,90,2026-09-02
Jaipur,2026-09-02 15:00:00,26.6,87.3,161.0,1.8,3.6,120.0,90,2026-09-02
Jaipur,2026-09-02 16:00:00,25.8,74.3,163.0,2.1,3.5,119.0,90,2026-09-02
Jaipur,2026-09-02 17:00:00,32.0,76.6,183.0,5.1,4.1,109.0,90,2026-09-02
Jaipur,2026-09-02 18:00:00,34.2,68.2,244.0,12.0,5.5,92.0,91,2026-09-02
Jaipur,2026-09-02 19:00:00,38.6,71.5,323.0,21.4,7.5,68.0,91,2026-09-02
Jaipur,2026-09-02 20:00:00,38.5,67.1,375.0,27.9,8.9,50.0,92,2026-09-02
Jaipur,2026-09-02 21:00:00,37.8,63.6,375.0,29.1,9.4,42.0,93,2026-09-02
Jaipur,2026-09-02 22:00:00,37.8,63.3,347.0,27.5,9.4,40.0,93,2026-09-02
Jaipur,2026-09-02 23:00:00,37.6,64.5,318.0,24.8,8.9,40.0,94,2026-09-02
Jaipur,2026-09-03 00:00:00,34.9,60.5,299.0,21.0,7.8,41.0,94,2026-09-03
Jaipur,2026-09-03 01:00:00,30.4,53.6,279.0,16.2,6.3,44.0,94,2026-09-03
Jaipur,2026-09-03 02:00:00,26.0,49.4,256.0,12.4,5.1,46.0,94,2026-09-03
Jaipur,2026-09-03 03:00:00,23.6,48.0,223.0,10.6,4.4,45.0,94,2026-09-03
Jaipur,2026-09-03 04:00:00,21.9,47.1,187.0,9.9,4.1,44.0,93,2026-09-03
Jaipur,2026-09-03 05:00:00,45.2,210.5,164.0,7.2,3.6,51.0,92,2026-09-03
Jaipur,2026-09-03 06:00:00,26.8,72.6,168.0,7.5,4.1,50.0,93,2026-09-03
Jaipur,2026-09-03 07:00:00,43.2,200.7,185.0,7.9,4.9,50.0,92,2026-09-03
Jaipur,2026-09-03 08:00:00,44.0,195.6,194.0,7.6,5.4,54.0,93,2026-09-03
Jaipur,2026-09-03 09:00:00,47.0,223.1,182.0,6.1,5.4,66.0,93,2026-09-03
Jaipur,2026-09-03 10:00:00,58.1,287.8,162.0,3.9,5.2,83.0,94,2026-09-03
Jaipur,2026-09-03 11:00:00,64.5,301.7,148.0,2.3,5.1,97.0,97,2026-09-03
Jaipur,2026-09-03 12:00:00,63.8,271.0,143.0,1.8,5.1,106.0,100,2026-09-03
Jaipur,2026-09-03 13:00:00,49.9,155.5,143.0,1.9,5.3,113.0,104,2026-09-03
Jaipur,2026-09-03 14:00:00,48.8,137.8,156.0,2.3,5.4,118.0,107,2026-09-03
Jaipur,2026-09-03 15:00:00,44.4,117.8,182.0,2.2,5.4,125.0,109,2026-09-03
Jaipur,2026-09-03 16:00:00,41.9,103.8,220.0,2.3,5.5,131.0,111,2026-09-03
Jaipur,2026-09-03 17:00:00,45.4,105.2,270.0,8.5,5.8,108.0,112,2026-09-03
Jaipur,2026-09-03 18:00:00,38.5,74.0,345.0,13.4,6.6,95.0,114,2026-09-03
Jaipur,2026-09-03 19:00:00,36.9,61.2,432.0,20.2,7.7,77.0,114,2026-09-03
Jaipur,2026-09-03 20:00:00,39.3,61.5,491.0,26.0,9.0,62.0,114,2026-09-03
Jaipur,2026-09-03 21:00:00,40.9,61.2,500.0,30.2,10.6,54.0,114,2026-09-03
Jaipur,2026-09-03 22:00:00,45.4,67.3,482.0,33.4,12.2,49.0,114,2026-09-03
Jaipur,2026-09-03 23:00:00,47.1,70.1,456.0,34.9,13.3,45.0,115,2026-09-03
Jaipur,2026-09-04 00:00:00,48.1,70.5,429.0,33.9,13.3,42.0,116,2026-09-04
Jaipur,2026-09-04 01:00:00,46.8,66.1,396.0,31.2,12.7,40.0,118,2026-09-04
Jaipur,2026-09-04 02:00:00,46.2,62.6,362.0,28.2,12.1,40.0,119,2026-09-04
Jaipur,2026-09-04 03:00:00,43.7,59.3,323.0,25.0,11.5,42.0,121,2026-09-04
Jaipur,2026-09-04 04:00:00,41.9,57.3,283.0,21.5,10.8,45.0,124,2026-09-04
Jaipur,2026-09-04 05:00:00,41.0,75.0,262.0,17.4,8.4,48.0,126,2026-09-04
Jaipur,2026-09-04 06:00:00,41.7,85.0,281.0,17.1,7.9,47.0,125,2026-09-04
Jaipur,2026-09-04 07:00:00,37.7,74.3,319.0,16.6,7.1,46.0,127,2026-09-04
Jaipur,2026-09-04 08:00:00,34.5,70.5,338.0,15.5,6.6,48.0,126,2026-09-04
Jaipur,2026-09-04 09:00:00,33.5,70.8,311.0,13.4,6.5,55.0,125,2026-09-04
Jaipur,2026-09-04 10:00:00,35.2,83.6,265.0,10.7,6.7,64.0,124,2026-09-04
Jaipur,2026-09-04 11:00:00,36.3,93.8,240.0,8.8,6.8,72.0,121,2026-09-04
Jaipur,2026-09-04 12:00:00,34.7,87.5,258.0,8.3,6.8,77.0,118,2026-09-04
Jaipur,2026-09-04 13:00:00,31.7,75.4,297.0,8.6,6.7,81.0,115,2026-09-04
Jaipur,2026-09-04 14:00:00,28.6,59.5,332.0,9.1,6.7,84.0,114,2026-09-04
Jaipur,2026-09-04 15:00:00,25.4,46.9,349.0,8.5,6.6,90.0,111,2026-09-04
Jaipur,2026-09-04 16:00:00,19.4,30.0,363.0,8.0,6.4,95.0,109,2026-09-04
Jaipur,2026-09-04 17:00:00,44.2,104.3,392.0,19.5,7.6,56.0,107,2026-09-04
Jaipur,2026-09-04 18:00:00,46.7,109.4,461.0,26.1,8.7,46.0,107,2026-09-04
Jaipur,2026-09-04 19:00:00,49.7,113.4,546.0,35.1,10.2,32.0,108,2026-09-04
Jaipur,2026-09-04 20:00:00,53.3,119.2,585.0,41.5,11.1,21.0,109,2026-09-04
Jaipur,2026-09-04 21:00:00,56.2,119.7,538.0,43.5,11.1,16.0,111,2026-09-04
Jaipur,2026-09-04 22:00:00,55.8,114.1,446.0,43.0,10.6,15.0,112,2026-09-04
Jaipur,2026-09-04 23:00:00,50.9,101.0,373.0,40.4,9.8,17.0,113,2026-09-04
Jaipur,2026-09-05 00:00:00,43.7,82.4,348.0,34.8,8.7,23.0,114,2026-09-05
Jaipur,2026-09-05 01:00:00,40.7,74.7,341.0,27.1,7.3,31.0,113,2026-09-05
Jaipur,2026-09-05 02:00:00,38.1,71.2,332.0,20.9,6.3,38.0,113,2026-09-05
Jaipur,2026-09-05 03:00:00,35.9,69.2,308.0,17.6,5.9,42.0,112,2026-09-05
Jaipur,2026-09-05 04:00:00,35.4,68.5,281.0,15.7,5.8,45.0,111,2026-09-05
Jaipur,2026-09-05 05:00:00,35.5,61.2,268.0,16.9,7.5,46.0,110,2026-09-05
Jaipur,2026-09-05 06:00:00,35.7,59.5,279.0,17.8,8.1,45.0,110,2026-09-05
Jaipur,2026-09-05 07:00:00,36.6,58.0,304.0,19.1,8.9,45.0,109,2026-09-05
Jaipur,2026-09-05 08:00:00,36.0,53.2,323.0,19.2,9.4,47.0,109,2026-09-05
Jaipur,2026-09-05 09:00:00,32.7,50.1,325.0,17.4,9.3,53.0,109,2026-09-05
Jaipur,2026-09-05 10:00:00,27.6,43.1,321.0,14.5,9.0,62.0,109,2026-09-05
Jaipur,2026-09-05 11:00:00,25.6,40.3,326.0,12.0,8.7,71.0,108,2026-09-05
Jaipur,2026-09-05 12:00:00,22.3,36.3,351.0,10.2,8.6,81.0,107,2026-09-05
Jaipur,2026-09-05 13:00:00,22.0,35.7,384.0,8.6,8.5,92.0,106,2026-09-05
Jaipur,2026-09-05 14:00:00,22.4,37.1,404.0,7.7,8.4,100.0,105,2026-09-05
Jaipur,2026-09-05 15:00:00,23.1,40.0,357.0,6.3,7.9,106.0,104,2026-09-05
Jaipur,2026-09-05 16:00:00,23.9,43.0,296.0,5.6,7.3,110.0,104,2026-09-05
Jaipur,2026-09-05 17:00:00,21.7,37.6,358.0,11.0,4.2,88.0,104,2026-09-05
Jaipur,2026-09-05 18:00:00,24.2,41.8,679.0,16.2,5.1,78.0,102,2026-09-05
Jaipur,2026-09-05 19:00:00,28.3,50.2,1123.0,23.6,6.5,65.0,100,2026-09-05
Jaipur,2026-09-05 20:00:00,33.1,59.1,1418.0,30.5,7.9,52.0,98,2026-09-05
Jaipur,2026-09-05 21:00:00,36.0,64.5,1438.0,36.1,9.5,41.0,96,2026-09-05
Jaipur,2026-09-05 22:00:00,40.2,69.4,1309.0,41.2,11.2,32.0,95,2026-09-05
Jaipur,2026-09-05 23:00:00,43.7,70.5,1140.0,45.5,12.3,23.0,94,2026-09-05
Jaipur,2026-09-06 00:00:00,44.7,69.4,937.0,49.1,12.5,16.0,93,2026-09-06
Jaipur,2026-09-06 01:00:00,45.5,68.0,694.0,51.9,12.1,10.0,93,2026-09-06
Jaipur,2026-09-06 02:00:00,46.6,68.5,499.0,53.3,11.6,6.0,94,2026-09-06
Jaipur,2026-09-06 03:00:00,45.9,66.8,393.0,53.4,10.9,2.0,94,2026-09-06
Jaipur,2026-09-06 04:00:00,45.2,65.4,335.0,52.0,10.1,1.0,95,2026-09-06
Jaipur,2026-09-06 05:00:00,35.6,63.1,297.0,32.4,8.8,20.0,96,2026-09-06
Jaipur,2026-09-06 06:00:00,34.3,60.8,275.0,28.1,8.8,27.0,96,2026-09-06
Jaipur,2026-09-06 07:00:00,33.4,57.4,272.0,22.0,8.7,38.0,96,2026-09-06
Jaipur,2026-09-06 08:00:00,32.1,58.9,265.0,16.1,8.3,53.0,95,2026-09-06
Jaipur,2026-09-06 09:00:00,31.2,60.8,238.0,10.8,7.5,75.0,95,2026-09-06
Jaipur,2026-09-06 10:00:00,33.6,75.2,207.0,5.8,6.3,102.0,95,2026-09-06
Jaipur,2026-09-06 11:00:00,34.0,84.1,192.0,2.3,5.4,121.0,95,2026-09-06
Jaipur,2026-09-06 12:00:00,31.1,74.3,204.0,0.9,4.8,128.0,96,2026-09-06
Jaipur,2026-09-06 13:00:00,33.1,75.7,232.0,1.1,4.3,128.0,97,2026-09-06
Jaipur,2026-09-06 14:00:00,33.6,76.4,265.0,1.7,4.0,126.0,98,2026-09-06
Jaipur,2026-09-06 15:00:00,34.1,76.8,286.0,2.0,3.7,123.0,99,2026-09-06
Jaipur,2026-09-06 16:00:00,38.0,102.0,313.0,2.7,3.6,118.0,99,2026-09-06
Jaipur,2026-09-06 17:00:00,25.8,40.5,381.0,7.4,4.7,113.0,101,2026-09-06
Jaipur,2026-09-06 18:00:00,29.3,43.0,534.0,12.1,5.9,98.0,101,2026-09-06
Jaipur,2026-09-06 19:00:00,31.2,40.9,729.0,18.9,7.6,78.0,102,2026-09-06
Jaipur,2026-09-06 20:00:00,32.9,44.1,876.0,25.7,9.5,59.0,102,2026-09-06
Jaipur,2026-09-06 21:00:00,38.1,51.7,934.0,33.4,12.2,44.0,102,2026-09-06
Jaipur,2026-09-06 22:00:00,44.6,60.1,944.0,41.2,15.0,31.0,102,2026-09-06
Jaipur,2026-09-06 23:00:00,50.1,67.1,936.0,44.5,16.3,24.0,103,2026-09-06
Jaipur,2026-09-07 00:00:00,52.4,71.9,927.0,39.8,14.7,29.0,103,2026-09-07
Jaipur,2026-09-07 01:00:00,48.7,71.7,901.0,30.7,11.5,40.0,104,2026-09-07
Jaipur,2026-09-07 02:00:00,39.1,65.2,841.0,22.8,8.7,49.0,104,2026-09-07
Jaipur,2026-09-07 03:00:00,32.8,61.0,726.0,18.4,7.0,50.0,104,2026-09-07
Jaipur,2026-09-07 04:00:00,27.9,55.5,577.0,15.3,5.7,48.0,102,2026-09-07
Jaipur,2026-09-07 05:00:00,24.7,42.7,445.0,12.7,5.7,45.0,101,2026-09-07
Jaipur,2026-09-07 06:00:00,21.6,37.3,346.0,11.3,5.7,45.0,100,2026-09-07
Jaipur,2026-09-07 07:00:00,21.2,35.7,264.0,9.4,5.7,46.0,99,2026-09-07
Jaipur,2026-09-07 08:00:00,22.0,39.3,202.0,7.4,5.7,52.0,98,2026-09-07
Jaipur,2026-09-07 09:00:00,22.9,45.4,167.0,5.4,5.9,67.0,97,2026-09-07
Jaipur,2026-09-07 10:00:00,31.1,108.7,153.0,3.4,6.0,86.0,96,2026-09-07
Jaipur,2026-09-07 11:00:00,29.7,86.8,145.0,2.0,6.0,101.0,96,2026-09-07
Jaipur,2026-09-07 12:00:00,32.5,100.8,135.0,1.2,5.5,106.0,96,2026-09-07
Jaipur,2026-09-07 13:00:00,34.8,111.3,131.0,1.0,4.8,107.0,96,2026-09-07
Jaipur,2026-09-07 14:00:00,35.7,112.9,137.0,1.4,4.3,105.0,96,2026-09-07
Jaipur,2026-09-07 15:00:00,39.8,120.1,154.0,2.1,4.1,104.0,96,2026-09-07
Jaipur,2026-09-07 16:00:00,32.8,90.1,181.0,3.5,4.1,100.0,96,2026-09-07
Jaipur,2026-09-07 17:00:00,30.7,71.9,217.0,7.7,4.5,89.0,96,2026-09-07
Jaipur,2026-09-07 18:00:00,31.7,63.6,275.0,16.6,6.7,73.0,96,2026-09-07
Jaipur,2026-09-07 19:00:00,37.1,71.0,341.0,28.9,9.8,51.0,97,2026-09-07
Jaipur,2026-09-07 20:00:00,42.3,75.4,377.0,37.9,12.0,34.0,97,2026-09-07
Jaipur,2026-09-07 21:00:00,46.1,76.8,357.0,41.2,12.9,25.0,98,2026-09-07
Jaipur,2026-09-07 22:00:00,47.3,74.7,307.0,41.3,13.0,22.0,98,2026-09-07
Jaipur,2026-09-07 23:00:00,41.9,64.3,259.0,38.5,12.3,22.0,99,2026-09-07
Jaipur,2026-09-08 00:00:00,32.9,48.3,222.0,31.4,10.5,28.0,98,2026-09-08
Jaipur,2026-09-08 01:00:00,27.5,40.5,187.0,21.6,8.0,39.0,96,2026-09-08
Jaipur,2026-09-08 02:00:00,24.6,38.3,162.0,13.8,5.9,47.0,95,2026-09-08
Jaipur,2026-09-08 03:00:00,22.9,38.6,152.0,10.4,4.8,49.0,94,2026-09-08
Jaipur,2026-09-08 04:00:00,21.2,38.0,153.0,9.1,4.2,49.0,93,2026-09-08
Jaipur,2026-09-08 05:00:00,17.7,30.3,159.0,8.6,3.1,57.0,92,2026-09-08
Jaipur,2026-09-08 06:00:00,18.6,34.3,172.0,9.3,3.8,54.0,92,2026-09-08
Jaipur,2026-09-08 07:00:00,20.5,36.0,189.0,10.3,4.9,51.0,92,2026-09-08
Jaipur,2026-09-08 08:00:00,22.8,41.1,198.0,10.1,5.5,54.0,92,2026-09-08
Jaipur,2026-09-08 09:00:00,24.1,49.6,189.0,7.8,5.4,67.0,92,2026-09-08
Jaipur,2026-09-08 10:00:00,29.5,94.3,170.0,4.4,4.9,86.0,92,2026-09-08
Jaipur,2026-09-08 11:00:00,30.5,104.3,156.0,1.9,4.5,100.0,92,2026-09-08
Jaipur,2026-09-08 12:00:00,29.9,101.0,148.0,1.0,4.2,107.0,92,2026-09-08
Jaipur,2026-09-08 13:00:00,25.5,64.3,144.0,1.1,3.9,109.0,91,2026-09-08
Jaipur,2026-09-08 14:00:00,23.4,51.6,154.0,1.7,3.7,109.0,91,2026-09-08
Jaipur,2026-09-08 15:00:00,21.9,44.7,179.0,2.8,3.6,106.0,90,2026-09-08
Jaipur,2026-09-08 16:00:00,22.7,51.2,218.0,4.5,3.7,101.0,88,2026-09-08
Jaipur,2026-09-08 17:00:00,33.2,75.4,271.0,6.2,3.9,95.0,88,2026-09-08
Jaipur,2026-09-08 18:00:00,35.9,79.2,363.0,10.8,4.9,83.0,88,2026-09-08
Jaipur,2026-09-08 19:00:00,37.8,78.9,470.0,17.0,6.4,66.0,88,2026-09-08
Jaipur,2026-09-08 20:00:00,38.6,81.0,517.0,20.9,7.3,53.0,88,2026-09-08
Jaipur,2026-09-08 21:00:00,38.4,85.2,452.0,20.5,7.3,49.0,88,2026-09-08
Jaipur,2026-09-08 22:00:00,38.3,92.4,327.0,17.8,6.9,50.0,87,2026-09-08
Jaipur,2026-09-08 23:00:00,37.8,99.7,228.0,15.2,6.3,51.0,87,2026-09-08
Jaipur,2026-09-09 00:00:00,36.7,104.1,189.0,13.2,5.6,52.0,86,2026-09-09
Jaipur,2026-09-09 01:00:00,36.1,108.7,176.0,11.3,4.9,54.0,86,2026-09-09
Jaipur,2026-09-09 02:00:00,35.9,115.0,168.0,9.9,4.3,55.0,87,2026-09-09
Jaipur,2026-09-09 03:00:00,35.7,122.0,159.0,9.4,4.0,53.0,88,2026-09-09
Jaipur,2026-09-09 04:00:00,34.7,122.9,155.0,9.4,3.9,50.0,89,2026-09-09
Jaipur,2026-09-09 05:00:00,33.9,122.0,159.0,7.9,3.5,55.0,90,2026-09-09
Jaipur,2026-09-09 06:00:00,32.2,115.7,177.0,8.0,3.9,56.0,91,2026-09-09
Jaipur,2026-09-09 07:00:00,31.2,104.8,202.0,8.0,4.3,57.0,92,2026-09-09
Jaipur,2026-09-09 08:00:00,29.7,96.9,213.0,7.4,4.7,63.0,93,2026-09-09
Jaipur,2026-09-09 09:00:00,30.0,108.5,197.0,5.7,4.8,76.0,94,2026-09-09
Jaipur,2026-09-09 10:00:00,30.7,115.7,167.0,3.5,4.8,93.0,94,2026-09-09
Jaipur,2026-09-09 11:00:00,30.3,110.6,146.0,1.9,4.7,106.0,94,2026-09-09
Jaipur,2026-09-09 12:00:00,29.2,102.0,140.0,1.3,4.5,112.0,94,2026-09-09
Jaipur,2026-09-09 13:00:00,28.2,95.0,141.0,1.2,4.2,115.0,94,2026-09-09
Jaipur,2026-09-09 14:00:00,27.4,88.9,153.0,1.8,4.0,115.0,95,2026-09-09
Jaipur,2026-09-09 15:00:00,26.9,84.5,180.0,2.8,3.9,113.0,95,2026-09-09
Jaipur,2026-09-09 16:00:00,26.8,82.7,216.0,4.5,3.9,108.0,95,2026-09-09
Jaipur,2026-09-09 17:00:00,31.2,88.9,249.0,7.0,4.0,96.0,96,2026-09-09
Jaipur,2026-09-09 18:00:00,32.6,82.7,277.0,11.2,4.9,84.0,95,2026-09-09
Jaipur,2026-09-09 19:00:00,34.0,78.7,300.0,16.9,6.2,68.0,95,2026-09-09
Jaipur,2026-09-09 20:00:00,34.8,80.6,310.0,20.9,7.1,55.0,95,2026-09-09
Jaipur,2026-09-09 21:00:00,34.5,79.4,298.0,21.7,7.3,49.0,95,2026-09-09
Jaipur,2026-09-09 22:00:00,33.8,76.4,272.0,20.8,7.1,46.0,94,2026-09-09
Jaipur,2026-09-09 23:00:00,32.5,74.3,246.0,19.4,6.7,45.0,94,2026-09-09
Jaipur,2026-09-10 00:00:00,30.3,72.6,222.0,17.8,6.2,45.0,93,2026-09-10
Jaipur,2026-09-10 01:00:00,28.6,73.1,198.0,15.8,5.5,46.0,93,2026-09-10
Jaipur,2026-09-10 02:00:00,27.6,76.8,179.0,14.1,5.0,46.0,92,2026-09-10
Jaipur,2026-09-10 03:00:00,27.0,81.7,164.0,13.0,4.7,45.0,92,2026-09-10
Jaipur,2026-09-10 04:00:00,26.1,82.4,153.0,12.2,4.5,43.0,91,2026-09-10
Jaipur,2026-09-10 05:00:00,25.4,87.8,152.0,8.4,3.7,51.0,90,2026-09-10
Jaipur,2026-09-10 06:00:00,24.4,83.8,170.0,8.1,3.9,52.0,90,2026-09-10
Jaipur,2026-09-10 07:00:00,24.6,80.8,197.0,7.7,4.2,55.0,89,2026-09-10
Jaipur,2026-09-10 08:00:00,23.7,78.2,212.0,6.9,4.4,61.0,89,2026-09-10
Jaipur,2026-09-10 09:00:00,24.0,88.5,200.0,5.3,4.3,75.0,88,2026-09-10
Jaipur,2026-09-10 10:00:00,23.9,89.6,175.0,3.3,4.0,92.0,88,2026-09-10
Jaipur,2026-09-10 11:00:00,23.1,83.1,155.0,1.9,3.8,105.0,87,2026-09-10
Jaipur,2026-09-10 12:00:00,20.5,56.7,145.0,1.2,3.7,111.0,87,2026-09-10
Jaipur,2026-09-10 13:00:00,20.0,49.8,141.0,1.0,3.6,113.0,86,2026-09-10
Jaipur,2026-09-10 14:00:00,20.4,50.6,148.0,1.7,3.6,112.0,85,2026-09-10
Jaipur,2026-09-10 15:00:00,20.8,55.1,159.0,3.0,3.6,109.0,85,2026-09-10
Jaipur,2026-09-10 16:00:00,20.3,51.9,182.0,5.3,3.7,104.0,84,2026-09-10
Jaipur,2026-09-10 17:00:00,25.1,58.4,239.0,7.8,4.1,98.0,84,2026-09-10
Jaipur,2026-09-10 18:00:00,27.2,53.8,375.0,15.5,5.7,82.0,83,2026-09-10
Jaipur,2026-09-10 19:00:00,30.3,53.2,547.0,26.0,7.9,59.0,83,2026-09-10
Jaipur,2026-09-10 20:00:00,32.6,53.4,647.0,32.7,9.3,43.0,82,2026-09-10
Jaipur,2026-09-10 21:00:00,32.5,52.9,617.0,32.2,9.2,39.0,82,2026-09-10
Jaipur,2026-09-10 22:00:00,31.4,55.2,516.0,27.8,8.3,41.0,82,2026-09-10
Jaipur,2026-09-10 23:00:00,29.3,63.1,417.0,23.5,7.4,44.0,82,2026-09-10
Jaipur,2026-09-11 00:00:00,26.5,63.6,340.0,20.1,6.5,46.0,82,2026-09-11
Jaipur,2026-09-11 01:00:00,24.2,60.8,265.0,16.6,5.5,49.0,81,2026-09-11
Jaipur,2026-09-11 02:00:00,22.2,56.2,211.0,14.1,4.8,51.0,81,2026-09-11
Jaipur,2026-09-11 03:00:00,21.0,53.8,186.0,13.3,4.6,49.0,81,2026-09-11
Jaipur,2026-09-11 04:00:00,20.6,55.3,182.0,13.4,4.6,46.0,80,2026-09-11
Jaipur,2026-09-11 05:00:00,20.4,60.3,190.0,11.7,4.5,50.0,80,2026-09-11
Jaipur,2026-09-11 06:00:00,20.2,59.6,221.0,11.3,5.0,53.0,79,2026-09-11
Jaipur,2026-09-11 07:00:00,21.0,59.3,264.0,10.6,5.6,59.0,79,2026-09-11
Jaipur,2026-09-11 08:00:00,21.8,58.8,282.0,9.4,5.9,67.0,79,2026-09-11
Jaipur,2026-09-11 09:00:00,26.1,88.2,249.0,7.1,5.4,81.0,79,2026-09-11
Jaipur,2026-09-11 10:00:00,35.2,140.6,192.0,4.2,4.5,98.0,79,2026-09-11
Jaipur,2026-09-11 11:00:00,38.0,145.3,150.0,2.1,4.1,113.0,80,2026-09-11
Jaipur,2026-09-11 12:00:00,35.4,117.6,138.0,1.3,4.5,123.0,81,2026-09-11
Jaipur,2026-09-11 13:00:00,33.4,99.0,141.0,1.2,5.3,131.0,82,2026-09-11
Jaipur,2026-09-11 14:00:00,34.2,102.7,162.0,1.9,6.0,135.0,83,2026-09-11
Jaipur,2026-09-11 15:00:00,32.6,87.5,207.0,3.4,6.3,134.0,84,2026-09-11
Jaipur,2026-09-11 16:00:00,36.3,101.5,269.0,5.7,6.6,130.0,85,2026-09-11
Jaipur,2026-09-11 17:00:00,36.4,83.8,330.0,6.7,9.7,123.0,86,2026-09-11
Jaipur,2026-09-11 18:00:00,38.9,83.1,393.0,9.1,10.1,115.0,87,2026-09-11
Jaipur,2026-09-11 19:00:00,39.8,77.5,454.0,12.4,10.7,103.0,88,2026-09-11
Jaipur,2026-09-11 20:00:00,38.6,73.1,487.0,14.4,10.7,94.0,89,2026-09-11
Jaipur,2026-09-11 21:00:00,34.5,66.8,472.0,14.1,9.8,90.0,89,2026-09-11
Jaipur,2026-09-11 22:00:00,29.8,61.9,428.0,12.6,8.5,88.0,89,2026-09-11
Jaipur,2026-09-11 23:00:00,25.5,55.5,390.0,11.2,7.2,86.0,89,2026-09-11
Jaipur,2026-09-12 00:00:00,18.7,27.5,368.0,10.2,6.2,84.0,89,2026-09-12
Jaipur,2026-09-12 01:00:00,14.7,18.3,352.0,9.2,5.3,81.0,88,2026-09-12
Jaipur,2026-09-12 02:00:00,12.3,13.5,342.0,8.6,4.7,78.0,88,2026-09-12
Jaipur,2026-09-12 03:00:00,11.2,11.6,341.0,8.5,4.7,73.0,87,2026-09-12
Jaipur,2026-09-12 04:00:00,11.3,11.5,345.0,8.8,5.0,68.0,86,2026-09-12
Jaipur,2026-09-12 05:00:00,10.4,10.4,348.0,8.6,4.5,70.0,85,2026-09-12
Jaipur,2026-09-12 06:00:00,11.2,11.3,348.0,9.2,5.5,68.0,85,2026-09-12
Jaipur,2026-09-12 07:00:00,12.1,12.2,346.0,10.0,6.8,65.0,84,2026-09-12
Jaipur,2026-09-12 08:00:00,12.1,12.2,337.0,9.9,7.6,68.0,83,2026-09-12
Jaipur,2026-09-12 09:00:00,8.7,8.8,313.0,8.0,7.4,82.0,82,2026-09-12
Jaipur,2026-09-12 10:00:00,9.0,9.1,281.0,5.3,6.6,102.0,81,2026-09-12
Jaipur,2026-09-12 11:00:00,10.4,10.5,260.0,3.3,5.8,117.0,79,2026-09-12
Jaipur,2026-09-12 12:00:00,15.0,41.3,261.0,2.7,5.2,124.0,77,2026-09-12
Jaipur,2026-09-12 13:00:00,13.3,28.9,272.0,2.7,4.6,126.0,75,2026-09-12
Jaipur,2026-09-12 14:00:00,17.1,54.0,283.0,3.2,4.3,127.0,74,2026-09-12
Jaipur,2026-09-12 15:00:00,15.9,46.1,286.0,3.8,4.3,127.0,72,2026-09-12
Jaipur,2026-09-12 16:00:00,14.9,30.3,288.0,4.8,4.5,125.0,71,2026-09-12
Jaipur,2026-09-12 17:00:00,6.7,6.8,296.0,7.4,3.6,97.0,69,2026-09-12
Jaipur,2026-09-12 18:00:00,7.5,7.6,318.0,10.5,4.6,88.0,68,2026-09-12
Jaipur,2026-09-12 19:00:00,9.6,9.6,346.0,14.7,5.9,77.0,65,2026-09-12
Jaipur,2026-09-12 20:00:00,10.6,10.6,361.0,17.6,6.9,68.0,62,2026-09-12
Jaipur,2026-09-12 21:00:00,11.2,11.2,353.0,18.3,7.4,65.0,60,2026-09-12
Jaipur,2026-09-12 22:00:00,11.8,11.9,332.0,17.7,7.5,65.0,58,2026-09-12
Jaipur,2026-09-12 23:00:00,12.0,12.2,310.0,16.6,7.5,67.0,57,2026-09-12
Jaipur,2026-09-13 00:00:00,12.0,12.2,290.0,14.8,7.3,70.0,56,2026-09-13
Jaipur,2026-09-13 01:00:00,12.6,12.9,270.0,12.5,7.0,75.0,55,2026-09-13
Jaipur,2026-09-13 02:00:00,13.3,13.7,256.0,10.6,6.6,78.0,55,2026-09-13
Jaipur,2026-09-13 03:00:00,13.4,13.9,252.0,9.6,6.2,78.0,55,2026-09-13
Jaipur,2026-09-13 04:00:00,13.6,14.1,255.0,9.0,5.8,77.0,55,2026-09-13
Jaipur,2026-09-13 05:00:00,15.7,16.1,260.0,10.3,7.2,71.0,55,2026-09-13
Jaipur,2026-09-13 06:00:00,15.9,16.4,269.0,9.2,7.4,77.0,56,2026-09-13
Jaipur,2026-09-13 07:00:00,16.8,17.1,280.0,7.7,7.8,85.0,56,2026-09-13
Jaipur,2026-09-13 08:00:00,16.8,17.2,282.0,6.2,7.8,95.0,57,2026-09-13
Jaipur,2026-09-13 09:00:00,17.3,18.1,266.0,4.6,7.4,108.0,57,2026-09-13
Jaipur,2026-09-13 10:00:00,18.0,19.0,242.0,3.0,6.6,122.0,58,2026-09-13
Jaipur,2026-09-13 11:00:00,17.9,19.2,224.0,1.9,6.0,133.0,58,2026-09-13
Jaipur,2026-09-13 12:00:00,17.4,18.7,220.0,1.4,5.5,138.0,59,2026-09-13
Jaipur,2026-09-13 13:00:00,17.1,18.3,223.0,1.3,5.1,139.0,59,2026-09-13
Jaipur,2026-09-13 14:00:00,16.4,17.8,227.0,1.6,4.8,138.0,59,2026-09-13
Jaipur,2026-09-13 15:00:00,16.1,17.4,228.0,2.3,4.7,135.0,70,2026-09-13
Jaipur,2026-09-13 16:00:00,15.8,17.2,231.0,3.5,4.8,131.0,81,2026-09-13
Jaipur,2026-09-13 17:00:00,16.8,18.9,238.0,4.3,4.7,122.0,89,2026-09-13
Jaipur,2026-09-13 18:00:00,16.9,18.6,257.0,6.1,5.4,115.0,92,2026-09-13
Jaipur,2026-09-13 19:00:00,17.6,24.2,280.0,8.6,6.3,104.0,90,2026-09-13
Jaipur,2026-09-13 20:00:00,17.9,29.9,293.0,10.3,7.0,96.0,84,2026-09-13
Jaipur,2026-09-13 21:00:00,17.3,31.4,285.0,10.7,7.2,92.0,75,2026-09-13
Jaipur,2026-09-13 22:00:00,16.9,31.3,267.0,10.4,7.2,91.0,65,2026-09-13
Jaipur,2026-09-13 23:00:00,15.4,19.4,252.0,9.8,7.1,90.0,63,2026-09-13
Lucknow,2026-08-15 00:00:00,39.7,40.0,579.0,25.8,10.6,38.0,79,2026-08-15
Lucknow,2026-08-15 01:00:00,40.4,40.7,560.0,24.1,10.0,39.0,80,2026-08-15
Lucknow,2026-08-15 02:00:00,40.5,40.9,540.0,22.8,9.6,39.0,80,2026-08-15
Lucknow,2026-08-15 03:00:00,39.5,39.8,522.0,23.2,9.4,35.0,82,2026-08-15
Lucknow,2026-08-15 04:00:00,39.3,39.9,503.0,23.9,9.2,31.0,83,2026-08-15
Lucknow,2026-08-15 05:00:00,38.8,39.3,488.0,26.3,9.1,25.0,84,2026-08-15
Lucknow,2026-08-15 06:00:00,40.6,41.1,483.0,22.7,9.3,42.0,85,2026-08-15
Lucknow,2026-08-15 07:00:00,38.2,38.4,481.0,17.6,9.5,66.0,87,2026-08-15
Lucknow,2026-08-15 08:00:00,31.7,31.8,462.0,12.8,9.2,90.0,88,2026-08-15
Lucknow,2026-08-15 09:00:00,24.2,24.4,408.0,8.7,8.1,115.0,89,2026-08-15
Lucknow,2026-08-15 10:00:00,22.6,23.0,337.0,5.0,6.6,141.0,89,2026-08-15
Lucknow,2026-08-15 11:00:00,22.1,22.8,287.0,2.4,5.4,160.0,90,2026-08-15
Lucknow,2026-08-15 12:00:00,22.2,23.0,275.0,1.3,4.8,168.0,90,2026-08-15
Lucknow,2026-08-15 13:00:00,22.1,23.0,285.0,1.2,4.6,169.0,90,2026-08-15
Lucknow,2026-08-15 14:00:00,21.7,22.6,302.0,2.1,4.6,165.0,90,2026-08-15
Lucknow,2026-08-15 15:00:00,21.5,22.5,320.0,3.7,4.5,154.0,95,2026-08-15
Lucknow,2026-08-15 16:00:00,21.8,22.7,346.0,6.1,4.6,138.0,114,2026-08-15
Lucknow,2026-08-15 17:00:00,19.4,20.7,384.0,5.2,4.8,143.0,124,2026-08-15
Lucknow,2026-08-15 18:00:00,26.6,27.6,448.0,10.2,6.4,124.0,130,2026-08-15
Lucknow,2026-08-15 19:00:00,32.4,33.3,525.0,17.1,8.6,99.0,126,2026-08-15
Lucknow,2026-08-15 20:00:00,34.3,35.3,583.0,21.7,9.9,79.0,113,2026-08-15
Lucknow,2026-08-15 21:00:00,38.6,39.7,611.0,21.9,9.6,72.0,94,2026-08-15
Lucknow,2026-08-15 22:00:00,38.8,39.9,620.0,19.9,8.5,71.0,92,2026-08-15
Lucknow,2026-08-15 23:00:00,31.8,32.7,610.0,18.1,7.5,70.0,92,2026-08-15
Lucknow,2026-08-16 00:00:00,28.1,28.8,574.0,17.2,6.9,67.0,92,2026-08-16
Lucknow,2026-08-16 01:00:00,25.5,26.1,520.0,16.4,6.5,63.0,91,2026-08-16
Lucknow,2026-08-16 02:00:00,24.2,24.8,470.0,15.9,6.3,61.0,90,2026-08-16
Lucknow,2026-08-16 03:00:00,26.2,26.9,430.0,15.9,6.4,59.0,89,2026-08-16
Lucknow,2026-08-16 04:00:00,28.2,29.0,394.0,16.1,6.8,57.0,87,2026-08-16
Lucknow,2026-08-16 05:00:00,17.5,18.0,368.0,11.0,4.4,74.0,87,2026-08-16
Lucknow,2026-08-16 06:00:00,18.6,19.1,355.0,10.6,5.0,77.0,85,2026-08-16
Lucknow,2026-08-16 07:00:00,20.3,20.9,352.0,9.9,5.8,82.0,83,2026-08-16
Lucknow,2026-08-16 08:00:00,21.7,22.7,349.0,8.8,6.3,90.0,82,2026-08-16
Lucknow,2026-08-16 09:00:00,23.7,25.1,344.0,6.9,6.3,105.0,81,2026-08-16
Lucknow,2026-08-16 10:00:00,25.3,26.7,339.0,4.6,6.0,124.0,81,2026-08-16
Lucknow,2026-08-16 11:00:00,24.6,25.8,335.0,3.3,5.7,134.0,81,2026-08-16
Lucknow,2026-08-16 12:00:00,25.0,26.1,330.0,3.7,5.4,130.0,81,2026-08-16
Lucknow,2026-08-16 13:00:00,22.6,23.3,325.0,5.1,5.1,117.0,82,2026-08-16
Lucknow,2026-08-16 14:00:00,21.8,22.4,325.0,6.6,5.1,107.0,82,2026-08-16
Lucknow,2026-08-16 15:00:00,22.9,23.3,328.0,7.6,5.4,103.0,82,2026-08-16
Lucknow,2026-08-16 16:00:00,23.1,23.5,336.0,8.8,5.9,101.0,82,2026-08-16
Lucknow,2026-08-16 17:00:00,16.9,17.2,357.0,9.1,4.9,105.0,82,2026-08-16
Lucknow,2026-08-16 18:00:00,19.4,19.7,407.0,12.8,6.3,92.0,82,2026-08-16
Lucknow,2026-08-16 19:00:00,26.3,26.4,470.0,18.0,8.3,74.0,81,2026-08-16
Lucknow,2026-08-16 20:00:00,29.5,29.7,514.0,22.2,10.0,59.0,81,2026-08-16
Lucknow,2026-08-16 21:00:00,32.5,32.7,527.0,24.6,11.1,50.0,80,2026-08-16
Lucknow,2026-08-16 22:00:00,36.2,36.4,520.0,26.0,11.8,44.0,80,2026-08-16
Lucknow,2026-08-16 23:00:00,38.6,38.9,497.0,26.4,12.0,41.0,80,2026-08-16
Lucknow,2026-08-17 00:00:00,38.4,38.5,448.0,25.3,11.6,42.0,80,2026-08-17
Lucknow,2026-08-17 01:00:00,36.6,36.8,384.0,23.1,10.7,46.0,81,2026-08-17
Lucknow,2026-08-17 02:00:00,33.4,33.6,333.0,21.1,9.8,50.0,82,2026-08-17
Lucknow,2026-08-17 03:00:00,32.8,33.2,310.0,19.7,9.0,51.0,82,2026-08-17
Lucknow,2026-08-17 04:00:00,29.7,30.4,300.0,18.5,8.2,51.0,83,2026-08-17
Lucknow,2026-08-17 05:00:00,21.9,22.5,298.0,11.6,5.8,75.0,83,2026-08-17
Lucknow,2026-08-17 06:00:00,21.9,22.8,306.0,11.2,6.3,79.0,83,2026-08-17
Lucknow,2026-08-17 07:00:00,19.3,20.8,321.0,10.6,7.0,85.0,84,2026-08-17
Lucknow,2026-08-17 08:00:00,17.1,22.8,324.0,9.6,7.7,92.0,84,2026-08-17
Lucknow,2026-08-17 09:00:00,20.1,43.8,301.0,7.9,8.3,102.0,83,2026-08-17
Lucknow,2026-08-17 10:00:00,22.6,54.5,266.0,5.9,8.8,113.0,83,2026-08-17
Lucknow,2026-08-17 11:00:00,23.7,57.2,241.0,4.3,9.1,123.0,83,2026-08-17
Lucknow,2026-08-17 12:00:00,24.0,56.5,232.0,3.3,9.1,131.0,83,2026-08-17
Lucknow,2026-08-17 13:00:00,24.2,56.2,233.0,2.9,8.9,137.0,83,2026-08-17
Lucknow,2026-08-17 14:00:00,25.0,56.8,251.0,3.1,8.7,139.0,83,2026-08-17
Lucknow,2026-08-17 15:00:00,25.6,55.3,298.0,4.4,8.5,135.0,83,2026-08-17
Lucknow,2026-08-17 16:00:00,25.5,51.5,361.0,6.4,8.4,127.0,83,2026-08-17
Lucknow,2026-08-17 17:00:00,34.0,78.5,409.0,6.5,10.0,124.0,83,2026-08-17
Lucknow,2026-08-17 18:00:00,38.4,68.9,430.0,12.7,11.7,105.0,85,2026-08-17
Lucknow,2026-08-17 19:00:00,46.1,76.6,436.0,21.0,13.9,79.0,86,2026-08-17
Lucknow,2026-08-17 20:00:00,45.5,68.2,431.0,26.3,14.9,60.0,88,2026-08-17
Lucknow,2026-08-17 21:00:00,41.9,59.0,413.0,25.5,13.5,55.0,89,2026-08-17
Lucknow,2026-08-17 22:00:00,36.8,50.3,385.0,21.7,10.8,57.0,90,2026-08-17
Lucknow,2026-08-17 23:00:00,33.6,43.0,357.0,18.1,8.4,59.0,90,2026-08-17
Lucknow,2026-08-18 00:00:00,29.0,36.8,332.0,15.9,6.9,60.0,89,2026-08-18
Lucknow,2026-08-18 01:00:00,26.4,33.4,307.0,13.9,5.6,62.0,89,2026-08-18
Lucknow,2026-08-18 02:00:00,24.5,31.1,286.0,12.5,4.8,63.0,88,2026-08-18
Lucknow,2026-08-18 03:00:00,23.7,29.9,267.0,11.8,4.4,63.0,87,2026-08-18
Lucknow,2026-08-18 04:00:00,22.8,29.0,251.0,11.7,4.3,63.0,87,2026-08-18
Lucknow,2026-08-18 05:00:00,22.5,28.1,249.0,12.6,5.8,60.0,86,2026-08-18
Lucknow,2026-08-18 06:00:00,23.5,30.4,271.0,12.3,6.2,63.0,86,2026-08-18
Lucknow,2026-08-18 07:00:00,24.1,34.3,307.0,11.7,6.7,68.0,86,2026-08-18
Lucknow,2026-08-18 08:00:00,24.0,42.3,332.0,10.7,7.5,77.0,87,2026-08-18
Lucknow,2026-08-18 09:00:00,24.2,46.9,335.0,8.7,8.7,92.0,87,2026-08-18
Lucknow,2026-08-18 10:00:00,23.2,48.3,327.0,6.3,10.0,111.0,87,2026-08-18
Lucknow,2026-08-18 11:00:00,22.7,46.1,318.0,4.4,11.0,128.0,87,2026-08-18
Lucknow,2026-08-18 12:00:00,21.2,41.4,305.0,3.3,11.2,142.0,87,2026-08-18
Lucknow,2026-08-18 13:00:00,22.4,40.6,291.0,2.7,10.9,153.0,87,2026-08-18
Lucknow,2026-08-18 14:00:00,22.9,40.2,291.0,2.9,10.7,158.0,87,2026-08-18
Lucknow,2026-08-18 15:00:00,23.6,39.8,299.0,3.8,10.5,156.0,87,2026-08-18
Lucknow,2026-08-18 16:00:00,24.1,39.2,321.0,5.5,10.4,148.0,87,2026-08-18
Lucknow,2026-08-18 17:00:00,27.6,47.5,387.0,5.7,9.5,141.0,98,2026-08-18
Lucknow,2026-08-18 18:00:00,34.8,47.5,540.0,18.1,13.2,114.0,108,2026-08-18
Lucknow,2026-08-18 19:00:00,46.2,59.8,738.0,34.9,18.3,77.0,109,2026-08-18
Lucknow,2026-08-18 20:00:00,62.2,75.2,887.0,45.8,21.4,49.0,98,2026-08-18
Lucknow,2026-08-18 21:00:00,64.3,75.2,951.0,45.1,20.7,41.0,87,2026-08-18
Lucknow,2026-08-18 22:00:00,56.8,65.9,965.0,38.6,17.9,43.0,89,2026-08-18
Lucknow,2026-08-18 23:00:00,55.1,62.9,942.0,32.9,15.5,45.0,90,2026-08-18
Lucknow,2026-08-19 00:00:00,53.0,59.5,859.0,30.5,14.1,42.0,92,2026-08-19
Lucknow,2026-08-19 01:00:00,52.6,58.7,738.0,29.1,13.1,39.0,94,2026-08-19
Lucknow,2026-08-19 02:00:00,52.4,58.2,660.0,28.2,12.3,36.0,96,2026-08-19
Lucknow,2026-08-19 03:00:00,52.6,58.2,682.0,28.4,11.9,30.0,98,2026-08-19
Lucknow,2026-08-19 04:00:00,52.7,58.2,746.0,29.2,11.7,23.0,101,2026-08-19
Lucknow,2026-08-19 05:00:00,48.1,52.9,757.0,24.2,12.0,38.0,104,2026-08-19
Lucknow,2026-08-19 06:00:00,47.1,51.8,656.0,20.7,12.8,54.0,106,2026-08-19
Lucknow,2026-08-19 07:00:00,40.5,45.6,504.0,15.8,14.0,76.0,109,2026-08-19
Lucknow,2026-08-19 08:00:00,33.9,39.8,383.0,11.4,15.1,100.0,111,2026-08-19
Lucknow,2026-08-19 09:00:00,30.6,37.5,329.0,8.0,16.2,126.0,112,2026-08-19
Lucknow,2026-08-19 10:00:00,31.0,38.6,307.0,5.1,17.2,154.0,112,2026-08-19
Lucknow,2026-08-19 11:00:00,31.7,39.6,299.0,3.1,17.2,173.0,113,2026-08-19
Lucknow,2026-08-19 12:00:00,32.6,39.9,304.0,2.1,15.7,180.0,114,2026-08-19
Lucknow,2026-08-19 13:00:00,31.8,38.3,323.0,2.0,13.2,180.0,115,2026-08-19
Lucknow,2026-08-19 14:00:00,29.9,35.3,344.0,2.4,11.0,175.0,116,2026-08-19
Lucknow,2026-08-19 15:00:00,28.0,32.0,357.0,3.0,9.3,166.0,117,2026-08-19
Lucknow,2026-08-19 16:00:00,26.5,29.6,373.0,4.1,7.9,152.0,133,2026-08-19
Lucknow,2026-08-19 17:00:00,28.3,29.6,405.0,6.5,5.6,134.0,144,2026-08-19
Lucknow,2026-08-19 18:00:00,32.4,33.3,475.0,12.2,7.6,115.0,146,2026-08-19
Lucknow,2026-08-19 19:00:00,36.4,37.0,561.0,20.1,10.3,89.0,138,2026-08-19
Lucknow,2026-08-19 20:00:00,41.7,42.1,619.0,26.1,12.2,68.0,120,2026-08-19
Lucknow,2026-08-19 21:00:00,41.7,42.0,621.0,28.5,12.6,57.0,114,2026-08-19
Lucknow,2026-08-19 22:00:00,42.3,42.5,594.0,28.9,12.3,50.0,112,2026-08-19
Lucknow,2026-08-19 23:00:00,43.4,43.7,570.0,28.4,11.7,46.0,111,2026-08-19
Lucknow,2026-08-20 00:00:00,40.9,41.3,568.0,26.7,10.9,44.0,109,2026-08-20
Lucknow,2026-08-20 01:00:00,39.7,40.2,571.0,24.0,9.9,44.0,108,2026-08-20
Lucknow,2026-08-20 02:00:00,39.3,39.9,553.0,22.1,9.2,44.0,107,2026-08-20
Lucknow,2026-08-20 03:00:00,41.2,41.8,494.0,22.5,9.2,42.0,105,2026-08-20
Lucknow,2026-08-20 04:00:00,42.5,43.2,416.0,23.7,9.6,39.0,104,2026-08-20
Lucknow,2026-08-20 05:00:00,30.5,30.9,360.0,15.9,7.3,56.0,103,2026-08-20
Lucknow,2026-08-20 06:00:00,31.0,31.3,352.0,13.7,8.4,68.0,101,2026-08-20
Lucknow,2026-08-20 07:00:00,30.5,31.1,367.0,10.5,10.0,85.0,100,2026-08-20
Lucknow,2026-08-20 08:00:00,32.4,32.9,372.0,7.7,11.3,102.0,99,2026-08-20
Lucknow,2026-08-20 09:00:00,31.7,32.2,347.0,5.6,12.1,120.0,99,2026-08-20
Lucknow,2026-08-20 10:00:00,32.6,33.4,313.0,3.8,12.7,139.0,99,2026-08-20
Lucknow,2026-08-20 11:00:00,31.4,32.2,293.0,2.5,12.9,154.0,99,2026-08-20
Lucknow,2026-08-20 12:00:00,31.5,32.4,301.0,1.7,12.6,163.0,99,2026-08-20
Lucknow,2026-08-20 13:00:00,31.9,32.8,325.0,1.5,12.0,167.0,99,2026-08-20
Lucknow,2026-08-20 14:00:00,31.8,32.7,349.0,2.2,11.4,165.0,99,2026-08-20
Lucknow,2026-08-20 15:00:00,31.4,32.2,368.0,3.6,10.5,155.0,99,2026-08-20
Lucknow,2026-08-20 16:00:00,32.8,33.8,387.0,5.9,9.6,139.0,114,2026-08-20
Lucknow,2026-08-20 17:00:00,40.6,41.7,415.0,8.3,11.3,129.0,122,2026-08-20
Lucknow,2026-08-20 18:00:00,45.3,46.1,462.0,13.4,12.7,113.0,124,2026-08-20
Lucknow,2026-08-20 19:00:00,49.1,49.9,518.0,20.3,14.6,90.0,119,2026-08-20
Lucknow,2026-08-20 20:00:00,52.6,53.4,555.0,24.9,15.9,73.0,105,2026-08-20
Lucknow,2026-08-20 21:00:00,52.3,53.0,566.0,25.0,16.1,67.0,105,2026-08-20
Lucknow,2026-08-20 22:00:00,51.7,52.3,559.0,22.9,15.6,67.0,106,2026-08-20
Lucknow,2026-08-20 23:00:00,49.9,50.5,532.0,21.0,15.1,66.0,107,2026-08-20
Lucknow,2026-08-21 00:00:00,48.4,49.1,466.0,20.3,14.6,63.0,108,2026-08-21
Lucknow,2026-08-21 01:00:00,48.2,48.9,379.0,19.9,14.1,61.0,108,2026-08-21
Lucknow,2026-08-21 02:00:00,48.4,49.1,325.0,19.6,13.6,58.0,109,2026-08-21
Lucknow,2026-08-21 03:00:00,48.4,49.0,337.0,19.8,13.3,52.0,110,2026-08-21
Lucknow,2026-08-21 04:00:00,47.8,48.4,382.0,20.2,13.1,47.0,111,2026-08-21
Lucknow,2026-08-21 05:00:00,52.3,53.1,418.0,23.3,14.2,46.0,111,2026-08-21
Lucknow,2026-08-21 06:00:00,53.1,53.9,433.0,20.3,14.6,61.0,114,2026-08-21
Lucknow,2026-08-21 07:00:00,52.4,53.3,439.0,16.0,15.2,82.0,116,2026-08-21
Lucknow,2026-08-21 08:00:00,50.8,51.9,432.0,12.0,15.5,105.0,118,2026-08-21
Lucknow,2026-08-21 09:00:00,49.5,51.0,404.0,8.6,15.2,133.0,120,2026-08-21
Lucknow,2026-08-21 10:00:00,48.4,50.2,364.0,5.5,14.6,164.0,122,2026-08-21
Lucknow,2026-08-21 11:00:00,48.3,50.1,333.0,3.3,13.8,185.0,124,2026-08-21
Lucknow,2026-08-21 12:00:00,47.7,49.5,321.0,2.4,12.6,190.0,126,2026-08-21
Lucknow,2026-08-21 13:00:00,45.5,47.1,319.0,2.5,11.2,186.0,127,2026-08-21
Lucknow,2026-08-21 14:00:00,43.5,45.1,324.0,3.4,10.0,177.0,129,2026-08-21
Lucknow,2026-08-21 15:00:00,42.4,43.8,332.0,5.0,9.2,165.0,130,2026-08-21
Lucknow,2026-08-21 16:00:00,41.2,42.4,348.0,7.5,8.8,148.0,144,2026-08-21
Lucknow,2026-08-21 17:00:00,33.4,34.9,380.0,8.7,8.3,113.0,152,2026-08-21
Lucknow,2026-08-21 18:00:00,42.0,43.2,436.0,13.9,10.1,100.0,149,2026-08-21
Lucknow,2026-08-21 19:00:00,48.4,49.6,509.0,20.9,12.5,82.0,135,2026-08-21
Lucknow,2026-08-21 20:00:00,48.0,49.0,583.0,25.7,14.1,69.0,131,2026-08-21
Lucknow,2026-08-21 21:00:00,49.1,49.9,672.0,26.1,14.0,64.0,130,2026-08-21
Lucknow,2026-08-21 22:00:00,43.7,44.5,763.0,24.3,13.1,64.0,130,2026-08-21
Lucknow,2026-08-21 23:00:00,43.9,44.7,803.0,22.1,11.9,65.0,129,2026-08-21
Lucknow,2026-08-22 00:00:00,44.0,44.6,751.0,19.9,10.4,65.0,128,2026-08-22
Lucknow,2026-08-22 01:00:00,38.0,38.5,647.0,17.3,8.6,67.0,128,2026-08-22
Lucknow,2026-08-22 02:00:00,33.5,33.9,559.0,15.3,7.4,68.0,127,2026-08-22
Lucknow,2026-08-22 03:00:00,32.2,32.7,509.0,14.5,7.3,69.0,125,2026-08-22
Lucknow,2026-08-22 04:00:00,31.7,32.1,474.0,14.2,7.7,70.0,124,2026-08-22
Lucknow,2026-08-22 05:00:00,35.9,37.3,453.0,14.9,9.4,67.0,122,2026-08-22
Lucknow,2026-08-22 06:00:00,33.5,34.5,453.0,14.1,9.4,74.0,120,2026-08-22
Lucknow,2026-08-22 07:00:00,30.2,31.0,466.0,12.9,9.4,84.0,118,2026-08-22
Lucknow,2026-08-22 08:00:00,28.3,29.0,467.0,11.5,9.3,94.0,116,2026-08-22
Lucknow,2026-08-22 09:00:00,26.3,26.8,442.0,9.8,9.0,105.0,114,2026-08-22
Lucknow,2026-08-22 10:00:00,25.8,26.1,405.0,7.9,8.6,117.0,111,2026-08-22
Lucknow,2026-08-22 11:00:00,24.6,25.2,376.0,6.3,8.2,126.0,109,2026-08-22
Lucknow,2026-08-22 12:00:00,23.1,24.3,357.0,5.2,8.0,133.0,106,2026-08-22
Lucknow,2026-08-22 13:00:00,21.1,22.9,345.0,4.5,7.9,137.0,104,2026-08-22
Lucknow,2026-08-22 14:00:00,19.5,22.0,352.0,4.4,7.8,138.0,101,2026-08-22
Lucknow,2026-08-22 15:00:00,17.8,20.3,381.0,4.3,7.3,134.0,99,2026-08-22
Lucknow,2026-08-22 16:00:00,16.9,19.2,429.0,4.9,6.7,127.0,97,2026-08-22
Lucknow,2026-08-22 17:00:00,18.3,21.3,495.0,7.6,6.4,129.0,95,2026-08-22
Lucknow,2026-08-22 18:00:00,23.6,25.8,595.0,16.0,8.1,106.0,94,2026-08-22
Lucknow,2026-08-22 19:00:00,32.0,34.2,713.0,27.7,10.6,73.0,93,2026-08-22
Lucknow,2026-08-22 20:00:00,41.1,43.4,802.0,37.0,12.9,48.0,91,2026-08-22
Lucknow,2026-08-22 21:00:00,49.0,51.3,840.0,42.1,15.2,37.0,91,2026-08-22
Lucknow,2026-08-22 22:00:00,52.5,54.7,848.0,44.9,17.3,33.0,91,2026-08-22
Lucknow,2026-08-22 23:00:00,57.4,59.4,841.0,45.2,18.3,31.0,91,2026-08-22
Lucknow,2026-08-23 00:00:00,56.7,58.6,821.0,41.9,17.3,31.0,92,2026-08-23
Lucknow,2026-08-23 01:00:00,51.8,53.3,786.0,36.1,15.1,34.0,93,2026-08-23
Lucknow,2026-08-23 02:00:00,52.7,54.0,742.0,30.9,13.1,38.0,95,2026-08-23
Lucknow,2026-08-23 03:00:00,53.4,54.8,684.0,27.9,11.7,40.0,96,2026-08-23
Lucknow,2026-08-23 04:00:00,49.0,50.4,617.0,25.5,10.5,43.0,98,2026-08-23
Lucknow,2026-08-23 05:00:00,47.6,50.3,563.0,29.1,10.6,37.0,99,2026-08-23
Lucknow,2026-08-23 06:00:00,51.5,53.8,535.0,24.0,10.8,55.0,100,2026-08-23
Lucknow,2026-08-23 07:00:00,43.9,45.9,519.0,16.8,11.0,80.0,102,2026-08-23
Lucknow,2026-08-23 08:00:00,28.6,30.6,498.0,10.8,11.1,104.0,103,2026-08-23
Lucknow,2026-08-23 09:00:00,24.1,26.1,463.0,7.2,11.1,124.0,103,2026-08-23
Lucknow,2026-08-23 10:00:00,23.3,25.5,423.0,4.7,10.9,142.0,103,2026-08-23
Lucknow,2026-08-23 11:00:00,23.7,25.9,389.0,3.1,10.9,156.0,103,2026-08-23
Lucknow,2026-08-23 12:00:00,24.3,26.6,365.0,2.2,11.2,167.0,103,2026-08-23
Lucknow,2026-08-23 13:00:00,24.9,27.4,347.0,2.2,11.6,175.0,103,2026-08-23
Lucknow,2026-08-23 14:00:00,25.5,28.2,338.0,2.6,11.5,177.0,103,2026-08-23
Lucknow,2026-08-23 15:00:00,25.3,27.9,336.0,3.3,10.3,171.0,106,2026-08-23
Lucknow,2026-08-23 16:00:00,24.9,27.4,342.0,4.4,8.7,158.0,125,2026-08-23
Lucknow,2026-08-23 17:00:00,31.9,37.0,369.0,6.6,5.9,137.0,137,2026-08-23
Lucknow,2026-08-23 18:00:00,31.7,36.1,432.0,9.1,7.0,124.0,139,2026-08-23
Lucknow,2026-08-23 19:00:00,34.2,38.1,515.0,12.5,8.5,106.0,136,2026-08-23
Lucknow,2026-08-23 20:00:00,37.3,40.7,579.0,15.6,9.8,91.0,125,2026-08-23
Lucknow,2026-08-23 21:00:00,42.5,46.6,603.0,18.0,10.8,81.0,109,2026-08-23
Lucknow,2026-08-23 22:00:00,47.8,51.3,608.0,19.9,11.7,73.0,107,2026-08-23
Lucknow,2026-08-23 23:00:00,50.8,54.0,614.0,21.2,12.1,67.0,106,2026-08-23
Lucknow,2026-08-24 00:00:00,52.7,55.9,634.0,21.6,11.9,61.0,106,2026-08-24
Lucknow,2026-08-24 01:00:00,55.2,58.0,655.0,21.3,11.3,55.0,105,2026-08-24
Lucknow,2026-08-24 02:00:00,55.4,57.7,656.0,20.3,10.7,53.0,106,2026-08-24
Lucknow,2026-08-24 03:00:00,52.6,54.5,618.0,18.4,10.2,55.0,106,2026-08-24
Lucknow,2026-08-24 04:00:00,48.8,50.2,559.0,15.9,9.6,59.0,106,2026-08-24
Lucknow,2026-08-24 05:00:00,32.7,34.0,515.0,11.4,7.4,79.0,106,2026-08-24
Lucknow,2026-08-24 06:00:00,29.7,30.5,504.0,10.5,7.0,84.0,104,2026-08-24
Lucknow,2026-08-24 07:00:00,23.3,23.9,508.0,9.2,6.4,91.0,102,2026-08-24
Lucknow,2026-08-24 08:00:00,19.7,20.0,500.0,7.8,5.9,100.0,100,2026-08-24
Lucknow,2026-08-24 09:00:00,17.3,17.6,463.0,6.2,5.6,111.0,99,2026-08-24
Lucknow,2026-08-24 10:00:00,13.9,14.1,416.0,4.6,5.4,124.0,99,2026-08-24
Lucknow,2026-08-24 11:00:00,13.7,14.1,382.0,3.3,5.3,136.0,98,2026-08-24
Lucknow,2026-08-24 12:00:00,14.4,15.0,376.0,2.6,5.4,149.0,97,2026-08-24
Lucknow,2026-08-24 13:00:00,15.8,16.5,385.0,2.2,5.6,162.0,96,2026-08-24
Lucknow,2026-08-24 14:00:00,17.9,18.9,394.0,2.4,5.8,169.0,96,2026-08-24
Lucknow,2026-08-24 15:00:00,18.2,19.3,393.0,2.6,5.7,171.0,95,2026-08-24
Lucknow,2026-08-24 16:00:00,19.3,20.3,393.0,3.3,5.6,167.0,105,2026-08-24
Lucknow,2026-08-24 17:00:00,31.9,32.7,415.0,7.2,4.4,123.0,119,2026-08-24
Lucknow,2026-08-24 18:00:00,32.4,32.8,481.0,9.0,5.4,113.0,122,2026-08-24
Lucknow,2026-08-24 19:00:00,34.9,35.3,568.0,11.5,6.9,100.0,120,2026-08-24
Lucknow,2026-08-24 20:00:00,37.3,37.6,634.0,13.5,8.0,89.0,112,2026-08-24
Lucknow,2026-08-24 21:00:00,38.2,38.4,657.0,14.4,8.5,83.0,99,2026-08-24
Lucknow,2026-08-24 22:00:00,38.1,38.3,659.0,14.9,8.7,79.0,94,2026-08-24
Lucknow,2026-08-24 23:00:00,39.7,39.9,656.0,15.4,9.0,76.0,93,2026-08-24
Lucknow,2026-08-25 00:00:00,41.6,41.8,655.0,16.2,9.5,72.0,92,2026-08-25
Lucknow,2026-08-25 01:00:00,44.1,44.4,649.0,17.1,10.0,69.0,91,2026-08-25
Lucknow,2026-08-25 02:00:00,44.5,44.7,637.0,17.9,10.3,65.0,90,2026-08-25
Lucknow,2026-08-25 03:00:00,46.7,46.8,613.0,19.1,10.4,58.0,90,2026-08-25
Lucknow,2026-08-25 04:00:00,47.6,47.7,582.0,20.2,10.4,50.0,89,2026-08-25
Lucknow,2026-08-25 05:00:00,42.6,42.7,561.0,19.4,9.3,48.0,89,2026-08-25
Lucknow,2026-08-25 06:00:00,43.8,43.9,566.0,17.9,9.0,54.0,90,2026-08-25
Lucknow,2026-08-25 07:00:00,39.8,39.9,581.0,15.6,8.7,62.0,91,2026-08-25
Lucknow,2026-08-25 08:00:00,32.0,32.2,573.0,13.3,8.3,73.0,92,2026-08-25
Lucknow,2026-08-25 09:00:00,28.1,28.4,517.0,10.7,7.9,89.0,93,2026-08-25
Lucknow,2026-08-25 10:00:00,26.5,26.9,438.0,7.9,7.5,108.0,94,2026-08-25
Lucknow,2026-08-25 11:00:00,26.5,26.8,374.0,6.0,7.1,119.0,95,2026-08-25
Lucknow,2026-08-25 12:00:00,26.0,26.4,337.0,5.5,6.5,117.0,96,2026-08-25
Lucknow,2026-08-25 13:00:00,24.6,24.9,315.0,5.8,5.9,109.0,97,2026-08-25
Lucknow,2026-08-25 14:00:00,21.7,21.9,310.0,6.6,5.5,101.0,98,2026-08-25
Lucknow,2026-08-25 15:00:00,19.1,19.3,324.0,7.8,5.7,98.0,98,2026-08-25
Lucknow,2026-08-25 16:00:00,18.7,18.9,353.0,9.4,6.2,95.0,98,2026-08-25
Lucknow,2026-08-25 17:00:00,34.3,34.7,393.0,9.5,6.8,108.0,98,2026-08-25
Lucknow,2026-08-25 18:00:00,30.4,30.6,455.0,9.7,7.0,104.0,98,2026-08-25
Lucknow,2026-08-25 19:00:00,27.2,27.3,526.0,10.0,7.3,99.0,98,2026-08-25
Lucknow,2026-08-25 20:00:00,27.2,27.4,563.0,10.2,7.4,95.0,97,2026-08-25
Lucknow,2026-08-25 21:00:00,26.6,26.8,541.0,10.3,7.3,92.0,97,2026-08-25
Lucknow,2026-08-25 22:00:00,25.0,25.1,486.0,10.4,7.0,90.0,96,2026-08-25
Lucknow,2026-08-25 23:00:00,24.0,24.2,428.0,10.2,6.6,88.0,95,2026-08-25
Lucknow,2026-08-26 00:00:00,20.8,20.9,371.0,9.4,6.0,87.0,93,2026-08-26
Lucknow,2026-08-26 01:00:00,17.5,17.6,311.0,8.3,5.2,87.0,92,2026-08-26
Lucknow,2026-08-26 02:00:00,14.3,14.4,271.0,7.6,4.7,86.0,90,2026-08-26
Lucknow,2026-08-26 03:00:00,12.5,12.6,264.0,7.8,4.7,82.0,87,2026-08-26
Lucknow,2026-08-26 04:00:00,11.5,11.6,276.0,8.5,5.1,78.0,85,2026-08-26
Lucknow,2026-08-26 05:00:00,18.9,19.0,291.0,11.8,5.9,62.0,82,2026-08-26
Lucknow,2026-08-26 06:00:00,20.7,20.8,308.0,11.3,6.4,62.0,80,2026-08-26
Lucknow,2026-08-26 07:00:00,19.6,19.7,327.0,10.6,7.1,64.0,78,2026-08-26
Lucknow,2026-08-26 08:00:00,18.8,19.0,337.0,9.5,7.7,70.0,77,2026-08-26
Lucknow,2026-08-26 09:00:00,18.0,18.2,327.0,7.7,8.3,86.0,76,2026-08-26
Lucknow,2026-08-26 10:00:00,19.0,19.3,307.0,5.5,8.7,108.0,75,2026-08-26
Lucknow,2026-08-26 11:00:00,21.3,21.6,296.0,3.9,9.0,125.0,74,2026-08-26
Lucknow,2026-08-26 12:00:00,21.0,21.3,298.0,3.2,8.9,136.0,74,2026-08-26
Lucknow,2026-08-26 13:00:00,21.9,22.1,307.0,3.2,8.6,142.0,73,2026-08-26
Lucknow,2026-08-26 14:00:00,22.4,22.6,328.0,3.7,8.1,142.0,73,2026-08-26
Lucknow,2026-08-26 15:00:00,21.9,22.2,370.0,4.7,7.2,134.0,73,2026-08-26
Lucknow,2026-08-26 16:00:00,21.7,21.9,424.0,6.3,6.2,119.0,73,2026-08-26
Lucknow,2026-08-26 17:00:00,30.0,30.6,457.0,9.6,7.3,109.0,78,2026-08-26
Lucknow,2026-08-26 18:00:00,34.1,34.5,451.0,11.2,7.9,101.0,82,2026-08-26
Lucknow,2026-08-26 19:00:00,32.1,32.4,425.0,13.3,8.8,91.0,81,2026-08-26
Lucknow,2026-08-26 20:00:00,31.8,32.0,408.0,14.9,9.4,82.0,74,2026-08-26
Lucknow,2026-08-26 21:00:00,31.7,31.9,418.0,15.4,9.7,78.0,74,2026-08-26
Lucknow,2026-08-26 22:00:00,31.4,31.5,437.0,15.2,9.8,76.0,75,2026-08-26
Lucknow,2026-08-26 23:00:00,30.7,30.9,442.0,14.8,9.7,75.0,75,2026-08-26
Lucknow,2026-08-27 00:00:00,29.3,29.5,414.0,13.9,9.4,75.0,76,2026-08-27
Lucknow,2026-08-27 01:00:00,28.6,28.7,372.0,12.7,9.0,76.0,76,2026-08-27
Lucknow,2026-08-27 02:00:00,28.1,28.2,344.0,11.9,8.8,76.0,77,2026-08-27
Lucknow,2026-08-27 03:00:00,27.6,27.7,347.0,12.1,9.0,73.0,78,2026-08-27
Lucknow,2026-08-27 04:00:00,27.6,27.7,364.0,12.6,9.5,68.0,80,2026-08-27
Lucknow,2026-08-27 05:00:00,32.8,32.8,381.0,16.3,9.3,53.0,81,2026-08-27
Lucknow,2026-08-27 06:00:00,35.3,35.4,394.0,14.4,10.3,64.0,82,2026-08-27
Lucknow,2026-08-27 07:00:00,30.2,30.3,405.0,11.6,11.5,80.0,83,2026-08-27
Lucknow,2026-08-27 08:00:00,29.4,29.5,408.0,9.1,12.3,96.0,84,2026-08-27
Lucknow,2026-08-27 09:00:00,28.9,28.9,395.0,7.0,12.1,114.0,85,2026-08-27
Lucknow,2026-08-27 10:00:00,27.8,27.8,374.0,5.0,11.3,133.0,86,2026-08-27
Lucknow,2026-08-27 11:00:00,27.2,27.2,360.0,3.7,10.5,146.0,86,2026-08-27
Lucknow,2026-08-27 12:00:00,27.2,27.2,357.0,3.0,9.7,152.0,87,2026-08-27
Lucknow,2026-08-27 13:00:00,26.3,26.4,361.0,3.0,8.9,153.0,87,2026-08-27
Lucknow,2026-08-27 14:00:00,24.1,24.2,370.0,3.6,8.1,149.0,88,2026-08-27
Lucknow,2026-08-27 15:00:00,23.6,23.7,384.0,4.7,7.0,139.0,88,2026-08-27
Lucknow,2026-08-27 16:00:00,21.8,21.9,403.0,6.5,5.8,124.0,97,2026-08-27
Lucknow,2026-08-27 17:00:00,21.5,21.5,432.0,9.7,5.6,107.0,103,2026-08-27
Lucknow,2026-08-27 18:00:00,23.8,23.9,485.0,15.7,7.2,87.0,101,2026-08-27
Lucknow,2026-08-27 19:00:00,31.1,31.2,548.0,23.2,9.8,65.0,91,2026-08-27
Lucknow,2026-08-27 20:00:00,38.4,38.4,581.0,28.4,11.7,50.0,86,2026-08-27
Lucknow,2026-08-27 21:00:00,44.0,44.1,560.0,30.0,12.4,45.0,87,2026-08-27
Lucknow,2026-08-27 22:00:00,46.6,46.6,508.0,29.3,12.5,47.0,88,2026-08-27
Lucknow,2026-08-27 23:00:00,42.0,42.1,457.0,27.4,12.1,51.0,89,2026-08-27
Lucknow,2026-08-28 00:00:00,24.3,24.3,413.0,23.6,10.9,58.0,90,2026-08-28
Lucknow,2026-08-28 01:00:00,23.8,23.9,370.0,18.6,9.2,67.0,89,2026-08-28
Lucknow,2026-08-28 02:00:00,23.1,23.1,342.0,14.7,8.0,73.0,89,2026-08-28
Lucknow,2026-08-28 03:00:00,23.1,23.1,339.0,13.4,8.0,74.0,89,2026-08-28
Lucknow,2026-08-28 04:00:00,22.1,22.1,350.0,13.3,8.7,72.0,88,2026-08-28
Lucknow,2026-08-28 05:00:00,36.2,36.4,364.0,18.9,13.3,54.0,88,2026-08-28
Lucknow,2026-08-28 06:00:00,42.1,42.6,378.0,17.2,15.3,64.0,88,2026-08-28
Lucknow,2026-08-28 07:00:00,34.3,34.8,394.0,14.7,18.0,79.0,89,2026-08-28
Lucknow,2026-08-28 08:00:00,30.9,31.4,402.0,12.0,19.4,96.0,89,2026-08-28
Lucknow,2026-08-28 09:00:00,30.5,31.2,398.0,8.9,18.4,119.0,89,2026-08-28
Lucknow,2026-08-28 10:00:00,29.0,29.6,386.0,5.6,16.1,144.0,89,2026-08-28
Lucknow,2026-08-28 11:00:00,27.9,28.6,375.0,3.2,14.0,162.0,89,2026-08-28
Lucknow,2026-08-28 12:00:00,28.3,29.0,364.0,2.2,12.6,168.0,89,2026-08-28
Lucknow,2026-08-28 13:00:00,27.9,28.9,352.0,2.2,11.4,166.0,90,2026-08-28
Lucknow,2026-08-28 14:00:00,28.5,30.2,350.0,3.1,10.5,160.0,90,2026-08-28
Lucknow,2026-08-28 15:00:00,30.7,33.4,355.0,4.9,9.7,149.0,99,2026-08-28
Lucknow,2026-08-28 16:00:00,32.8,36.0,368.0,7.5,9.2,133.0,114,2026-08-28
Lucknow,2026-08-28 17:00:00,32.1,33.2,403.0,11.2,8.8,106.0,122,2026-08-28
Lucknow,2026-08-28 18:00:00,31.1,32.0,488.0,15.2,9.7,92.0,119,2026-08-28
Lucknow,2026-08-28 19:00:00,34.8,35.6,594.0,20.7,10.9,73.0,108,2026-08-28
Lucknow,2026-08-28 20:00:00,41.0,41.7,652.0,25.1,12.0,58.0,93,2026-08-28
Lucknow,2026-08-28 21:00:00,49.1,49.8,615.0,27.6,12.9,51.0,93,2026-08-28
Lucknow,2026-08-28 22:00:00,56.0,56.8,528.0,29.0,13.7,48.0,94,2026-08-28
Lucknow,2026-08-28 23:00:00,50.9,51.7,459.0,29.5,14.0,46.0,94,2026-08-28
Lucknow,2026-08-29 00:00:00,47.0,47.8,438.0,28.6,13.6,44.0,95,2026-08-29
Lucknow,2026-08-29 01:00:00,48.9,49.9,435.0,26.7,12.8,43.0,97,2026-08-29
Lucknow,2026-08-29 02:00:00,50.8,52.2,424.0,25.3,12.2,42.0,99,2026-08-29
Lucknow,2026-08-29 03:00:00,51.9,53.6,389.0,25.6,12.1,37.0,101,2026-08-29
Lucknow,2026-08-29 04:00:00,52.6,54.7,346.0,26.3,12.3,31.0,104,2026-08-29
Lucknow,2026-08-29 05:00:00,39.5,47.0,321.0,14.8,9.0,68.0,108,2026-08-29
Lucknow,2026-08-29 06:00:00,40.6,51.1,329.0,14.0,9.0,72.0,108,2026-08-29
Lucknow,2026-08-29 07:00:00,38.8,58.2,354.0,12.8,8.9,79.0,108,2026-08-29
Lucknow,2026-08-29 08:00:00,37.0,64.3,372.0,11.3,9.4,88.0,108,2026-08-29
Lucknow,2026-08-29 09:00:00,38.1,75.2,371.0,9.3,10.8,101.0,109,2026-08-29
Lucknow,2026-08-29 10:00:00,35.2,77.3,363.0,7.1,12.6,116.0,110,2026-08-29
Lucknow,2026-08-29 11:00:00,36.0,82.0,354.0,5.3,13.9,129.0,110,2026-08-29
Lucknow,2026-08-29 12:00:00,38.3,88.5,343.0,4.1,14.2,140.0,111,2026-08-29
Lucknow,2026-08-29 13:00:00,39.8,94.5,331.0,3.4,13.8,150.0,112,2026-08-29
Lucknow,2026-08-29 14:00:00,42.0,101.3,328.0,3.5,13.1,152.0,113,2026-08-29
Lucknow,2026-08-29 15:00:00,44.6,109.9,334.0,4.6,11.6,144.0,115,2026-08-29
Lucknow,2026-08-29 16:00:00,41.7,98.3,347.0,6.4,9.8,129.0,116,2026-08-29
Lucknow,2026-08-29 17:00:00,55.8,138.3,377.0,8.7,14.5,135.0,117,2026-08-29
Lucknow,2026-08-29 18:00:00,64.5,139.2,432.0,15.1,15.8,115.0,120,2026-08-29
Lucknow,2026-08-29 19:00:00,74.5,150.9,502.0,23.9,17.7,88.0,123,2026-08-29
Lucknow,2026-08-29 20:00:00,79.4,155.5,567.0,31.4,19.2,66.0,127,2026-08-29
Lucknow,2026-08-29 21:00:00,86.8,167.2,620.0,36.4,20.2,54.0,131,2026-08-29
Lucknow,2026-08-29 22:00:00,91.0,164.8,668.0,40.0,20.9,48.0,135,2026-08-29
Lucknow,2026-08-29 23:00:00,88.5,152.7,705.0,41.4,20.8,43.0,139,2026-08-29
Lucknow,2026-08-30 00:00:00,85.4,140.6,737.0,39.5,19.5,38.0,143,2026-08-30
Lucknow,2026-08-30 01:00:00,82.0,132.7,759.0,35.5,17.4,35.0,147,2026-08-30
Lucknow,2026-08-30 02:00:00,77.3,120.6,748.0,32.2,15.7,33.0,150,2026-08-30
Lucknow,2026-08-30 03:00:00,71.2,108.7,679.0,31.3,14.6,29.0,151,2026-08-30
Lucknow,2026-08-30 04:00:00,67.5,100.4,577.0,31.1,13.9,26.0,151,2026-08-30
Lucknow,2026-08-30 05:00:00,62.2,110.8,495.0,23.8,11.7,45.0,152,2026-08-30
Lucknow,2026-08-30 06:00:00,64.3,112.9,460.0,19.7,11.5,57.0,153,2026-08-30
Lucknow,2026-08-30 07:00:00,61.2,112.9,445.0,14.0,11.1,73.0,153,2026-08-30
Lucknow,2026-08-30 08:00:00,56.2,127.1,426.0,9.3,10.6,89.0,154,2026-08-30
Lucknow,2026-08-30 09:00:00,55.6,140.6,389.0,6.6,9.9,103.0,155,2026-08-30
Lucknow,2026-08-30 10:00:00,53.2,137.8,347.0,4.8,9.1,116.0,155,2026-08-30
Lucknow,2026-08-30 11:00:00,50.6,131.8,316.0,3.7,8.4,124.0,156,2026-08-30
Lucknow,2026-08-30 12:00:00,48.1,131.3,300.0,3.0,7.8,126.0,156,2026-08-30
Lucknow,2026-08-30 13:00:00,43.8,121.5,294.0,2.9,7.3,123.0,156,2026-08-30
Lucknow,2026-08-30 14:00:00,38.8,105.5,297.0,3.6,7.0,117.0,156,2026-08-30
Lucknow,2026-08-30 15:00:00,35.9,96.2,312.0,5.3,7.0,107.0,156,2026-08-30
Lucknow,2026-08-30 16:00:00,34.2,75.9,336.0,7.8,7.3,94.0,156,2026-08-30
Lucknow,2026-08-30 17:00:00,49.9,123.4,352.0,7.2,8.0,104.0,156,2026-08-30
Lucknow,2026-08-30 18:00:00,53.1,121.1,349.0,12.9,11.1,92.0,156,2026-08-30
Lucknow,2026-08-30 19:00:00,62.9,136.0,338.0,21.0,15.5,75.0,155,2026-08-30
Lucknow,2026-08-30 20:00:00,72.2,148.1,342.0,28.0,19.0,61.0,155,2026-08-30
Lucknow,2026-08-30 21:00:00,73.3,147.6,380.0,32.5,20.9,52.0,155,2026-08-30
Lucknow,2026-08-30 22:00:00,78.0,159.3,432.0,35.9,22.1,46.0,154,2026-08-30
Lucknow,2026-08-30 23:00:00,84.5,170.4,460.0,39.3,22.7,39.0,154,2026-08-30
Lucknow,2026-08-31 00:00:00,86.4,172.3,438.0,44.1,22.9,30.0,154,2026-08-31
Lucknow,2026-08-31 01:00:00,88.5,173.7,391.0,48.9,22.6,21.0,154,2026-08-31
Lucknow,2026-08-31 02:00:00,89.9,172.8,359.0,49.9,21.7,17.0,154,2026-08-31
Lucknow,2026-08-31 03:00:00,86.1,165.8,359.0,44.5,19.7,21.0,154,2026-08-31
Lucknow,2026-08-31 04:00:00,80.8,157.9,373.0,35.3,17.2,29.0,155,2026-08-31
Lucknow,2026-08-31 05:00:00,57.6,121.5,387.0,21.6,16.1,38.0,155,2026-08-31
Lucknow,2026-08-31 06:00:00,56.8,112.0,405.0,20.2,18.3,44.0,155,2026-08-31
Lucknow,2026-08-31 07:00:00,57.4,124.3,423.0,18.1,21.3,53.0,155,2026-08-31
Lucknow,2026-08-31 08:00:00,56.7,124.3,418.0,15.5,22.9,69.0,155,2026-08-31
Lucknow,2026-08-31 09:00:00,58.6,129.0,369.0,11.8,22.1,99.0,155,2026-08-31
Lucknow,2026-08-31 10:00:00,58.3,132.7,297.0,7.5,20.0,137.0,155,2026-08-31
Lucknow,2026-08-31 11:00:00,57.7,136.9,242.0,4.4,17.8,164.0,155,2026-08-31
Lucknow,2026-08-31 12:00:00,55.2,129.9,221.0,3.0,15.8,173.0,155,2026-08-31
Lucknow,2026-08-31 13:00:00,51.5,119.7,217.0,2.8,13.7,172.0,155,2026-08-31
Lucknow,2026-08-31 14:00:00,46.1,103.8,224.0,3.4,11.9,164.0,156,2026-08-31
Lucknow,2026-08-31 15:00:00,41.9,90.6,245.0,5.0,10.4,149.0,156,2026-08-31
Lucknow,2026-08-31 16:00:00,36.8,68.9,277.0,7.5,9.1,128.0,156,2026-08-31
Lucknow,2026-08-31 17:00:00,45.2,75.0,305.0,12.4,9.2,92.0,156,2026-08-31
Lucknow,2026-08-31 18:00:00,43.5,62.2,323.0,14.0,9.3,85.0,156,2026-08-31
Lucknow,2026-08-31 19:00:00,42.5,58.2,338.0,16.2,9.4,75.0,156,2026-08-31
Lucknow,2026-08-31 20:00:00,38.2,53.1,356.0,17.5,9.3,68.0,155,2026-08-31
Lucknow,2026-08-31 21:00:00,34.0,44.7,388.0,17.0,8.6,67.0,154,2026-08-31
Lucknow,2026-08-31 22:00:00,31.5,40.7,424.0,15.5,7.7,68.0,153,2026-08-31
Lucknow,2026-08-31 23:00:00,28.6,37.5,440.0,14.3,6.9,69.0,152,2026-08-31
Lucknow,2026-09-01 00:00:00,24.6,30.7,417.0,13.7,6.3,68.0,150,2026-09-01
Lucknow,2026-09-01 01:00:00,19.7,23.4,373.0,13.2,5.9,66.0,143,2026-09-01
Lucknow,2026-09-01 02:00:00,16.1,18.3,340.0,13.2,5.6,63.0,136,2026-09-01
Lucknow,2026-09-01 03:00:00,12.7,14.0,326.0,14.0,5.6,57.0,128,2026-09-01
Lucknow,2026-09-01 04:00:00,11.0,12.1,323.0,15.1,5.7,50.0,121,2026-09-01
Lucknow,2026-09-01 05:00:00,11.6,12.5,330.0,11.7,5.9,71.0,114,2026-09-01
Lucknow,2026-09-01 06:00:00,12.7,13.1,361.0,13.1,6.7,67.0,109,2026-09-01
Lucknow,2026-09-01 07:00:00,12.2,12.5,404.0,14.8,7.7,62.0,104,2026-09-01
Lucknow,2026-09-01 08:00:00,13.4,13.6,421.0,15.1,8.2,64.0,100,2026-09-01
Lucknow,2026-09-01 09:00:00,13.8,14.2,389.0,12.3,7.7,79.0,96,2026-09-01
Lucknow,2026-09-01 10:00:00,12.3,12.3,333.0,8.0,6.7,102.0,93,2026-09-01
Lucknow,2026-09-01 11:00:00,10.5,10.6,286.0,4.9,5.9,117.0,89,2026-09-01
Lucknow,2026-09-01 12:00:00,9.8,9.9,258.0,3.8,5.4,120.0,85,2026-09-01
Lucknow,2026-09-01 13:00:00,9.1,9.1,240.0,3.9,5.1,117.0,82,2026-09-01
Lucknow,2026-09-01 14:00:00,8.8,8.9,240.0,5.2,5.0,109.0,78,2026-09-01
Lucknow,2026-09-01 15:00:00,9.7,9.8,263.0,8.6,5.3,96.0,76,2026-09-01
Lucknow,2026-09-01 16:00:00,13.0,13.5,304.0,13.2,5.8,79.0,73,2026-09-01
Lucknow,2026-09-01 17:00:00,23.2,23.3,352.0,10.5,5.7,71.0,71,2026-09-01
Lucknow,2026-09-01 18:00:00,26.3,26.4,419.0,14.9,6.9,61.0,69,2026-09-01
Lucknow,2026-09-01 19:00:00,28.8,28.9,492.0,20.9,8.5,48.0,68,2026-09-01
Lucknow,2026-09-01 20:00:00,31.5,31.7,531.0,24.8,9.5,38.0,67,2026-09-01
Lucknow,2026-09-01 21:00:00,31.5,31.7,508.0,25.2,9.4,35.0,66,2026-09-01
Lucknow,2026-09-01 22:00:00,31.1,31.2,450.0,23.5,8.8,37.0,66,2026-09-01
Lucknow,2026-09-01 23:00:00,28.2,28.3,391.0,20.9,7.8,41.0,66,2026-09-01
Lucknow,2026-09-02 00:00:00,22.7,22.9,335.0,17.0,6.3,50.0,66,2026-09-02
Lucknow,2026-09-02 01:00:00,17.9,18.1,277.0,12.3,4.4,61.0,66,2026-09-02
Lucknow,2026-09-02 02:00:00,15.1,15.3,238.0,8.8,3.2,69.0,66,2026-09-02
Lucknow,2026-09-02 03:00:00,13.1,13.3,229.0,7.8,3.2,69.0,66,2026-09-02
Lucknow,2026-09-02 04:00:00,12.5,12.7,240.0,8.1,3.9,65.0,66,2026-09-02
Lucknow,2026-09-02 05:00:00,13.0,13.1,257.0,10.0,3.3,59.0,66,2026-09-02
Lucknow,2026-09-02 06:00:00,14.8,15.0,283.0,11.2,4.3,56.0,66,2026-09-02
Lucknow,2026-09-02 07:00:00,16.2,16.4,315.0,12.8,5.6,52.0,66,2026-09-02
Lucknow,2026-09-02 08:00:00,17.9,18.1,334.0,13.4,6.5,51.0,67,2026-09-02
Lucknow,2026-09-02 09:00:00,18.3,18.5,329.0,12.2,6.7,55.0,67,2026-09-02
Lucknow,2026-09-02 10:00:00,17.5,17.6,311.0,10.1,6.5,62.0,67,2026-09-02
Lucknow,2026-09-02 11:00:00,17.1,17.2,296.0,8.1,6.3,71.0,68,2026-09-02
Lucknow,2026-09-02 12:00:00,15.4,15.5,286.0,6.3,6.1,83.0,68,2026-09-02
Lucknow,2026-09-02 13:00:00,14.6,14.6,280.0,4.8,5.8,97.0,69,2026-09-02
Lucknow,2026-09-02 14:00:00,14.1,14.2,288.0,4.2,5.6,105.0,69,2026-09-02
Lucknow,2026-09-02 15:00:00,14.2,14.3,323.0,5.4,5.5,103.0,69,2026-09-02
Lucknow,2026-09-02 16:00:00,15.1,15.2,372.0,7.7,5.4,96.0,70,2026-09-02
Lucknow,2026-09-02 17:00:00,14.6,14.6,406.0,9.0,3.8,81.0,70,2026-09-02
Lucknow,2026-09-02 18:00:00,15.7,15.7,412.0,10.3,4.7,78.0,69,2026-09-02
Lucknow,2026-09-02 19:00:00,16.1,16.1,403.0,12.0,5.9,73.0,68,2026-09-02
Lucknow,2026-09-02 20:00:00,16.2,16.3,387.0,13.3,6.8,68.0,67,2026-09-02
Lucknow,2026-09-02 21:00:00,16.8,16.8,365.0,13.7,7.1,64.0,66,2026-09-02
Lucknow,2026-09-02 22:00:00,16.9,16.9,337.0,13.6,7.1,61.0,65,2026-09-02
Lucknow,2026-09-02 23:00:00,16.2,16.3,311.0,13.3,7.0,58.0,64,2026-09-02
Lucknow,2026-09-03 00:00:00,15.2,15.3,289.0,12.7,7.0,56.0,63,2026-09-03
Lucknow,2026-09-03 01:00:00,15.1,15.3,270.0,11.9,7.1,56.0,62,2026-09-03
Lucknow,2026-09-03 02:00:00,14.5,14.7,257.0,11.0,7.0,57.0,62,2026-09-03
Lucknow,2026-09-03 03:00:00,13.0,13.2,254.0,10.0,6.6,61.0,62,2026-09-03
Lucknow,2026-09-03 04:00:00,11.8,12.0,257.0,9.0,6.2,66.0,62,2026-09-03
Lucknow,2026-09-03 05:00:00,13.7,14.0,264.0,9.7,6.4,60.0,62,2026-09-03
Lucknow,2026-09-03 06:00:00,14.8,15.1,277.0,9.5,7.1,61.0,62,2026-09-03
Lucknow,2026-09-03 07:00:00,14.6,14.8,294.0,9.2,8.1,63.0,62,2026-09-03
Lucknow,2026-09-03 08:00:00,13.7,13.9,302.0,8.5,8.9,68.0,62,2026-09-03
Lucknow,2026-09-03 09:00:00,10.5,10.6,293.0,7.1,9.3,77.0,62,2026-09-03
Lucknow,2026-09-03 10:00:00,9.2,9.2,275.0,5.3,9.5,89.0,61,2026-09-03
Lucknow,2026-09-03 11:00:00,8.3,8.3,264.0,4.1,9.4,98.0,60,2026-09-03
Lucknow,2026-09-03 12:00:00,7.7,7.7,264.0,3.8,8.8,102.0,60,2026-09-03
Lucknow,2026-09-03 13:00:00,8.4,8.5,271.0,4.1,8.0,103.0,59,2026-09-03
Lucknow,2026-09-03 14:00:00,9.1,9.1,284.0,4.8,7.3,102.0,59,2026-09-03
Lucknow,2026-09-03 15:00:00,9.4,9.4,306.0,6.3,6.9,97.0,58,2026-09-03
Lucknow,2026-09-03 16:00:00,10.1,10.1,335.0,8.2,6.8,90.0,58,2026-09-03
Lucknow,2026-09-03 17:00:00,34.6,35.0,357.0,9.3,8.4,91.0,58,2026-09-03
Lucknow,2026-09-03 18:00:00,35.3,35.6,369.0,10.0,8.6,88.0,59,2026-09-03
Lucknow,2026-09-03 19:00:00,34.1,34.5,374.0,10.9,8.9,84.0,61,2026-09-03
Lucknow,2026-09-03 20:00:00,31.0,31.2,377.0,11.4,9.1,81.0,62,2026-09-03
Lucknow,2026-09-03 21:00:00,29.0,29.3,379.0,11.2,8.9,81.0,63,2026-09-03
Lucknow,2026-09-03 22:00:00,28.2,28.5,377.0,10.6,8.6,83.0,64,2026-09-03
Lucknow,2026-09-03 23:00:00,29.4,29.6,372.0,10.2,8.4,83.0,65,2026-09-03
Lucknow,2026-09-04 00:00:00,31.0,31.3,360.0,10.2,8.6,81.0,66,2026-09-04
Lucknow,2026-09-04 01:00:00,32.8,33.2,345.0,10.4,9.0,77.0,67,2026-09-04
Lucknow,2026-09-04 02:00:00,34.5,34.8,330.0,10.6,9.4,74.0,69,2026-09-04
Lucknow,2026-09-04 03:00:00,35.6,36.0,315.0,10.9,9.7,70.0,70,2026-09-04
Lucknow,2026-09-04 04:00:00,36.3,36.7,302.0,11.2,10.0,66.0,72,2026-09-04
Lucknow,2026-09-04 05:00:00,33.4,33.8,299.0,10.3,10.8,70.0,74,2026-09-04
Lucknow,2026-09-04 06:00:00,34.5,34.8,317.0,9.9,11.5,73.0,76,2026-09-04
Lucknow,2026-09-04 07:00:00,32.5,32.8,344.0,9.2,12.4,78.0,77,2026-09-04
Lucknow,2026-09-04 08:00:00,32.1,32.7,361.0,8.2,13.1,87.0,79,2026-09-04
Lucknow,2026-09-04 09:00:00,32.1,32.8,356.0,6.4,13.4,106.0,80,2026-09-04
Lucknow,2026-09-04 10:00:00,33.1,34.0,339.0,4.2,13.5,129.0,82,2026-09-04
Lucknow,2026-09-04 11:00:00,31.5,32.7,322.0,2.7,13.3,147.0,84,2026-09-04
Lucknow,2026-09-04 12:00:00,31.3,32.4,305.0,2.1,12.8,155.0,85,2026-09-04
Lucknow,2026-09-04 13:00:00,33.4,34.5,289.0,2.1,12.0,157.0,87,2026-09-04
Lucknow,2026-09-04 14:00:00,30.7,31.7,281.0,2.9,11.2,153.0,89,2026-09-04
Lucknow,2026-09-04 15:00:00,28.8,29.7,290.0,5.0,10.1,138.0,91,2026-09-04
Lucknow,2026-09-04 16:00:00,28.2,28.8,307.0,7.8,9.0,117.0,95,2026-09-04
Lucknow,2026-09-04 17:00:00,23.3,24.6,322.0,10.0,8.3,95.0,101,2026-09-04
Lucknow,2026-09-04 18:00:00,25.0,26.0,331.0,11.3,9.4,90.0,99,2026-09-04
Lucknow,2026-09-04 19:00:00,27.3,28.2,336.0,13.1,10.9,84.0,92,2026-09-04
Lucknow,2026-09-04 20:00:00,29.0,29.9,337.0,14.1,12.0,80.0,92,2026-09-04
Lucknow,2026-09-04 21:00:00,30.3,31.1,328.0,13.6,12.1,80.0,91,2026-09-04
Lucknow,2026-09-04 22:00:00,30.9,31.7,313.0,12.3,11.8,83.0,92,2026-09-04
Lucknow,2026-09-04 23:00:00,30.5,31.2,305.0,11.2,11.4,84.0,92,2026-09-04
Lucknow,2026-09-05 00:00:00,30.0,30.7,310.0,10.6,11.0,83.0,92,2026-09-05
Lucknow,2026-09-05 01:00:00,30.4,31.0,322.0,10.3,10.6,82.0,92,2026-09-05
Lucknow,2026-09-05 02:00:00,31.4,32.0,335.0,10.2,10.5,80.0,92,2026-09-05
Lucknow,2026-09-05 03:00:00,33.3,33.8,349.0,10.7,10.8,76.0,91,2026-09-05
Lucknow,2026-09-05 04:00:00,35.4,35.9,363.0,11.5,11.4,71.0,91,2026-09-05
Lucknow,2026-09-05 05:00:00,33.8,34.3,370.0,12.7,12.2,65.0,91,2026-09-05
Lucknow,2026-09-05 06:00:00,36.3,36.9,368.0,11.6,12.9,72.0,91,2026-09-05
Lucknow,2026-09-05 07:00:00,33.6,34.3,358.0,10.0,13.8,82.0,91,2026-09-05
Lucknow,2026-09-05 08:00:00,32.2,33.3,341.0,8.3,14.4,95.0,91,2026-09-05
Lucknow,2026-09-05 09:00:00,28.5,30.3,310.0,6.2,14.4,112.0,91,2026-09-05
Lucknow,2026-09-05 10:00:00,25.4,27.5,271.0,4.0,14.1,132.0,91,2026-09-05
Lucknow,2026-09-05 11:00:00,24.6,26.7,242.0,2.4,13.5,146.0,90,2026-09-05
Lucknow,2026-09-05 12:00:00,25.2,27.1,229.0,1.9,12.6,150.0,90,2026-09-05
Lucknow,2026-09-05 13:00:00,24.7,26.6,227.0,2.0,11.5,149.0,89,2026-09-05
Lucknow,2026-09-05 14:00:00,25.1,27.0,235.0,2.7,10.5,143.0,89,2026-09-05
Lucknow,2026-09-05 15:00:00,24.6,26.1,259.0,4.0,9.6,133.0,88,2026-09-05
Lucknow,2026-09-05 16:00:00,23.9,25.3,294.0,5.9,8.7,119.0,92,2026-09-05
Lucknow,2026-09-05 17:00:00,20.0,21.1,326.0,8.6,7.8,92.0,97,2026-09-05
Lucknow,2026-09-05 18:00:00,23.9,24.9,355.0,11.5,9.0,83.0,93,2026-09-05
Lucknow,2026-09-05 19:00:00,27.4,28.3,381.0,15.4,10.7,71.0,87,2026-09-05
Lucknow,2026-09-05 20:00:00,29.1,29.9,393.0,17.9,11.8,63.0,87,2026-09-05
Lucknow,2026-09-05 21:00:00,29.6,30.4,380.0,17.6,11.7,63.0,87,2026-09-05
Lucknow,2026-09-05 22:00:00,30.3,31.0,353.0,15.8,11.0,67.0,87,2026-09-05
Lucknow,2026-09-05 23:00:00,31.7,32.4,329.0,14.3,10.5,69.0,87,2026-09-05
Lucknow,2026-09-06 00:00:00,32.2,32.9,315.0,13.7,10.3,68.0,87,2026-09-06
Lucknow,2026-09-06 01:00:00,33.2,33.9,305.0,13.4,10.2,66.0,87,2026-09-06
Lucknow,2026-09-06 02:00:00,34.3,35.2,298.0,13.3,10.3,63.0,88,2026-09-06
Lucknow,2026-09-06 03:00:00,35.7,36.6,293.0,13.8,10.6,58.0,88,2026-09-06
Lucknow,2026-09-06 04:00:00,38.0,38.8,291.0,14.6,11.0,52.0,88,2026-09-06
Lucknow,2026-09-06 05:00:00,31.7,32.5,294.0,14.2,11.1,53.0,88,2026-09-06
Lucknow,2026-09-06 06:00:00,30.5,31.2,308.0,12.7,11.2,58.0,88,2026-09-06
Lucknow,2026-09-06 07:00:00,25.3,26.2,326.0,10.7,11.3,64.0,88,2026-09-06
Lucknow,2026-09-06 08:00:00,22.1,22.9,333.0,8.6,11.0,74.0,87,2026-09-06
Lucknow,2026-09-06 09:00:00,20.4,21.1,317.0,6.6,10.1,89.0,86,2026-09-06
Lucknow,2026-09-06 10:00:00,19.4,20.0,288.0,4.6,8.9,108.0,86,2026-09-06
Lucknow,2026-09-06 11:00:00,16.6,17.1,265.0,3.2,7.7,120.0,85,2026-09-06
Lucknow,2026-09-06 12:00:00,11.6,11.9,250.0,2.6,6.8,122.0,85,2026-09-06
Lucknow,2026-09-06 13:00:00,9.8,10.0,240.0,2.5,5.9,119.0,83,2026-09-06
Lucknow,2026-09-06 14:00:00,8.9,9.1,240.0,3.0,5.3,113.0,82,2026-09-06
Lucknow,2026-09-06 15:00:00,8.1,8.2,257.0,3.9,4.9,106.0,81,2026-09-06
Lucknow,2026-09-06 16:00:00,8.6,8.7,285.0,5.4,4.8,96.0,80,2026-09-06
Lucknow,2026-09-06 17:00:00,20.9,21.3,311.0,7.2,5.8,89.0,78,2026-09-06
Lucknow,2026-09-06 18:00:00,22.5,22.8,334.0,9.4,6.4,81.0,79,2026-09-06
Lucknow,2026-09-06 19:00:00,24.6,24.9,355.0,12.3,7.2,70.0,78,2026-09-06
Lucknow,2026-09-06 20:00:00,24.4,24.6,367.0,14.1,7.7,63.0,78,2026-09-06
Lucknow,2026-09-06 21:00:00,21.1,21.3,367.0,13.7,7.7,62.0,78,2026-09-06
Lucknow,2026-09-06 22:00:00,18.5,18.7,358.0,12.2,7.4,65.0,77,2026-09-06
Lucknow,2026-09-06 23:00:00,17.1,17.3,347.0,11.0,7.2,66.0,76,2026-09-06
Lucknow,2026-09-07 00:00:00,16.2,16.4,333.0,10.6,7.1,65.0,75,2026-09-07
Lucknow,2026-09-07 01:00:00,15.4,15.5,316.0,10.6,7.0,63.0,74,2026-09-07
Lucknow,2026-09-07 02:00:00,15.1,15.3,303.0,10.8,7.0,60.0,72,2026-09-07
Lucknow,2026-09-07 03:00:00,16.1,16.4,299.0,11.6,7.3,55.0,71,2026-09-07
Lucknow,2026-09-07 04:00:00,17.3,17.5,299.0,12.8,7.7,49.0,69,2026-09-07
Lucknow,2026-09-07 05:00:00,15.2,15.3,296.0,13.6,7.0,46.0,68,2026-09-07
Lucknow,2026-09-07 06:00:00,16.8,16.8,286.0,12.3,8.0,54.0,66,2026-09-07
Lucknow,2026-09-07 07:00:00,15.9,16.0,272.0,10.4,9.4,66.0,65,2026-09-07
Lucknow,2026-09-07 08:00:00,15.6,15.7,262.0,8.6,10.2,78.0,65,2026-09-07
Lucknow,2026-09-07 09:00:00,15.0,15.1,258.0,6.8,10.0,92.0,64,2026-09-07
Lucknow,2026-09-07 10:00:00,15.4,15.5,258.0,5.0,9.2,106.0,64,2026-09-07
Lucknow,2026-09-07 11:00:00,15.6,15.7,259.0,3.8,8.5,117.0,63,2026-09-07
Lucknow,2026-09-07 12:00:00,15.5,15.7,255.0,3.3,8.1,123.0,63,2026-09-07
Lucknow,2026-09-07 13:00:00,15.4,15.5,251.0,3.3,7.9,126.0,64,2026-09-07
Lucknow,2026-09-07 14:00:00,14.9,15.0,263.0,4.0,7.7,124.0,64,2026-09-07
Lucknow,2026-09-07 15:00:00,14.7,14.8,292.0,5.3,7.4,117.0,65,2026-09-07
Lucknow,2026-09-07 16:00:00,15.0,15.0,337.0,7.4,7.3,106.0,65,2026-09-07
Lucknow,2026-09-07 17:00:00,21.0,21.1,407.0,9.2,8.3,105.0,66,2026-09-07
Lucknow,2026-09-07 18:00:00,28.8,28.9,535.0,15.9,10.4,87.0,66,2026-09-07
Lucknow,2026-09-07 19:00:00,33.4,33.5,687.0,25.0,13.2,63.0,66,2026-09-07
Lucknow,2026-09-07 20:00:00,38.4,38.5,773.0,31.6,15.1,43.0,67,2026-09-07
Lucknow,2026-09-07 21:00:00,42.7,42.8,736.0,33.5,15.2,33.0,68,2026-09-07
Lucknow,2026-09-07 22:00:00,43.2,43.3,632.0,32.8,14.4,28.0,70,2026-09-07
Lucknow,2026-09-07 23:00:00,42.4,42.4,539.0,31.2,13.5,26.0,72,2026-09-07
Lucknow,2026-09-08 00:00:00,38.5,38.5,487.0,28.8,12.6,26.0,74,2026-09-08
Lucknow,2026-09-08 01:00:00,36.0,36.1,446.0,25.5,11.5,29.0,75,2026-09-08
Lucknow,2026-09-08 02:00:00,32.2,32.4,405.0,22.4,10.6,33.0,77,2026-09-08
Lucknow,2026-09-08 03:00:00,30.7,30.9,350.0,19.9,10.2,37.0,78,2026-09-08
Lucknow,2026-09-08 04:00:00,26.7,26.8,295.0,17.6,10.0,41.0,79,2026-09-08
Lucknow,2026-09-08 05:00:00,16.5,16.8,266.0,11.6,7.0,64.0,80,2026-09-08
Lucknow,2026-09-08 06:00:00,14.5,14.7,287.0,10.2,6.7,71.0,80,2026-09-08
Lucknow,2026-09-08 07:00:00,11.6,11.8,335.0,8.2,6.4,82.0,80,2026-09-08
Lucknow,2026-09-08 08:00:00,11.0,11.2,366.0,6.3,6.0,93.0,80,2026-09-08
Lucknow,2026-09-08 09:00:00,11.2,11.4,360.0,4.7,5.7,106.0,79,2026-09-08
Lucknow,2026-09-08 10:00:00,11.0,11.1,337.0,3.3,5.4,121.0,79,2026-09-08
Lucknow,2026-09-08 11:00:00,11.1,11.3,318.0,2.3,5.1,132.0,79,2026-09-08
Lucknow,2026-09-08 12:00:00,11.5,11.8,307.0,1.8,4.8,138.0,78,2026-09-08
Lucknow,2026-09-08 13:00:00,11.9,12.1,300.0,1.8,4.6,140.0,78,2026-09-08
Lucknow,2026-09-08 14:00:00,12.5,12.8,302.0,2.3,4.7,139.0,78,2026-09-08
Lucknow,2026-09-08 15:00:00,12.8,13.1,303.0,2.9,4.8,134.0,78,2026-09-08
Lucknow,2026-09-08 16:00:00,14.2,14.5,314.0,4.2,5.1,125.0,80,2026-09-08
Lucknow,2026-09-08 17:00:00,30.2,31.4,369.0,8.4,7.9,114.0,87,2026-09-08
Lucknow,2026-09-08 18:00:00,36.4,37.8,517.0,13.9,10.4,103.0,88,2026-09-08
Lucknow,2026-09-08 19:00:00,43.4,45.1,709.0,21.6,13.9,87.0,85,2026-09-08
Lucknow,2026-09-08 20:00:00,52.2,54.1,835.0,27.9,16.5,73.0,79,2026-09-08
Lucknow,2026-09-08 21:00:00,59.4,61.9,837.0,31.7,17.7,61.0,81,2026-09-08
Lucknow,2026-09-08 22:00:00,66.8,70.1,772.0,34.2,18.0,51.0,82,2026-09-08
Lucknow,2026-09-08 23:00:00,68.7,72.9,703.0,34.8,17.8,44.0,84,2026-09-08
Lucknow,2026-09-09 00:00:00,66.8,72.4,647.0,32.4,16.7,42.0,86,2026-09-09
Lucknow,2026-09-09 01:00:00,65.9,73.1,587.0,28.3,15.1,44.0,88,2026-09-09
Lucknow,2026-09-09 02:00:00,63.3,72.4,534.0,25.4,13.8,44.0,90,2026-09-09
Lucknow,2026-09-09 03:00:00,60.3,71.9,491.0,25.9,13.3,38.0,93,2026-09-09
Lucknow,2026-09-09 04:00:00,59.8,74.3,454.0,27.6,13.2,31.0,95,2026-09-09
Lucknow,2026-09-09 05:00:00,49.5,71.7,425.0,18.6,12.9,55.0,98,2026-09-09
Lucknow,2026-09-09 06:00:00,47.6,67.3,409.0,16.9,13.3,63.0,100,2026-09-09
Lucknow,2026-09-09 07:00:00,48.5,64.7,402.0,14.5,13.9,75.0,104,2026-09-09
Lucknow,2026-09-09 08:00:00,47.7,69.8,387.0,11.8,14.7,93.0,108,2026-09-09
Lucknow,2026-09-09 09:00:00,47.1,70.8,353.0,8.8,15.8,124.0,112,2026-09-09
Lucknow,2026-09-09 10:00:00,45.4,65.7,312.0,5.5,17.1,161.0,115,2026-09-09
Lucknow,2026-09-09 11:00:00,45.2,62.4,285.0,3.2,17.7,189.0,119,2026-09-09
Lucknow,2026-09-09 12:00:00,45.5,61.2,278.0,2.1,17.2,201.0,122,2026-09-09
Lucknow,2026-09-09 13:00:00,45.1,60.1,284.0,1.9,15.9,203.0,126,2026-09-09
Lucknow,2026-09-09 14:00:00,44.8,60.8,307.0,2.6,14.7,197.0,129,2026-09-09
Lucknow,2026-09-09 15:00:00,43.5,61.0,345.0,4.3,13.4,181.0,133,2026-09-09
Lucknow,2026-09-09 16:00:00,43.8,61.2,400.0,6.9,12.0,158.0,153,2026-09-09
Lucknow,2026-09-09 17:00:00,51.0,63.3,479.0,10.5,11.9,134.0,163,2026-09-09
Lucknow,2026-09-09 18:00:00,52.3,64.3,612.0,14.4,13.2,123.0,165,2026-09-09
Lucknow,2026-09-09 19:00:00,57.0,68.7,769.0,19.7,14.9,107.0,158,2026-09-09
Lucknow,2026-09-09 20:00:00,57.7,69.6,874.0,23.1,16.0,94.0,144,2026-09-09
Lucknow,2026-09-09 21:00:00,57.3,67.5,880.0,22.9,16.0,88.0,145,2026-09-09
Lucknow,2026-09-09 22:00:00,57.4,63.1,832.0,20.9,15.4,84.0,145,2026-09-09
Lucknow,2026-09-09 23:00:00,59.4,62.6,793.0,19.1,14.8,81.0,144,2026-09-09
Lucknow,2026-09-10 00:00:00,60.3,62.4,783.0,18.2,14.2,77.0,143,2026-09-10
Lucknow,2026-09-10 01:00:00,61.0,62.9,781.0,17.6,13.5,73.0,142,2026-09-10
Lucknow,2026-09-10 02:00:00,60.3,63.1,782.0,17.6,13.1,68.0,142,2026-09-10
Lucknow,2026-09-10 03:00:00,62.6,65.7,795.0,19.1,13.1,60.0,141,2026-09-10
Lucknow,2026-09-10 04:00:00,64.3,67.5,810.0,21.2,13.3,51.0,141,2026-09-10
Lucknow,2026-09-10 05:00:00,54.4,68.5,797.0,23.9,13.6,46.0,142,2026-09-10
Lucknow,2026-09-10 06:00:00,53.7,67.5,732.0,20.1,14.2,62.0,142,2026-09-10
Lucknow,2026-09-10 07:00:00,47.3,64.5,639.0,14.8,14.9,85.0,143,2026-09-10
Lucknow,2026-09-10 08:00:00,43.9,74.3,555.0,10.2,15.3,108.0,143,2026-09-10
Lucknow,2026-09-10 09:00:00,45.1,85.4,489.0,7.2,15.1,129.0,143,2026-09-10
Lucknow,2026-09-10 10:00:00,44.9,84.5,432.0,4.9,14.5,150.0,142,2026-09-10
Lucknow,2026-09-10 11:00:00,42.7,74.0,391.0,3.4,13.6,164.0,142,2026-09-10
Lucknow,2026-09-10 12:00:00,40.6,64.7,371.0,2.6,12.1,168.0,142,2026-09-10
Lucknow,2026-09-10 13:00:00,37.7,56.0,367.0,2.6,10.3,165.0,141,2026-09-10
Lucknow,2026-09-10 14:00:00,33.8,46.0,375.0,3.3,8.8,158.0,141,2026-09-10
Lucknow,2026-09-10 15:00:00,29.8,37.7,393.0,4.8,7.6,146.0,140,2026-09-10
Lucknow,2026-09-10 16:00:00,27.0,32.2,424.0,7.1,6.7,129.0,138,2026-09-10
Lucknow,2026-09-10 17:00:00,32.9,34.9,471.0,9.2,6.8,113.0,136,2026-09-10
Lucknow,2026-09-10 18:00:00,34.6,35.7,552.0,11.4,7.7,101.0,135,2026-09-10
Lucknow,2026-09-10 19:00:00,34.7,35.4,651.0,14.5,8.8,84.0,133,2026-09-10
Lucknow,2026-09-10 20:00:00,34.6,34.9,718.0,17.2,9.8,70.0,130,2026-09-10
Lucknow,2026-09-10 21:00:00,35.2,35.4,735.0,19.2,10.3,61.0,128,2026-09-10
Lucknow,2026-09-10 22:00:00,37.1,37.4,721.0,20.8,10.7,55.0,126,2026-09-10
Lucknow,2026-09-10 23:00:00,38.0,38.1,689.0,21.7,10.8,50.0,124,2026-09-10
Lucknow,2026-09-11 00:00:00,39.0,39.2,636.0,21.8,10.8,46.0,121,2026-09-11
Lucknow,2026-09-11 01:00:00,39.6,39.7,564.0,21.2,10.5,44.0,119,2026-09-11
Lucknow,2026-09-11 02:00:00,39.5,39.6,496.0,19.8,10.0,45.0,117,2026-09-11
Lucknow,2026-09-11 03:00:00,38.8,38.9,431.0,17.3,9.0,51.0,115,2026-09-11
Lucknow,2026-09-11 04:00:00,33.3,33.4,368.0,14.0,7.7,59.0,112,2026-09-11
Lucknow,2026-09-11 05:00:00,14.6,14.6,329.0,8.5,4.7,78.0,109,2026-09-11
Lucknow,2026-09-11 06:00:00,14.3,14.4,332.0,8.6,5.0,78.0,105,2026-09-11
Lucknow,2026-09-11 07:00:00,12.6,12.7,358.0,8.6,5.4,78.0,101,2026-09-11
Lucknow,2026-09-11 08:00:00,12.4,12.5,373.0,8.1,5.6,82.0,98,2026-09-11
Lucknow,2026-09-11 09:00:00,12.9,13.0,359.0,6.6,5.6,94.0,95,2026-09-11
Lucknow,2026-09-11 10:00:00,12.4,12.5,334.0,4.5,5.4,110.0,93,2026-09-11
Lucknow,2026-09-11 11:00:00,12.1,12.1,312.0,3.0,5.3,122.0,90,2026-09-11
Lucknow,2026-09-11 12:00:00,12.5,12.5,292.0,2.5,5.4,127.0,88,2026-09-11
Lucknow,2026-09-11 13:00:00,13.3,13.4,275.0,2.5,5.6,128.0,86,2026-09-11
Lucknow,2026-09-11 14:00:00,13.6,13.6,286.0,3.2,5.8,125.0,84,2026-09-11
Lucknow,2026-09-11 15:00:00,13.7,13.7,353.0,4.7,5.8,115.0,82,2026-09-11
Lucknow,2026-09-11 16:00:00,14.3,14.4,446.0,6.9,5.8,100.0,81,2026-09-11
Lucknow,2026-09-11 17:00:00,3.4,3.4,505.0,7.7,6.4,87.0,80,2026-09-11
Lucknow,2026-09-11 18:00:00,5.1,5.3,494.0,9.3,7.3,82.0,78,2026-09-11
Lucknow,2026-09-11 19:00:00,6.7,6.8,448.0,11.4,8.5,76.0,75,2026-09-11
Lucknow,2026-09-11 20:00:00,8.1,8.2,408.0,12.9,9.3,72.0,73,2026-09-11
Lucknow,2026-09-11 21:00:00,9.2,9.3,391.0,13.1,9.4,72.0,71,2026-09-11
Lucknow,2026-09-11 22:00:00,9.7,9.9,380.0,12.5,9.1,74.0,69,2026-09-11
Lucknow,2026-09-11 23:00:00,9.7,10.0,371.0,11.7,8.8,76.0,67,2026-09-11
Lucknow,2026-09-12 00:00:00,11.8,11.9,363.0,10.5,8.5,79.0,65,2026-09-12
Lucknow,2026-09-12 01:00:00,16.8,16.8,355.0,9.1,8.2,82.0,62,2026-09-12
Lucknow,2026-09-12 02:00:00,20.4,20.5,345.0,8.0,8.1,84.0,61,2026-09-12
Lucknow,2026-09-12 03:00:00,21.4,21.5,327.0,7.8,8.2,84.0,59,2026-09-12
Lucknow,2026-09-12 04:00:00,20.8,21.0,306.0,8.0,8.5,82.0,58,2026-09-12
Lucknow,2026-09-12 05:00:00,18.6,18.6,289.0,7.7,8.6,84.0,57,2026-09-12
Lucknow,2026-09-12 06:00:00,17.7,17.8,279.0,7.3,9.0,86.0,57,2026-09-12
Lucknow,2026-09-12 07:00:00,17.6,17.9,272.0,6.6,9.5,90.0,57,2026-09-12
Lucknow,2026-09-12 08:00:00,17.3,17.6,264.0,5.8,9.6,96.0,58,2026-09-12
Lucknow,2026-09-12 09:00:00,17.4,18.1,252.0,4.5,9.0,107.0,58,2026-09-12
Lucknow,2026-09-12 10:00:00,16.6,17.5,239.0,3.1,8.0,120.0,58,2026-09-12
Lucknow,2026-09-12 11:00:00,16.4,17.3,228.0,2.0,7.1,129.0,59,2026-09-12
Lucknow,2026-09-12 12:00:00,16.4,17.4,217.0,1.5,6.4,131.0,59,2026-09-12
Lucknow,2026-09-12 13:00:00,15.9,16.9,207.0,1.4,5.7,130.0,59,2026-09-12
Lucknow,2026-09-12 14:00:00,16.1,17.0,210.0,1.9,5.3,126.0,60,2026-09-12
Lucknow,2026-09-12 15:00:00,16.1,17.0,235.0,3.3,5.2,120.0,64,2026-09-12
Lucknow,2026-09-12 16:00:00,16.4,17.1,272.0,5.2,5.3,111.0,71,2026-09-12
Lucknow,2026-09-12 17:00:00,19.0,19.8,300.0,6.6,5.8,104.0,74,2026-09-12
Lucknow,2026-09-12 18:00:00,19.0,19.4,309.0,7.6,6.6,100.0,73,2026-09-12
Lucknow,2026-09-12 19:00:00,19.3,19.7,308.0,9.0,7.8,96.0,69,2026-09-12
Lucknow,2026-09-12 20:00:00,19.6,19.9,304.0,9.9,8.5,92.0,63,2026-09-12
Lucknow,2026-09-12 21:00:00,19.8,20.1,299.0,9.7,8.4,91.0,64,2026-09-12
Lucknow,2026-09-12 22:00:00,20.3,20.5,290.0,8.9,8.0,92.0,65,2026-09-12
Lucknow,2026-09-12 23:00:00,20.7,21.0,283.0,8.3,7.7,92.0,66,2026-09-12
Lucknow,2026-09-13 00:00:00,21.4,21.8,277.0,8.0,7.7,91.0,67,2026-09-13
Lucknow,2026-09-13 01:00:00,22.1,22.5,272.0,7.9,7.9,89.0,68,2026-09-13
Lucknow,2026-09-13 02:00:00,22.4,22.8,270.0,7.9,8.2,86.0,68,2026-09-13
Lucknow,2026-09-13 03:00:00,22.0,22.5,274.0,8.2,8.7,82.0,68,2026-09-13
Lucknow,2026-09-13 04:00:00,21.1,21.6,281.0,8.5,9.4,78.0,68,2026-09-13
Lucknow,2026-09-13 05:00:00,19.7,20.3,286.0,8.6,9.2,77.0,68,2026-09-13
Lucknow,2026-09-13 06:00:00,19.6,20.1,290.0,7.9,9.9,79.0,68,2026-09-13
Lucknow,2026-09-13 07:00:00,19.4,20.0,293.0,6.8,10.7,82.0,69,2026-09-13
Lucknow,2026-09-13 08:00:00,18.7,19.6,288.0,5.7,11.0,87.0,69,2026-09-13
Lucknow,2026-09-13 09:00:00,18.0,19.1,269.0,4.4,10.2,97.0,69,2026-09-13
Lucknow,2026-09-13 10:00:00,16.6,17.9,244.0,3.0,8.8,111.0,69,2026-09-13
Lucknow,2026-09-13 11:00:00,15.8,17.1,224.0,2.0,7.7,121.0,69,2026-09-13
Lucknow,2026-09-13 12:00:00,15.1,16.5,215.0,1.5,7.0,127.0,69,2026-09-13
Lucknow,2026-09-13 13:00:00,15.1,16.4,211.0,1.4,6.6,131.0,69,2026-09-13
Lucknow,2026-09-13 14:00:00,14.7,15.9,216.0,1.8,6.4,130.0,69,2026-09-13
Lucknow,2026-09-13 15:00:00,14.1,15.2,233.0,3.2,6.4,122.0,69,2026-09-13
Lucknow,2026-09-13 16:00:00,15.0,15.7,258.0,5.1,6.7,109.0,68,2026-09-13
Lucknow,2026-09-13 17:00:00,18.9,20.1,279.0,5.7,6.9,99.0,68,2026-09-13
Lucknow,2026-09-13 18:00:00,19.3,20.3,295.0,7.1,7.8,93.0,69,2026-09-13
Lucknow,2026-09-13 19:00:00,19.8,20.6,308.0,8.9,9.0,85.0,68,2026-09-13
Lucknow,2026-09-13 20:00:00,20.1,20.7,311.0,10.3,9.9,78.0,68,2026-09-13
Lucknow,2026-09-13 21:00:00,19.9,20.4,298.0,10.7,10.0,74.0,68,2026-09-13
Lucknow,2026-09-13 22:00:00,19.7,20.1,276.0,10.6,9.7,72.0,68,2026-09-13
Lucknow,2026-09-13 23:00:00,19.2,19.5,261.0,10.3,9.4,71.0,68,2026-09-13
Ahmedabad,2026-08-15 00:00:00,27.4,44.0,198.0,17.8,5.9,35.0,68,2026-08-15
Ahmedabad,2026-08-15 01:00:00,25.8,42.4,183.0,15.3,4.9,33.0,69,2026-08-15
Ahmedabad,2026-08-15 02:00:00,24.3,40.3,171.0,13.5,4.3,31.0,70,2026-08-15
Ahmedabad,2026-08-15 03:00:00,22.6,37.4,154.0,13.2,4.2,28.0,71,2026-08-15
Ahmedabad,2026-08-15 04:00:00,19.7,32.0,141.0,13.6,4.5,24.0,71,2026-08-15
Ahmedabad,2026-08-15 05:00:00,21.6,36.7,139.0,12.8,4.7,25.0,72,2026-08-15
Ahmedabad,2026-08-15 06:00:00,19.3,31.5,157.0,11.4,5.0,28.0,73,2026-08-15
Ahmedabad,2026-08-15 07:00:00,18.2,28.9,185.0,9.3,5.5,32.0,74,2026-08-15
Ahmedabad,2026-08-15 08:00:00,14.6,26.8,201.0,7.4,5.7,38.0,74,2026-08-15
Ahmedabad,2026-08-15 09:00:00,13.3,25.6,194.0,5.7,5.4,49.0,75,2026-08-15
Ahmedabad,2026-08-15 10:00:00,14.1,28.6,175.0,4.2,4.9,62.0,75,2026-08-15
Ahmedabad,2026-08-15 11:00:00,14.4,30.6,158.0,3.1,4.5,73.0,74,2026-08-15
Ahmedabad,2026-08-15 12:00:00,14.5,32.4,146.0,2.5,4.2,79.0,74,2026-08-15
Ahmedabad,2026-08-15 13:00:00,15.0,35.3,137.0,2.3,3.9,82.0,74,2026-08-15
Ahmedabad,2026-08-15 14:00:00,14.8,36.9,137.0,2.7,3.8,83.0,74,2026-08-15
Ahmedabad,2026-08-15 15:00:00,15.1,39.8,151.0,3.1,3.7,83.0,73,2026-08-15
Ahmedabad,2026-08-15 16:00:00,15.8,42.4,174.0,4.0,3.8,80.0,73,2026-08-15
Ahmedabad,2026-08-15 17:00:00,23.1,56.8,197.0,10.7,4.5,68.0,72,2026-08-15
Ahmedabad,2026-08-15 18:00:00,24.6,54.5,217.0,16.1,5.3,58.0,72,2026-08-15
Ahmedabad,2026-08-15 19:00:00,26.8,53.1,237.0,23.5,6.4,44.0,72,2026-08-15
Ahmedabad,2026-08-15 20:00:00,26.9,49.9,251.0,27.4,7.0,35.0,72,2026-08-15
Ahmedabad,2026-08-15 21:00:00,25.6,45.9,261.0,24.8,6.6,36.0,72,2026-08-15
Ahmedabad,2026-08-15 22:00:00,23.9,41.3,265.0,18.9,5.6,41.0,72,2026-08-15
Ahmedabad,2026-08-15 23:00:00,21.6,36.2,256.0,13.9,4.8,45.0,72,2026-08-15
Ahmedabad,2026-08-16 00:00:00,19.0,31.5,224.0,11.2,4.4,45.0,71,2026-08-16
Ahmedabad,2026-08-16 01:00:00,18.7,32.1,180.0,9.4,4.2,43.0,70,2026-08-16
Ahmedabad,2026-08-16 02:00:00,16.4,27.8,147.0,8.5,4.1,40.0,70,2026-08-16
Ahmedabad,2026-08-16 03:00:00,13.8,23.3,136.0,8.9,4.3,36.0,69,2026-08-16
Ahmedabad,2026-08-16 04:00:00,13.1,21.9,136.0,10.2,4.6,31.0,68,2026-08-16
Ahmedabad,2026-08-16 05:00:00,11.5,19.0,142.0,11.2,4.5,28.0,68,2026-08-16
Ahmedabad,2026-08-16 06:00:00,11.9,19.6,158.0,10.4,4.9,29.0,67,2026-08-16
Ahmedabad,2026-08-16 07:00:00,13.0,22.9,180.0,9.3,5.5,31.0,67,2026-08-16
Ahmedabad,2026-08-16 08:00:00,13.6,27.9,190.0,8.0,5.8,36.0,66,2026-08-16
Ahmedabad,2026-08-16 09:00:00,14.0,30.7,178.0,6.3,5.6,45.0,66,2026-08-16
Ahmedabad,2026-08-16 10:00:00,15.3,35.4,154.0,4.4,5.1,56.0,66,2026-08-16
Ahmedabad,2026-08-16 11:00:00,16.4,39.2,135.0,3.1,4.8,65.0,66,2026-08-16
Ahmedabad,2026-08-16 12:00:00,16.9,41.0,127.0,2.5,4.9,71.0,66,2026-08-16
Ahmedabad,2026-08-16 13:00:00,17.0,39.7,123.0,2.5,5.1,75.0,67,2026-08-16
Ahmedabad,2026-08-16 14:00:00,16.7,37.8,125.0,2.9,5.3,77.0,67,2026-08-16
Ahmedabad,2026-08-16 15:00:00,16.7,37.0,133.0,3.3,5.4,76.0,67,2026-08-16
Ahmedabad,2026-08-16 16:00:00,17.1,37.0,146.0,4.1,5.5,73.0,67,2026-08-16
Ahmedabad,2026-08-16 17:00:00,20.1,44.0,161.0,5.0,5.0,70.0,67,2026-08-16
Ahmedabad,2026-08-16 18:00:00,22.2,42.1,181.0,10.3,6.2,60.0,67,2026-08-16
Ahmedabad,2026-08-16 19:00:00,25.1,43.3,203.0,17.5,7.8,46.0,67,2026-08-16
Ahmedabad,2026-08-16 20:00:00,26.3,43.2,218.0,22.1,8.8,36.0,67,2026-08-16
Ahmedabad,2026-08-16 21:00:00,25.2,40.5,225.0,21.9,8.8,34.0,67,2026-08-16
Ahmedabad,2026-08-16 22:00:00,22.6,35.7,226.0,19.0,8.3,35.0,66,2026-08-16
Ahmedabad,2026-08-16 23:00:00,22.1,36.3,215.0,16.0,7.5,37.0,66,2026-08-16
Ahmedabad,2026-08-17 00:00:00,18.8,30.6,184.0,13.1,6.2,38.0,66,2026-08-17
Ahmedabad,2026-08-17 01:00:00,15.9,26.4,143.0,10.1,4.6,39.0,66,2026-08-17
Ahmedabad,2026-08-17 02:00:00,13.4,22.5,113.0,8.0,3.6,39.0,66,2026-08-17
Ahmedabad,2026-08-17 03:00:00,11.5,19.0,103.0,7.7,3.6,36.0,66,2026-08-17
Ahmedabad,2026-08-17 04:00:00,10.4,16.8,105.0,8.5,4.2,33.0,66,2026-08-17
Ahmedabad,2026-08-17 05:00:00,8.9,15.0,115.0,8.7,4.4,33.0,66,2026-08-17
Ahmedabad,2026-08-17 06:00:00,9.0,14.8,141.0,8.4,4.8,34.0,65,2026-08-17
Ahmedabad,2026-08-17 07:00:00,9.7,15.5,176.0,8.0,5.4,36.0,65,2026-08-17
Ahmedabad,2026-08-17 08:00:00,9.7,19.4,196.0,7.2,5.7,41.0,65,2026-08-17
Ahmedabad,2026-08-17 09:00:00,11.2,24.8,186.0,5.8,5.5,50.0,65,2026-08-17
Ahmedabad,2026-08-17 10:00:00,13.5,31.4,160.0,4.1,4.9,62.0,64,2026-08-17
Ahmedabad,2026-08-17 11:00:00,14.6,34.9,140.0,2.8,4.5,72.0,64,2026-08-17
Ahmedabad,2026-08-17 12:00:00,15.8,38.6,131.0,2.1,4.3,78.0,64,2026-08-17
Ahmedabad,2026-08-17 13:00:00,17.1,44.0,128.0,1.8,4.1,81.0,64,2026-08-17
Ahmedabad,2026-08-17 14:00:00,18.2,48.0,132.0,2.2,4.1,82.0,64,2026-08-17
Ahmedabad,2026-08-17 15:00:00,20.0,52.0,145.0,3.4,4.3,79.0,64,2026-08-17
Ahmedabad,2026-08-17 16:00:00,21.3,53.4,165.0,5.3,4.5,74.0,64,2026-08-17
Ahmedabad,2026-08-17 17:00:00,24.7,60.3,188.0,5.9,4.4,74.0,65,2026-08-17
Ahmedabad,2026-08-17 18:00:00,26.8,55.4,216.0,10.3,5.1,65.0,65,2026-08-17
Ahmedabad,2026-08-17 19:00:00,28.2,52.5,247.0,16.2,6.1,53.0,65,2026-08-17
Ahmedabad,2026-08-17 20:00:00,27.5,49.5,268.0,19.7,6.6,44.0,66,2026-08-17
Ahmedabad,2026-08-17 21:00:00,24.6,42.7,276.0,18.3,6.3,41.0,66,2026-08-17
Ahmedabad,2026-08-17 22:00:00,21.4,35.5,274.0,14.5,5.6,40.0,66,2026-08-17
Ahmedabad,2026-08-17 23:00:00,18.2,28.6,258.0,11.3,5.0,39.0,66,2026-08-17
Ahmedabad,2026-08-18 00:00:00,14.2,21.9,218.0,9.7,4.7,36.0,65,2026-08-18
Ahmedabad,2026-08-18 01:00:00,12.0,18.7,165.0,8.8,4.6,34.0,65,2026-08-18
Ahmedabad,2026-08-18 02:00:00,10.8,17.5,127.0,8.4,4.6,31.0,65,2026-08-18
Ahmedabad,2026-08-18 03:00:00,10.3,17.3,117.0,8.9,4.7,28.0,64,2026-08-18
Ahmedabad,2026-08-18 04:00:00,10.1,17.3,122.0,10.0,5.0,26.0,64,2026-08-18
Ahmedabad,2026-08-18 05:00:00,10.0,17.9,136.0,9.1,5.1,28.0,64,2026-08-18
Ahmedabad,2026-08-18 06:00:00,10.5,18.0,165.0,8.8,5.5,29.0,64,2026-08-18
Ahmedabad,2026-08-18 07:00:00,11.6,21.1,203.0,8.4,6.1,30.0,64,2026-08-18
Ahmedabad,2026-08-18 08:00:00,11.4,22.2,222.0,7.6,6.4,35.0,65,2026-08-18
Ahmedabad,2026-08-18 09:00:00,11.9,23.3,202.0,6.0,6.0,46.0,65,2026-08-18
Ahmedabad,2026-08-18 10:00:00,13.6,28.9,163.0,4.1,5.3,60.0,65,2026-08-18
Ahmedabad,2026-08-18 11:00:00,15.9,36.3,134.0,2.7,4.7,71.0,65,2026-08-18
Ahmedabad,2026-08-18 12:00:00,17.6,43.0,126.0,2.1,4.2,76.0,65,2026-08-18
Ahmedabad,2026-08-18 13:00:00,19.7,49.1,128.0,1.9,3.8,78.0,65,2026-08-18
Ahmedabad,2026-08-18 14:00:00,21.1,52.6,137.0,2.4,3.5,78.0,65,2026-08-18
Ahmedabad,2026-08-18 15:00:00,21.5,52.6,152.0,3.6,3.4,76.0,66,2026-08-18
Ahmedabad,2026-08-18 16:00:00,21.9,50.9,173.0,5.4,3.5,73.0,66,2026-08-18
Ahmedabad,2026-08-18 17:00:00,31.7,71.9,199.0,8.1,4.3,68.0,66,2026-08-18
Ahmedabad,2026-08-18 18:00:00,31.5,64.3,238.0,12.2,5.0,60.0,66,2026-08-18
Ahmedabad,2026-08-18 19:00:00,32.1,59.6,282.0,17.7,6.0,48.0,67,2026-08-18
Ahmedabad,2026-08-18 20:00:00,30.5,54.1,299.0,20.7,6.5,40.0,67,2026-08-18
Ahmedabad,2026-08-18 21:00:00,27.2,46.8,267.0,18.6,6.2,39.0,67,2026-08-18
Ahmedabad,2026-08-18 22:00:00,23.6,39.7,208.0,14.0,5.4,42.0,67,2026-08-18
Ahmedabad,2026-08-18 23:00:00,20.2,33.8,160.0,10.3,4.8,43.0,68,2026-08-18
Ahmedabad,2026-08-19 00:00:00,17.3,28.9,139.0,8.8,4.6,41.0,68,2026-08-19
Ahmedabad,2026-08-19 01:00:00,14.7,24.1,129.0,8.2,4.5,37.0,68,2026-08-19
Ahmedabad,2026-08-19 02:00:00,12.0,19.3,123.0,8.0,4.6,33.0,68,2026-08-19
Ahmedabad,2026-08-19 03:00:00,11.1,17.8,118.0,8.3,4.8,30.0,68,2026-08-19
Ahmedabad,2026-08-19 04:00:00,11.3,18.6,117.0,9.0,5.0,27.0,68,2026-08-19
Ahmedabad,2026-08-19 05:00:00,10.7,17.9,126.0,9.0,5.3,26.0,68,2026-08-19
Ahmedabad,2026-08-19 06:00:00,11.0,18.8,154.0,9.0,5.7,26.0,68,2026-08-19
Ahmedabad,2026-08-19 07:00:00,12.6,23.3,191.0,8.8,6.1,26.0,68,2026-08-19
Ahmedabad,2026-08-19 08:00:00,13.4,25.0,212.0,8.2,6.3,29.0,69,2026-08-19
Ahmedabad,2026-08-19 09:00:00,13.0,24.3,202.0,6.7,5.9,39.0,69,2026-08-19
Ahmedabad,2026-08-19 10:00:00,13.6,25.8,176.0,4.6,5.2,52.0,69,2026-08-19
Ahmedabad,2026-08-19 11:00:00,13.8,28.1,154.0,3.1,4.7,63.0,69,2026-08-19
Ahmedabad,2026-08-19 12:00:00,16.1,34.6,142.0,2.3,4.5,70.0,69,2026-08-19
Ahmedabad,2026-08-19 13:00:00,18.3,40.9,134.0,2.1,4.3,76.0,69,2026-08-19
Ahmedabad,2026-08-19 14:00:00,19.3,44.0,134.0,2.3,4.2,79.0,68,2026-08-19
Ahmedabad,2026-08-19 15:00:00,20.9,48.1,136.0,3.1,3.9,79.0,68,2026-08-19
Ahmedabad,2026-08-19 16:00:00,21.4,48.5,144.0,4.3,3.6,78.0,68,2026-08-19
Ahmedabad,2026-08-19 17:00:00,29.6,58.7,179.0,7.5,4.4,68.0,68,2026-08-19
Ahmedabad,2026-08-19 18:00:00,28.6,54.0,275.0,10.3,4.8,63.0,68,2026-08-19
Ahmedabad,2026-08-19 19:00:00,27.8,48.9,396.0,13.9,5.5,55.0,68,2026-08-19
Ahmedabad,2026-08-19 20:00:00,26.3,43.9,455.0,16.0,5.8,49.0,67,2026-08-19
Ahmedabad,2026-08-19 21:00:00,23.8,38.6,393.0,14.8,5.6,47.0,67,2026-08-19
Ahmedabad,2026-08-19 22:00:00,21.4,34.5,269.0,12.0,5.2,46.0,67,2026-08-19
Ahmedabad,2026-08-19 23:00:00,19.3,31.8,172.0,9.7,4.9,44.0,67,2026-08-19
Ahmedabad,2026-08-20 00:00:00,17.2,29.1,139.0,8.6,4.8,41.0,67,2026-08-20
Ahmedabad,2026-08-20 01:00:00,14.5,24.9,133.0,8.0,4.7,37.0,67,2026-08-20
Ahmedabad,2026-08-20 02:00:00,12.5,21.5,131.0,7.9,4.8,33.0,67,2026-08-20
Ahmedabad,2026-08-20 03:00:00,11.8,20.1,123.0,8.7,5.0,29.0,67,2026-08-20
Ahmedabad,2026-08-20 04:00:00,12.9,23.0,119.0,10.0,5.2,26.0,67,2026-08-20
Ahmedabad,2026-08-20 05:00:00,10.1,17.2,125.0,8.8,5.2,27.0,67,2026-08-20
Ahmedabad,2026-08-20 06:00:00,9.7,15.8,150.0,8.3,5.3,28.0,67,2026-08-20
Ahmedabad,2026-08-20 07:00:00,10.3,18.3,184.0,7.6,5.4,29.0,67,2026-08-20
Ahmedabad,2026-08-20 08:00:00,9.3,16.6,203.0,6.7,5.4,33.0,66,2026-08-20
Ahmedabad,2026-08-20 09:00:00,9.9,18.9,190.0,5.3,5.0,43.0,66,2026-08-20
Ahmedabad,2026-08-20 10:00:00,11.1,22.1,162.0,3.6,4.5,56.0,66,2026-08-20
Ahmedabad,2026-08-20 11:00:00,12.9,27.5,140.0,2.4,4.0,66.0,66,2026-08-20
Ahmedabad,2026-08-20 12:00:00,14.4,32.0,132.0,1.8,3.7,71.0,66,2026-08-20
Ahmedabad,2026-08-20 13:00:00,15.5,34.6,131.0,1.8,3.6,74.0,66,2026-08-20
Ahmedabad,2026-08-20 14:00:00,16.4,36.3,139.0,2.4,3.5,74.0,65,2026-08-20
Ahmedabad,2026-08-20 15:00:00,17.3,37.8,158.0,3.9,3.6,72.0,65,2026-08-20
Ahmedabad,2026-08-20 16:00:00,18.0,38.0,186.0,6.2,3.7,69.0,65,2026-08-20
Ahmedabad,2026-08-20 17:00:00,23.7,50.5,219.0,7.8,4.1,65.0,65,2026-08-20
Ahmedabad,2026-08-20 18:00:00,24.9,45.9,269.0,14.4,5.1,54.0,64,2026-08-20
Ahmedabad,2026-08-20 19:00:00,27.8,46.9,325.0,23.4,6.5,40.0,64,2026-08-20
Ahmedabad,2026-08-20 20:00:00,28.4,45.4,350.0,28.6,7.4,30.0,64,2026-08-20
Ahmedabad,2026-08-20 21:00:00,26.5,41.9,319.0,26.6,7.2,30.0,64,2026-08-20
Ahmedabad,2026-08-20 22:00:00,24.4,38.1,258.0,20.8,6.5,34.0,64,2026-08-20
Ahmedabad,2026-08-20 23:00:00,20.6,31.5,204.0,15.5,5.7,37.0,64,2026-08-20
Ahmedabad,2026-08-21 00:00:00,16.5,25.9,170.0,12.0,4.9,37.0,64,2026-08-21
Ahmedabad,2026-08-21 01:00:00,13.7,22.2,143.0,9.1,4.1,36.0,64,2026-08-21
Ahmedabad,2026-08-21 02:00:00,12.2,20.1,126.0,7.2,3.7,35.0,64,2026-08-21
Ahmedabad,2026-08-21 03:00:00,11.1,18.3,119.0,7.1,3.9,33.0,64,2026-08-21
Ahmedabad,2026-08-21 04:00:00,9.5,15.5,122.0,8.1,4.6,30.0,64,2026-08-21
Ahmedabad,2026-08-21 05:00:00,13.6,25.1,131.0,11.0,4.3,23.0,64,2026-08-21
Ahmedabad,2026-08-21 06:00:00,11.5,19.3,152.0,10.2,4.6,25.0,64,2026-08-21
Ahmedabad,2026-08-21 07:00:00,10.0,16.9,180.0,8.9,5.1,28.0,64,2026-08-21
Ahmedabad,2026-08-21 08:00:00,8.8,15.0,195.0,7.5,5.2,34.0,64,2026-08-21
Ahmedabad,2026-08-21 09:00:00,7.8,15.3,184.0,5.7,4.8,45.0,64,2026-08-21
Ahmedabad,2026-08-21 10:00:00,9.0,17.3,159.0,3.7,4.1,58.0,64,2026-08-21
Ahmedabad,2026-08-21 11:00:00,10.5,21.6,141.0,2.4,3.6,68.0,64,2026-08-21
Ahmedabad,2026-08-21 12:00:00,11.6,25.0,135.0,2.0,3.4,72.0,64,2026-08-21
Ahmedabad,2026-08-21 13:00:00,12.6,27.1,136.0,2.2,3.4,73.0,64,2026-08-21
Ahmedabad,2026-08-21 14:00:00,14.6,31.9,141.0,2.9,3.5,72.0,63,2026-08-21
Ahmedabad,2026-08-21 15:00:00,14.8,31.8,148.0,3.8,3.5,71.0,63,2026-08-21
Ahmedabad,2026-08-21 16:00:00,15.0,31.9,160.0,5.1,3.6,69.0,63,2026-08-21
Ahmedabad,2026-08-21 17:00:00,19.3,41.9,184.0,6.3,3.4,66.0,63,2026-08-21
Ahmedabad,2026-08-21 18:00:00,21.2,39.9,235.0,13.9,4.6,54.0,62,2026-08-21
Ahmedabad,2026-08-21 19:00:00,24.9,41.9,299.0,24.0,6.2,37.0,62,2026-08-21
Ahmedabad,2026-08-21 20:00:00,26.2,41.6,339.0,29.7,7.2,27.0,62,2026-08-21
Ahmedabad,2026-08-21 21:00:00,24.3,37.6,340.0,26.6,6.9,29.0,62,2026-08-21
Ahmedabad,2026-08-21 22:00:00,21.1,32.0,318.0,19.0,6.0,36.0,62,2026-08-21
Ahmedabad,2026-08-21 23:00:00,17.6,26.5,286.0,12.8,5.3,42.0,61,2026-08-21
Ahmedabad,2026-08-22 00:00:00,15.0,22.9,238.0,10.0,5.0,42.0,61,2026-08-22
Ahmedabad,2026-08-22 01:00:00,13.1,20.5,179.0,8.5,4.8,40.0,61,2026-08-22
Ahmedabad,2026-08-22 02:00:00,11.1,17.4,137.0,7.8,4.8,37.0,61,2026-08-22
Ahmedabad,2026-08-22 03:00:00,10.3,16.4,125.0,8.0,5.0,34.0,61,2026-08-22
Ahmedabad,2026-08-22 04:00:00,10.1,15.9,129.0,8.9,5.3,31.0,61,2026-08-22
Ahmedabad,2026-08-22 05:00:00,9.7,15.3,138.0,9.3,5.2,29.0,61,2026-08-22
Ahmedabad,2026-08-22 06:00:00,9.6,15.0,152.0,8.7,5.5,30.0,61,2026-08-22
Ahmedabad,2026-08-22 07:00:00,10.2,16.9,170.0,7.8,5.9,33.0,60,2026-08-22
Ahmedabad,2026-08-22 08:00:00,10.5,19.3,179.0,6.8,6.0,38.0,60,2026-08-22
Ahmedabad,2026-08-22 09:00:00,10.6,19.1,170.0,5.4,5.6,48.0,61,2026-08-22
Ahmedabad,2026-08-22 10:00:00,11.1,21.1,152.0,3.9,4.8,61.0,61,2026-08-22
Ahmedabad,2026-08-22 11:00:00,11.7,22.5,138.0,2.7,4.2,71.0,61,2026-08-22
Ahmedabad,2026-08-22 12:00:00,13.2,26.3,133.0,1.9,3.8,77.0,61,2026-08-22
Ahmedabad,2026-08-22 13:00:00,15.1,31.5,132.0,1.6,3.6,81.0,61,2026-08-22
Ahmedabad,2026-08-22 14:00:00,16.5,36.2,135.0,2.0,3.4,82.0,61,2026-08-22
Ahmedabad,2026-08-22 15:00:00,18.5,41.3,137.0,3.3,3.2,79.0,61,2026-08-22
Ahmedabad,2026-08-22 16:00:00,20.8,46.8,143.0,5.4,3.1,73.0,62,2026-08-22
Ahmedabad,2026-08-22 17:00:00,28.6,62.9,167.0,8.1,3.5,63.0,62,2026-08-22
Ahmedabad,2026-08-22 18:00:00,29.2,56.2,227.0,16.7,4.9,50.0,63,2026-08-22
Ahmedabad,2026-08-22 19:00:00,32.7,58.1,304.0,28.3,6.8,33.0,64,2026-08-22
Ahmedabad,2026-08-22 20:00:00,34.6,58.3,360.0,35.4,8.0,21.0,64,2026-08-22
Ahmedabad,2026-08-22 21:00:00,32.6,52.9,383.0,33.7,7.9,21.0,65,2026-08-22
Ahmedabad,2026-08-22 22:00:00,29.3,46.0,384.0,27.4,7.1,26.0,66,2026-08-22
Ahmedabad,2026-08-22 23:00:00,25.3,39.1,360.0,21.4,6.2,31.0,66,2026-08-22
Ahmedabad,2026-08-23 00:00:00,21.5,34.0,291.0,16.9,5.4,33.0,67,2026-08-23
Ahmedabad,2026-08-23 01:00:00,19.4,31.5,197.0,12.6,4.5,35.0,67,2026-08-23
Ahmedabad,2026-08-23 02:00:00,17.3,28.8,129.0,9.8,4.0,35.0,68,2026-08-23
Ahmedabad,2026-08-23 03:00:00,14.8,24.9,114.0,9.7,4.0,32.0,68,2026-08-23
Ahmedabad,2026-08-23 04:00:00,14.0,23.5,126.0,11.0,4.4,27.0,69,2026-08-23
Ahmedabad,2026-08-23 05:00:00,14.8,24.8,139.0,10.9,4.6,26.0,69,2026-08-23
Ahmedabad,2026-08-23 06:00:00,14.9,24.4,146.0,9.7,5.2,28.0,69,2026-08-23
Ahmedabad,2026-08-23 07:00:00,15.8,27.4,154.0,8.0,6.0,31.0,70,2026-08-23
Ahmedabad,2026-08-23 08:00:00,17.1,34.3,157.0,6.4,6.5,37.0,70,2026-08-23
Ahmedabad,2026-08-23 09:00:00,19.2,41.3,149.0,5.0,6.6,48.0,71,2026-08-23
Ahmedabad,2026-08-23 10:00:00,21.5,50.1,135.0,3.6,6.4,62.0,71,2026-08-23
Ahmedabad,2026-08-23 11:00:00,23.6,57.6,124.0,2.7,6.2,73.0,72,2026-08-23
Ahmedabad,2026-08-23 12:00:00,26.0,65.4,120.0,2.2,6.1,78.0,73,2026-08-23
Ahmedabad,2026-08-23 13:00:00,28.7,74.7,119.0,2.2,6.0,79.0,74,2026-08-23
Ahmedabad,2026-08-23 14:00:00,31.3,82.7,122.0,2.6,5.9,78.0,75,2026-08-23
Ahmedabad,2026-08-23 15:00:00,32.9,87.3,130.0,3.3,5.5,76.0,76,2026-08-23
Ahmedabad,2026-08-23 16:00:00,33.3,88.7,141.0,4.5,5.1,72.0,78,2026-08-23
Ahmedabad,2026-08-23 17:00:00,45.5,121.5,154.0,5.7,3.9,64.0,78,2026-08-23
Ahmedabad,2026-08-23 18:00:00,45.8,108.3,167.0,13.2,5.3,51.0,80,2026-08-23
Ahmedabad,2026-08-23 19:00:00,50.3,114.3,182.0,23.3,7.1,34.0,81,2026-08-23
Ahmedabad,2026-08-23 20:00:00,51.2,109.4,194.0,29.4,8.3,23.0,83,2026-08-23
Ahmedabad,2026-08-23 21:00:00,48.9,98.3,207.0,27.8,8.1,23.0,84,2026-08-23
Ahmedabad,2026-08-23 22:00:00,45.5,86.6,218.0,22.3,7.2,29.0,85,2026-08-23
Ahmedabad,2026-08-23 23:00:00,47.0,93.8,216.0,17.2,6.3,34.0,86,2026-08-23
Ahmedabad,2026-08-24 00:00:00,35.3,64.0,190.0,14.0,5.6,36.0,88,2026-08-24
Ahmedabad,2026-08-24 01:00:00,28.6,50.5,151.0,11.2,5.0,37.0,89,2026-08-24
Ahmedabad,2026-08-24 02:00:00,23.3,41.9,123.0,9.5,4.6,36.0,90,2026-08-24
Ahmedabad,2026-08-24 03:00:00,20.9,38.0,114.0,9.5,4.7,33.0,90,2026-08-24
Ahmedabad,2026-08-24 04:00:00,19.5,35.7,115.0,10.6,5.1,28.0,91,2026-08-24
Ahmedabad,2026-08-24 05:00:00,18.9,36.1,123.0,10.0,5.1,29.0,91,2026-08-24
Ahmedabad,2026-08-24 06:00:00,17.8,32.8,145.0,9.4,5.9,30.0,92,2026-08-24
Ahmedabad,2026-08-24 07:00:00,19.4,36.2,174.0,8.6,6.9,32.0,92,2026-08-24
Ahmedabad,2026-08-24 08:00:00,20.5,44.1,190.0,7.5,7.4,37.0,92,2026-08-24
Ahmedabad,2026-08-24 09:00:00,21.7,50.3,181.0,5.9,6.9,49.0,92,2026-08-24
Ahmedabad,2026-08-24 10:00:00,23.9,59.6,159.0,4.0,5.9,65.0,93,2026-08-24
Ahmedabad,2026-08-24 11:00:00,25.7,67.8,142.0,2.7,5.1,77.0,93,2026-08-24
Ahmedabad,2026-08-24 12:00:00,28.2,76.6,137.0,2.1,4.7,84.0,93,2026-08-24
Ahmedabad,2026-08-24 13:00:00,29.0,80.8,138.0,2.1,4.6,88.0,93,2026-08-24
Ahmedabad,2026-08-24 14:00:00,31.4,93.4,142.0,2.5,4.5,89.0,93,2026-08-24
Ahmedabad,2026-08-24 15:00:00,34.3,107.6,144.0,2.5,4.4,89.0,93,2026-08-24
Ahmedabad,2026-08-24 16:00:00,34.7,112.7,150.0,3.0,4.4,86.0,93,2026-08-24
Ahmedabad,2026-08-24 17:00:00,43.9,148.5,170.0,6.4,4.5,75.0,93,2026-08-24
Ahmedabad,2026-08-24 18:00:00,44.2,130.9,223.0,13.7,5.4,61.0,93,2026-08-24
Ahmedabad,2026-08-24 19:00:00,46.8,129.0,291.0,23.6,6.5,43.0,93,2026-08-24
Ahmedabad,2026-08-24 20:00:00,46.0,119.0,334.0,30.2,7.3,29.0,93,2026-08-24
Ahmedabad,2026-08-24 21:00:00,44.1,110.1,332.0,30.5,7.4,25.0,92,2026-08-24
Ahmedabad,2026-08-24 22:00:00,42.6,103.4,304.0,27.5,7.0,26.0,92,2026-08-24
Ahmedabad,2026-08-24 23:00:00,40.9,95.9,269.0,23.8,6.5,29.0,92,2026-08-24
Ahmedabad,2026-08-25 00:00:00,37.8,86.1,226.0,19.9,5.8,32.0,91,2026-08-25
Ahmedabad,2026-08-25 01:00:00,35.0,75.7,176.0,15.4,4.9,37.0,92,2026-08-25
Ahmedabad,2026-08-25 02:00:00,30.9,63.8,138.0,11.9,4.3,40.0,92,2026-08-25
Ahmedabad,2026-08-25 03:00:00,28.2,58.8,122.0,10.4,4.3,39.0,93,2026-08-25
Ahmedabad,2026-08-25 04:00:00,25.4,53.1,119.0,9.9,4.7,36.0,93,2026-08-25
Ahmedabad,2026-08-25 05:00:00,25.0,53.6,123.0,8.7,4.8,35.0,94,2026-08-25
Ahmedabad,2026-08-25 06:00:00,23.2,50.3,139.0,8.5,4.8,35.0,94,2026-08-25
Ahmedabad,2026-08-25 07:00:00,23.2,53.3,163.0,8.1,4.8,34.0,95,2026-08-25
Ahmedabad,2026-08-25 08:00:00,23.9,62.6,177.0,7.4,4.7,38.0,95,2026-08-25
Ahmedabad,2026-08-25 09:00:00,30.0,87.8,173.0,6.0,4.6,48.0,95,2026-08-25
Ahmedabad,2026-08-25 10:00:00,29.9,87.3,159.0,4.2,4.5,62.0,96,2026-08-25
Ahmedabad,2026-08-25 11:00:00,30.5,89.9,148.0,2.8,4.3,74.0,96,2026-08-25
Ahmedabad,2026-08-25 12:00:00,30.3,92.0,142.0,2.1,4.1,81.0,97,2026-08-25
Ahmedabad,2026-08-25 13:00:00,30.7,98.5,139.0,1.8,3.8,85.0,97,2026-08-25
Ahmedabad,2026-08-25 14:00:00,30.5,103.6,139.0,2.0,3.6,87.0,97,2026-08-25
Ahmedabad,2026-08-25 15:00:00,30.6,104.5,140.0,2.1,3.4,86.0,97,2026-08-25
Ahmedabad,2026-08-25 16:00:00,31.1,106.2,143.0,2.6,3.2,82.0,97,2026-08-25
Ahmedabad,2026-08-25 17:00:00,36.7,120.6,161.0,5.5,3.6,76.0,96,2026-08-25
Ahmedabad,2026-08-25 18:00:00,38.2,103.1,205.0,14.2,4.7,61.0,96,2026-08-25
Ahmedabad,2026-08-25 19:00:00,41.7,103.8,263.0,26.0,6.2,39.0,95,2026-08-25
Ahmedabad,2026-08-25 20:00:00,43.1,100.6,305.0,33.5,7.3,25.0,95,2026-08-25
Ahmedabad,2026-08-25 21:00:00,43.0,95.9,325.0,33.0,7.5,23.0,95,2026-08-25
Ahmedabad,2026-08-25 22:00:00,41.3,87.5,330.0,28.3,7.2,29.0,95,2026-08-25
Ahmedabad,2026-08-25 23:00:00,38.0,77.3,313.0,23.0,6.7,34.0,94,2026-08-25
Ahmedabad,2026-08-26 00:00:00,33.4,66.4,259.0,17.8,5.8,38.0,94,2026-08-26
Ahmedabad,2026-08-26 01:00:00,28.9,57.3,182.0,12.0,4.6,43.0,94,2026-08-26
Ahmedabad,2026-08-26 02:00:00,24.8,51.2,127.0,7.9,3.8,45.0,93,2026-08-26
Ahmedabad,2026-08-26 03:00:00,21.9,47.0,112.0,6.8,3.9,42.0,93,2026-08-26
Ahmedabad,2026-08-26 04:00:00,20.6,44.4,117.0,7.4,4.4,37.0,92,2026-08-26
Ahmedabad,2026-08-26 05:00:00,21.4,49.9,126.0,6.4,4.5,38.0,92,2026-08-26
Ahmedabad,2026-08-26 06:00:00,21.8,51.1,137.0,6.4,4.6,38.0,92,2026-08-26
Ahmedabad,2026-08-26 07:00:00,22.9,54.1,152.0,6.3,4.7,38.0,92,2026-08-26
Ahmedabad,2026-08-26 08:00:00,24.3,65.9,161.0,5.9,4.7,42.0,92,2026-08-26
Ahmedabad,2026-08-26 09:00:00,26.7,78.7,159.0,4.7,4.4,52.0,92,2026-08-26
Ahmedabad,2026-08-26 10:00:00,29.5,93.6,150.0,3.1,3.9,65.0,91,2026-08-26
Ahmedabad,2026-08-26 11:00:00,33.4,116.2,143.0,2.0,3.6,76.0,91,2026-08-26
Ahmedabad,2026-08-26 12:00:00,36.4,133.6,139.0,1.6,3.5,82.0,92,2026-08-26
Ahmedabad,2026-08-26 13:00:00,38.4,143.0,135.0,1.7,3.6,84.0,92,2026-08-26
Ahmedabad,2026-08-26 14:00:00,41.1,155.1,136.0,2.7,3.7,84.0,93,2026-08-26
Ahmedabad,2026-08-26 15:00:00,42.8,164.8,139.0,4.5,3.7,80.0,93,2026-08-26
Ahmedabad,2026-08-26 16:00:00,42.4,156.9,146.0,7.1,3.7,73.0,94,2026-08-26
Ahmedabad,2026-08-26 17:00:00,48.4,157.4,165.0,8.2,3.7,71.0,95,2026-08-26
Ahmedabad,2026-08-26 18:00:00,47.3,132.2,211.0,14.6,4.8,60.0,96,2026-08-26
Ahmedabad,2026-08-26 19:00:00,46.9,117.8,269.0,23.3,6.3,44.0,97,2026-08-26
Ahmedabad,2026-08-26 20:00:00,44.6,102.9,305.0,28.6,7.2,34.0,97,2026-08-26
Ahmedabad,2026-08-26 21:00:00,40.5,86.8,300.0,27.6,7.1,34.0,98,2026-08-26
Ahmedabad,2026-08-26 22:00:00,36.8,74.5,273.0,23.2,6.6,38.0,97,2026-08-26
Ahmedabad,2026-08-26 23:00:00,33.4,65.7,240.0,18.8,5.9,42.0,97,2026-08-26
Ahmedabad,2026-08-27 00:00:00,29.7,57.7,202.0,15.2,5.2,42.0,97,2026-08-27
Ahmedabad,2026-08-27 01:00:00,26.3,52.2,160.0,11.6,4.4,41.0,96,2026-08-27
Ahmedabad,2026-08-27 02:00:00,22.9,47.4,129.0,9.1,4.0,40.0,96,2026-08-27
Ahmedabad,2026-08-27 03:00:00,18.8,39.9,119.0,8.4,4.1,37.0,96,2026-08-27
Ahmedabad,2026-08-27 04:00:00,16.1,34.2,121.0,8.7,4.6,34.0,96,2026-08-27
Ahmedabad,2026-08-27 05:00:00,15.8,35.3,127.0,8.3,5.0,33.0,95,2026-08-27
Ahmedabad,2026-08-27 06:00:00,15.1,33.9,138.0,8.0,5.3,34.0,95,2026-08-27
Ahmedabad,2026-08-27 07:00:00,15.7,36.8,152.0,7.6,5.8,35.0,94,2026-08-27
Ahmedabad,2026-08-27 08:00:00,16.6,44.7,160.0,6.8,5.9,39.0,94,2026-08-27
Ahmedabad,2026-08-27 09:00:00,18.4,53.4,154.0,5.4,5.4,49.0,93,2026-08-27
Ahmedabad,2026-08-27 10:00:00,20.8,63.6,142.0,3.7,4.6,62.0,93,2026-08-27
Ahmedabad,2026-08-27 11:00:00,24.0,76.6,132.0,2.5,4.0,72.0,92,2026-08-27
Ahmedabad,2026-08-27 12:00:00,26.5,86.1,129.0,1.9,3.6,77.0,91,2026-08-27
Ahmedabad,2026-08-27 13:00:00,28.3,91.3,130.0,1.8,3.4,80.0,90,2026-08-27
Ahmedabad,2026-08-27 14:00:00,29.0,92.9,132.0,2.3,3.3,81.0,90,2026-08-27
Ahmedabad,2026-08-27 15:00:00,29.3,90.8,130.0,3.2,3.3,80.0,89,2026-08-27
Ahmedabad,2026-08-27 16:00:00,29.4,87.1,130.0,4.6,3.4,77.0,88,2026-08-27
Ahmedabad,2026-08-27 17:00:00,29.3,76.6,150.0,7.5,3.8,72.0,87,2026-08-27
Ahmedabad,2026-08-27 18:00:00,31.2,70.1,216.0,13.4,4.9,62.0,85,2026-08-27
Ahmedabad,2026-08-27 19:00:00,33.4,67.8,302.0,20.8,6.3,48.0,84,2026-08-27
Ahmedabad,2026-08-27 20:00:00,34.2,65.0,352.0,25.2,7.2,39.0,83,2026-08-27
Ahmedabad,2026-08-27 21:00:00,33.9,61.9,336.0,24.4,7.1,37.0,82,2026-08-27
Ahmedabad,2026-08-27 22:00:00,32.2,56.8,284.0,20.6,6.6,38.0,81,2026-08-27
Ahmedabad,2026-08-27 23:00:00,28.9,50.5,233.0,16.9,5.9,39.0,81,2026-08-27
Ahmedabad,2026-08-28 00:00:00,24.5,44.7,192.0,13.7,5.2,39.0,81,2026-08-28
Ahmedabad,2026-08-28 01:00:00,20.7,39.5,151.0,10.5,4.4,38.0,80,2026-08-28
Ahmedabad,2026-08-28 02:00:00,16.9,32.5,124.0,8.4,3.9,37.0,80,2026-08-28
Ahmedabad,2026-08-28 03:00:00,13.7,25.7,117.0,8.1,4.1,34.0,79,2026-08-28
Ahmedabad,2026-08-28 04:00:00,12.1,22.2,122.0,8.9,4.6,31.0,79,2026-08-28
Ahmedabad,2026-08-28 05:00:00,14.3,30.2,130.0,9.2,5.1,30.0,79,2026-08-28
Ahmedabad,2026-08-28 06:00:00,13.8,28.5,140.0,8.5,5.5,32.0,78,2026-08-28
Ahmedabad,2026-08-28 07:00:00,14.2,29.6,152.0,7.5,6.0,34.0,78,2026-08-28
Ahmedabad,2026-08-28 08:00:00,15.9,39.6,158.0,6.3,6.1,40.0,78,2026-08-28
Ahmedabad,2026-08-28 09:00:00,18.5,47.5,151.0,4.8,5.5,51.0,78,2026-08-28
Ahmedabad,2026-08-28 10:00:00,22.1,58.9,138.0,3.2,4.4,64.0,78,2026-08-28
Ahmedabad,2026-08-28 11:00:00,24.7,68.0,128.0,2.1,3.6,75.0,78,2026-08-28
Ahmedabad,2026-08-28 12:00:00,25.9,72.2,126.0,1.6,3.2,81.0,78,2026-08-28
Ahmedabad,2026-08-28 13:00:00,25.6,70.5,127.0,1.6,3.0,84.0,78,2026-08-28
Ahmedabad,2026-08-28 14:00:00,25.1,70.3,131.0,2.2,2.9,86.0,78,2026-08-28
Ahmedabad,2026-08-28 15:00:00,24.4,67.8,133.0,3.3,3.0,86.0,78,2026-08-28
Ahmedabad,2026-08-28 16:00:00,23.5,63.8,137.0,4.9,3.2,85.0,77,2026-08-28
Ahmedabad,2026-08-28 17:00:00,23.2,57.0,153.0,6.9,3.3,75.0,77,2026-08-28
Ahmedabad,2026-08-28 18:00:00,23.9,50.1,198.0,11.3,4.3,67.0,76,2026-08-28
Ahmedabad,2026-08-28 19:00:00,25.0,46.7,254.0,17.1,5.6,55.0,76,2026-08-28
Ahmedabad,2026-08-28 20:00:00,24.6,43.1,282.0,20.2,6.3,47.0,75,2026-08-28
Ahmedabad,2026-08-28 21:00:00,22.4,37.8,254.0,17.8,5.8,45.0,74,2026-08-28
Ahmedabad,2026-08-28 22:00:00,19.6,32.7,197.0,12.6,4.7,46.0,74,2026-08-28
Ahmedabad,2026-08-28 23:00:00,17.2,29.4,151.0,8.5,3.9,46.0,73,2026-08-28
Ahmedabad,2026-08-29 00:00:00,15.4,27.6,133.0,7.1,3.7,43.0,72,2026-08-29
Ahmedabad,2026-08-29 01:00:00,14.6,26.6,127.0,6.9,3.8,39.0,71,2026-08-29
Ahmedabad,2026-08-29 02:00:00,12.9,23.2,123.0,7.0,4.0,36.0,70,2026-08-29
Ahmedabad,2026-08-29 03:00:00,11.7,20.5,117.0,7.4,4.3,33.0,70,2026-08-29
Ahmedabad,2026-08-29 04:00:00,11.0,19.0,114.0,8.2,4.7,30.0,70,2026-08-29
Ahmedabad,2026-08-29 05:00:00,12.0,21.5,116.0,7.8,5.0,32.0,70,2026-08-29
Ahmedabad,2026-08-29 06:00:00,11.1,20.0,131.0,7.5,5.1,33.0,70,2026-08-29
Ahmedabad,2026-08-29 07:00:00,11.1,19.7,151.0,7.0,5.2,34.0,70,2026-08-29
Ahmedabad,2026-08-29 08:00:00,11.3,21.5,162.0,6.3,5.2,38.0,69,2026-08-29
Ahmedabad,2026-08-29 09:00:00,11.5,21.1,153.0,5.1,4.9,47.0,69,2026-08-29
Ahmedabad,2026-08-29 10:00:00,14.5,29.5,135.0,3.6,4.5,59.0,68,2026-08-29
Ahmedabad,2026-08-29 11:00:00,14.1,28.5,121.0,2.5,4.0,69.0,68,2026-08-29
Ahmedabad,2026-08-29 12:00:00,14.5,30.5,118.0,2.0,3.6,74.0,67,2026-08-29
Ahmedabad,2026-08-29 13:00:00,15.3,33.5,119.0,1.9,3.1,77.0,66,2026-08-29
Ahmedabad,2026-08-29 14:00:00,16.2,35.4,123.0,2.2,2.8,79.0,65,2026-08-29
Ahmedabad,2026-08-29 15:00:00,16.8,36.8,128.0,3.1,2.7,79.0,65,2026-08-29
Ahmedabad,2026-08-29 16:00:00,17.1,36.9,136.0,4.4,2.7,78.0,64,2026-08-29
Ahmedabad,2026-08-29 17:00:00,22.8,46.7,147.0,6.3,3.0,72.0,63,2026-08-29
Ahmedabad,2026-08-29 18:00:00,23.5,43.2,169.0,7.4,3.3,68.0,63,2026-08-29
Ahmedabad,2026-08-29 19:00:00,23.8,41.0,194.0,8.9,3.7,62.0,63,2026-08-29
Ahmedabad,2026-08-29 20:00:00,23.1,38.5,206.0,9.7,4.0,57.0,63,2026-08-29
Ahmedabad,2026-08-29 21:00:00,21.2,35.6,192.0,9.0,3.9,52.0,63,2026-08-29
Ahmedabad,2026-08-29 22:00:00,19.0,32.6,163.0,7.7,3.6,48.0,63,2026-08-29
Ahmedabad,2026-08-29 23:00:00,16.6,29.5,140.0,6.7,3.4,44.0,63,2026-08-29
Ahmedabad,2026-08-30 00:00:00,14.5,25.8,129.0,6.6,3.4,41.0,63,2026-08-30
Ahmedabad,2026-08-30 01:00:00,13.0,22.8,123.0,6.9,3.6,38.0,63,2026-08-30
Ahmedabad,2026-08-30 02:00:00,11.1,19.0,119.0,7.2,3.8,35.0,63,2026-08-30
Ahmedabad,2026-08-30 03:00:00,9.8,16.4,115.0,7.6,4.0,32.0,63,2026-08-30
Ahmedabad,2026-08-30 04:00:00,8.7,14.5,112.0,8.1,4.3,30.0,62,2026-08-30
Ahmedabad,2026-08-30 05:00:00,12.0,22.0,112.0,7.3,4.5,31.0,62,2026-08-30
Ahmedabad,2026-08-30 06:00:00,10.6,19.4,115.0,6.7,4.7,32.0,62,2026-08-30
Ahmedabad,2026-08-30 07:00:00,8.0,13.9,121.0,5.8,4.9,35.0,62,2026-08-30
Ahmedabad,2026-08-30 08:00:00,7.4,14.2,123.0,4.8,4.9,39.0,62,2026-08-30
Ahmedabad,2026-08-30 09:00:00,7.9,16.0,118.0,3.7,4.4,46.0,62,2026-08-30
Ahmedabad,2026-08-30 10:00:00,8.9,19.0,111.0,2.6,3.7,56.0,61,2026-08-30
Ahmedabad,2026-08-30 11:00:00,10.3,23.1,106.0,1.8,3.1,63.0,61,2026-08-30
Ahmedabad,2026-08-30 12:00:00,11.6,26.6,107.0,1.6,2.9,67.0,61,2026-08-30
Ahmedabad,2026-08-30 13:00:00,12.8,28.9,110.0,1.7,2.8,70.0,60,2026-08-30
Ahmedabad,2026-08-30 14:00:00,14.4,32.5,115.0,2.0,2.8,71.0,60,2026-08-30
Ahmedabad,2026-08-30 15:00:00,16.1,36.7,121.0,2.6,2.8,72.0,60,2026-08-30
Ahmedabad,2026-08-30 16:00:00,16.9,36.6,127.0,3.4,2.8,72.0,60,2026-08-30
Ahmedabad,2026-08-30 17:00:00,14.1,29.5,133.0,3.4,2.6,70.0,60,2026-08-30
Ahmedabad,2026-08-30 18:00:00,13.3,23.8,139.0,5.2,3.1,65.0,59,2026-08-30
Ahmedabad,2026-08-30 19:00:00,16.6,29.0,143.0,7.5,3.8,58.0,59,2026-08-30
Ahmedabad,2026-08-30 20:00:00,16.8,28.0,146.0,9.0,4.2,52.0,58,2026-08-30
Ahmedabad,2026-08-30 21:00:00,15.3,24.7,145.0,8.6,4.1,49.0,58,2026-08-30
Ahmedabad,2026-08-30 22:00:00,14.3,23.5,142.0,7.2,3.8,48.0,57,2026-08-30
Ahmedabad,2026-08-30 23:00:00,13.6,22.9,137.0,6.2,3.6,46.0,57,2026-08-30
Ahmedabad,2026-08-31 00:00:00,12.8,21.9,129.0,6.0,3.6,43.0,56,2026-08-31
Ahmedabad,2026-08-31 01:00:00,12.2,21.0,120.0,6.2,3.7,39.0,56,2026-08-31
Ahmedabad,2026-08-31 02:00:00,11.8,19.9,113.0,6.5,3.9,35.0,56,2026-08-31
Ahmedabad,2026-08-31 03:00:00,10.3,17.0,108.0,7.0,4.1,32.0,56,2026-08-31
Ahmedabad,2026-08-31 04:00:00,9.2,15.0,104.0,7.6,4.3,29.0,56,2026-08-31
Ahmedabad,2026-08-31 05:00:00,8.6,14.1,106.0,7.7,4.4,28.0,56,2026-08-31
Ahmedabad,2026-08-31 06:00:00,7.4,12.2,118.0,7.3,4.6,29.0,56,2026-08-31
Ahmedabad,2026-08-31 07:00:00,7.4,12.2,135.0,6.7,4.8,30.0,56,2026-08-31
Ahmedabad,2026-08-31 08:00:00,7.0,12.9,145.0,5.9,4.8,34.0,56,2026-08-31
Ahmedabad,2026-08-31 09:00:00,8.1,15.7,140.0,4.8,4.5,42.0,56,2026-08-31
Ahmedabad,2026-08-31 10:00:00,8.7,17.2,128.0,3.5,4.1,53.0,56,2026-08-31
Ahmedabad,2026-08-31 11:00:00,9.7,19.5,119.0,2.5,3.7,61.0,56,2026-08-31
Ahmedabad,2026-08-31 12:00:00,11.3,24.4,118.0,2.0,3.3,66.0,56,2026-08-31
Ahmedabad,2026-08-31 13:00:00,11.5,25.8,119.0,1.9,2.9,69.0,56,2026-08-31
Ahmedabad,2026-08-31 14:00:00,12.3,28.2,123.0,2.1,2.6,70.0,56,2026-08-31
Ahmedabad,2026-08-31 15:00:00,13.2,30.7,128.0,2.7,2.6,70.0,55,2026-08-31
Ahmedabad,2026-08-31 16:00:00,13.9,32.4,134.0,3.7,2.7,70.0,55,2026-08-31
Ahmedabad,2026-08-31 17:00:00,15.3,31.8,143.0,5.3,2.8,66.0,55,2026-08-31
Ahmedabad,2026-08-31 18:00:00,15.2,29.2,160.0,7.2,3.3,61.0,55,2026-08-31
Ahmedabad,2026-08-31 19:00:00,15.1,26.8,179.0,9.8,4.0,53.0,55,2026-08-31
Ahmedabad,2026-08-31 20:00:00,14.4,24.1,189.0,11.4,4.5,47.0,55,2026-08-31
Ahmedabad,2026-08-31 21:00:00,13.2,21.5,180.0,10.9,4.5,44.0,55,2026-08-31
Ahmedabad,2026-08-31 22:00:00,12.4,20.0,161.0,9.4,4.3,41.0,55,2026-08-31
Ahmedabad,2026-08-31 23:00:00,11.7,19.0,144.0,8.2,4.1,39.0,55,2026-08-31
Ahmedabad,2026-09-01 00:00:00,11.1,18.4,133.0,7.7,4.0,36.0,54,2026-09-01
Ahmedabad,2026-09-01 01:00:00,11.0,18.3,123.0,7.5,4.0,33.0,54,2026-09-01
Ahmedabad,2026-09-01 02:00:00,11.0,18.2,117.0,7.4,4.1,31.0,54,2026-09-01
Ahmedabad,2026-09-01 03:00:00,10.9,17.8,113.0,7.6,4.3,29.0,54,2026-09-01
Ahmedabad,2026-09-01 04:00:00,9.4,15.1,113.0,8.0,4.6,27.0,54,2026-09-01
Ahmedabad,2026-09-01 05:00:00,7.5,12.3,116.0,8.0,4.9,27.0,54,2026-09-01
Ahmedabad,2026-09-01 06:00:00,7.0,11.4,127.0,7.6,5.1,28.0,54,2026-09-01
Ahmedabad,2026-09-01 07:00:00,7.5,12.5,143.0,7.1,5.4,30.0,54,2026-09-01
Ahmedabad,2026-09-01 08:00:00,8.1,15.3,151.0,6.3,5.5,34.0,54,2026-09-01
Ahmedabad,2026-09-01 09:00:00,9.0,18.0,146.0,5.1,5.2,43.0,54,2026-09-01
Ahmedabad,2026-09-01 10:00:00,10.0,20.1,133.0,3.7,4.6,55.0,54,2026-09-01
Ahmedabad,2026-09-01 11:00:00,11.8,25.2,124.0,2.7,4.1,64.0,54,2026-09-01
Ahmedabad,2026-09-01 12:00:00,11.9,24.8,121.0,2.1,3.7,69.0,55,2026-09-01
Ahmedabad,2026-09-01 13:00:00,12.2,25.7,121.0,1.9,3.3,73.0,55,2026-09-01
Ahmedabad,2026-09-01 14:00:00,13.0,28.2,124.0,2.2,3.1,74.0,55,2026-09-01
Ahmedabad,2026-09-01 15:00:00,13.4,29.0,126.0,2.8,2.9,74.0,55,2026-09-01
Ahmedabad,2026-09-01 16:00:00,13.6,29.8,130.0,3.8,2.9,72.0,55,2026-09-01
Ahmedabad,2026-09-01 17:00:00,15.5,34.5,147.0,6.0,2.9,68.0,55,2026-09-01
Ahmedabad,2026-09-01 18:00:00,16.7,32.6,193.0,11.4,3.9,58.0,55,2026-09-01
Ahmedabad,2026-09-01 19:00:00,19.2,33.2,252.0,18.8,5.3,45.0,55,2026-09-01
Ahmedabad,2026-09-01 20:00:00,19.8,31.5,286.0,23.1,6.2,36.0,55,2026-09-01
Ahmedabad,2026-09-01 21:00:00,18.6,28.3,276.0,21.6,6.1,35.0,56,2026-09-01
Ahmedabad,2026-09-01 22:00:00,16.9,25.1,241.0,17.0,5.6,38.0,56,2026-09-01
Ahmedabad,2026-09-01 23:00:00,15.2,22.6,206.0,13.2,5.0,39.0,56,2026-09-01
Ahmedabad,2026-09-02 00:00:00,13.7,21.1,174.0,11.2,4.6,37.0,57,2026-09-02
Ahmedabad,2026-09-02 01:00:00,13.1,20.9,142.0,10.0,4.1,34.0,57,2026-09-02
Ahmedabad,2026-09-02 02:00:00,13.0,21.2,120.0,9.5,3.9,30.0,57,2026-09-02
Ahmedabad,2026-09-02 03:00:00,13.1,21.4,114.0,10.4,3.9,25.0,57,2026-09-02
Ahmedabad,2026-09-02 04:00:00,12.1,19.4,119.0,12.0,4.1,20.0,57,2026-09-02
Ahmedabad,2026-09-02 05:00:00,12.5,20.2,129.0,10.4,4.4,21.0,58,2026-09-02
Ahmedabad,2026-09-02 06:00:00,12.9,20.0,150.0,9.7,5.0,22.0,58,2026-09-02
Ahmedabad,2026-09-02 07:00:00,13.5,21.2,177.0,8.7,5.7,24.0,58,2026-09-02
Ahmedabad,2026-09-02 08:00:00,12.6,21.7,190.0,7.4,6.0,30.0,59,2026-09-02
Ahmedabad,2026-09-02 09:00:00,12.4,22.9,175.0,5.7,5.5,42.0,59,2026-09-02
Ahmedabad,2026-09-02 10:00:00,12.8,25.0,147.0,3.7,4.6,57.0,59,2026-09-02
Ahmedabad,2026-09-02 11:00:00,14.5,31.1,126.0,2.3,3.8,69.0,60,2026-09-02
Ahmedabad,2026-09-02 12:00:00,13.7,31.0,121.0,1.7,3.3,74.0,60,2026-09-02
Ahmedabad,2026-09-02 13:00:00,14.0,32.7,124.0,1.5,2.9,76.0,60,2026-09-02
Ahmedabad,2026-09-02 14:00:00,14.4,34.7,128.0,1.9,2.6,76.0,60,2026-09-02
Ahmedabad,2026-09-02 15:00:00,15.3,38.2,128.0,2.5,2.4,75.0,60,2026-09-02
Ahmedabad,2026-09-02 16:00:00,16.4,43.1,131.0,3.6,2.3,73.0,60,2026-09-02
Ahmedabad,2026-09-02 17:00:00,20.8,50.9,145.0,5.9,2.7,67.0,61,2026-09-02
Ahmedabad,2026-09-02 18:00:00,21.9,47.5,184.0,11.4,3.6,57.0,61,2026-09-02
Ahmedabad,2026-09-02 19:00:00,24.4,48.1,235.0,18.9,4.8,44.0,62,2026-09-02
Ahmedabad,2026-09-02 20:00:00,25.6,48.0,272.0,23.8,5.7,34.0,62,2026-09-02
Ahmedabad,2026-09-02 21:00:00,25.1,45.5,287.0,23.8,6.1,31.0,62,2026-09-02
Ahmedabad,2026-09-02 22:00:00,23.7,42.0,289.0,21.2,6.3,32.0,63,2026-09-02
Ahmedabad,2026-09-02 23:00:00,21.4,36.9,273.0,18.2,6.1,33.0,63,2026-09-02
Ahmedabad,2026-09-03 00:00:00,17.9,31.0,228.0,15.1,5.4,33.0,64,2026-09-03
Ahmedabad,2026-09-03 01:00:00,15.0,26.5,166.0,11.6,4.5,33.0,64,2026-09-03
Ahmedabad,2026-09-03 02:00:00,12.8,23.9,121.0,9.1,3.8,33.0,64,2026-09-03
Ahmedabad,2026-09-03 03:00:00,10.7,21.2,108.0,8.5,3.7,31.0,64,2026-09-03
Ahmedabad,2026-09-03 04:00:00,9.5,19.2,112.0,8.8,4.0,28.0,64,2026-09-03
Ahmedabad,2026-09-03 05:00:00,9.6,19.4,121.0,9.2,4.4,27.0,64,2026-09-03
Ahmedabad,2026-09-03 06:00:00,9.5,18.1,135.0,8.8,5.0,28.0,64,2026-09-03
Ahmedabad,2026-09-03 07:00:00,10.3,18.7,154.0,8.1,5.8,30.0,63,2026-09-03
Ahmedabad,2026-09-03 08:00:00,10.7,21.2,165.0,7.2,6.3,34.0,63,2026-09-03
Ahmedabad,2026-09-03 09:00:00,11.2,22.9,159.0,5.9,6.1,44.0,63,2026-09-03
Ahmedabad,2026-09-03 10:00:00,12.2,25.7,145.0,4.3,5.6,56.0,63,2026-09-03
Ahmedabad,2026-09-03 11:00:00,13.0,28.8,134.0,3.2,5.1,66.0,63,2026-09-03
Ahmedabad,2026-09-03 12:00:00,13.4,30.7,130.0,2.7,4.6,72.0,63,2026-09-03
Ahmedabad,2026-09-03 13:00:00,14.2,33.8,129.0,2.6,4.1,75.0,63,2026-09-03
Ahmedabad,2026-09-03 14:00:00,14.3,34.6,131.0,2.7,3.7,77.0,63,2026-09-03
Ahmedabad,2026-09-03 15:00:00,14.8,36.2,135.0,2.6,3.4,78.0,63,2026-09-03
Ahmedabad,2026-09-03 16:00:00,15.4,37.4,143.0,2.8,3.1,76.0,63,2026-09-03
Ahmedabad,2026-09-03 17:00:00,24.4,63.8,158.0,4.8,2.8,70.0,63,2026-09-03
Ahmedabad,2026-09-03 18:00:00,24.6,54.1,189.0,11.7,3.7,58.0,63,2026-09-03
Ahmedabad,2026-09-03 19:00:00,27.2,54.5,228.0,21.0,4.9,42.0,63,2026-09-03
Ahmedabad,2026-09-03 20:00:00,28.4,53.9,252.0,26.6,5.8,31.0,63,2026-09-03
Ahmedabad,2026-09-03 21:00:00,27.4,50.2,250.0,25.2,6.0,31.0,64,2026-09-03
Ahmedabad,2026-09-03 22:00:00,25.2,44.8,233.0,20.2,5.9,35.0,64,2026-09-03
Ahmedabad,2026-09-03 23:00:00,21.8,38.5,210.0,15.4,5.6,39.0,64,2026-09-03
Ahmedabad,2026-09-04 00:00:00,17.9,32.5,179.0,11.8,4.9,40.0,64,2026-09-04
Ahmedabad,2026-09-04 01:00:00,15.1,29.0,142.0,8.5,4.0,39.0,64,2026-09-04
Ahmedabad,2026-09-04 02:00:00,13.3,27.0,116.0,6.4,3.4,38.0,64,2026-09-04
Ahmedabad,2026-09-04 03:00:00,12.2,25.3,108.0,6.4,3.3,35.0,64,2026-09-04
Ahmedabad,2026-09-04 04:00:00,10.5,22.1,110.0,7.6,3.5,32.0,64,2026-09-04
Ahmedabad,2026-09-04 05:00:00,11.1,22.5,116.0,7.1,3.8,33.0,64,2026-09-04
Ahmedabad,2026-09-04 06:00:00,10.2,20.3,127.0,7.0,3.9,33.0,64,2026-09-04
Ahmedabad,2026-09-04 07:00:00,10.4,20.1,142.0,6.8,4.1,33.0,64,2026-09-04
Ahmedabad,2026-09-04 08:00:00,11.0,23.4,153.0,6.3,4.1,36.0,64,2026-09-04
Ahmedabad,2026-09-04 09:00:00,12.0,26.7,155.0,5.1,4.0,44.0,64,2026-09-04
Ahmedabad,2026-09-04 10:00:00,13.8,33.1,153.0,3.5,3.7,56.0,64,2026-09-04
Ahmedabad,2026-09-04 11:00:00,15.4,37.8,149.0,2.4,3.5,65.0,65,2026-09-04
Ahmedabad,2026-09-04 12:00:00,16.5,41.2,144.0,2.0,3.4,70.0,65,2026-09-04
Ahmedabad,2026-09-04 13:00:00,17.4,43.1,137.0,1.9,3.3,73.0,65,2026-09-04
Ahmedabad,2026-09-04 14:00:00,17.8,43.1,136.0,2.5,3.2,74.0,65,2026-09-04
Ahmedabad,2026-09-04 15:00:00,17.9,41.6,138.0,3.4,3.1,73.0,66,2026-09-04
Ahmedabad,2026-09-04 16:00:00,17.3,38.8,144.0,4.8,2.9,71.0,66,2026-09-04
Ahmedabad,2026-09-04 17:00:00,22.4,47.6,167.0,6.4,3.3,70.0,66,2026-09-04
Ahmedabad,2026-09-04 18:00:00,22.9,43.9,224.0,13.0,4.3,59.0,66,2026-09-04
Ahmedabad,2026-09-04 19:00:00,25.7,44.4,296.0,21.9,5.7,43.0,66,2026-09-04
Ahmedabad,2026-09-04 20:00:00,26.8,44.0,343.0,26.8,6.5,33.0,66,2026-09-04
Ahmedabad,2026-09-04 21:00:00,24.8,40.3,346.0,23.7,6.1,34.0,65,2026-09-04
Ahmedabad,2026-09-04 22:00:00,21.9,36.4,322.0,16.6,5.2,41.0,65,2026-09-04
Ahmedabad,2026-09-04 23:00:00,19.5,33.5,286.0,10.8,4.3,45.0,65,2026-09-04
Ahmedabad,2026-09-05 00:00:00,16.9,30.4,230.0,8.2,3.7,44.0,65,2026-09-05
Ahmedabad,2026-09-05 01:00:00,14.5,27.2,161.0,6.9,3.1,40.0,65,2026-09-05
Ahmedabad,2026-09-05 02:00:00,12.5,24.0,111.0,6.3,2.8,37.0,65,2026-09-05
Ahmedabad,2026-09-05 03:00:00,10.3,20.0,96.0,6.6,2.8,34.0,65,2026-09-05
Ahmedabad,2026-09-05 04:00:00,9.1,17.4,101.0,7.6,3.1,31.0,64,2026-09-05
Ahmedabad,2026-09-05 05:00:00,8.9,16.8,110.0,7.3,3.3,31.0,64,2026-09-05
Ahmedabad,2026-09-05 06:00:00,8.4,15.3,123.0,6.9,3.4,32.0,64,2026-09-05
Ahmedabad,2026-09-05 07:00:00,8.9,16.9,141.0,6.4,3.6,33.0,64,2026-09-05
Ahmedabad,2026-09-05 08:00:00,9.5,18.8,152.0,5.6,3.6,37.0,64,2026-09-05
Ahmedabad,2026-09-05 09:00:00,10.3,20.8,149.0,4.4,3.4,46.0,64,2026-09-05
Ahmedabad,2026-09-05 10:00:00,11.4,24.9,138.0,3.1,3.1,58.0,64,2026-09-05
Ahmedabad,2026-09-05 11:00:00,12.5,28.4,130.0,2.1,2.9,67.0,63,2026-09-05
Ahmedabad,2026-09-05 12:00:00,13.3,30.5,126.0,1.7,2.7,72.0,63,2026-09-05
Ahmedabad,2026-09-05 13:00:00,13.7,31.4,124.0,1.6,2.6,74.0,63,2026-09-05
Ahmedabad,2026-09-05 14:00:00,14.3,32.4,126.0,2.1,2.5,75.0,63,2026-09-05
Ahmedabad,2026-09-05 15:00:00,14.4,32.7,133.0,3.0,2.4,74.0,62,2026-09-05
Ahmedabad,2026-09-05 16:00:00,14.3,31.9,143.0,4.3,2.4,71.0,62,2026-09-05
Ahmedabad,2026-09-05 17:00:00,17.3,35.7,157.0,5.8,2.4,67.0,62,2026-09-05
Ahmedabad,2026-09-05 18:00:00,18.6,35.0,176.0,10.6,3.1,59.0,61,2026-09-05
Ahmedabad,2026-09-05 19:00:00,20.9,36.3,199.0,17.0,4.1,47.0,61,2026-09-05
Ahmedabad,2026-09-05 20:00:00,21.2,35.6,217.0,20.5,4.7,39.0,61,2026-09-05
Ahmedabad,2026-09-05 21:00:00,19.7,32.8,233.0,18.3,4.6,39.0,60,2026-09-05
Ahmedabad,2026-09-05 22:00:00,17.5,29.8,246.0,13.2,4.2,42.0,60,2026-09-05
Ahmedabad,2026-09-05 23:00:00,15.5,27.0,242.0,9.1,3.7,44.0,60,2026-09-05
Ahmedabad,2026-09-06 00:00:00,13.7,24.9,208.0,7.5,3.3,42.0,59,2026-09-06
Ahmedabad,2026-09-06 01:00:00,12.7,23.9,159.0,7.0,2.9,38.0,59,2026-09-06
Ahmedabad,2026-09-06 02:00:00,12.3,23.9,121.0,6.8,2.7,34.0,59,2026-09-06
Ahmedabad,2026-09-06 03:00:00,11.6,23.2,107.0,7.1,2.8,31.0,59,2026-09-06
Ahmedabad,2026-09-06 04:00:00,11.7,23.9,105.0,7.7,3.0,28.0,59,2026-09-06
Ahmedabad,2026-09-06 05:00:00,14.9,29.6,109.0,6.6,2.8,30.0,59,2026-09-06
Ahmedabad,2026-09-06 06:00:00,14.1,28.4,120.0,6.3,3.1,30.0,60,2026-09-06
Ahmedabad,2026-09-06 07:00:00,15.0,31.5,136.0,5.9,3.4,31.0,60,2026-09-06
Ahmedabad,2026-09-06 08:00:00,16.8,38.2,146.0,5.2,3.6,34.0,61,2026-09-06
Ahmedabad,2026-09-06 09:00:00,19.3,46.4,142.0,4.1,3.5,42.0,61,2026-09-06
Ahmedabad,2026-09-06 10:00:00,21.2,52.4,132.0,2.9,3.4,53.0,62,2026-09-06
Ahmedabad,2026-09-06 11:00:00,22.2,55.9,123.0,2.0,3.2,62.0,63,2026-09-06
Ahmedabad,2026-09-06 12:00:00,22.4,58.1,119.0,1.7,3.1,66.0,63,2026-09-06
Ahmedabad,2026-09-06 13:00:00,21.9,58.3,117.0,1.7,3.1,67.0,64,2026-09-06
Ahmedabad,2026-09-06 14:00:00,21.7,58.4,117.0,2.2,3.0,67.0,65,2026-09-06
Ahmedabad,2026-09-06 15:00:00,20.8,55.8,120.0,3.0,2.8,66.0,65,2026-09-06
Ahmedabad,2026-09-06 16:00:00,20.1,54.0,125.0,4.3,2.6,63.0,66,2026-09-06
Ahmedabad,2026-09-06 17:00:00,22.4,53.7,133.0,6.7,3.2,59.0,66,2026-09-06
Ahmedabad,2026-09-06 18:00:00,23.1,52.4,142.0,11.0,3.9,51.0,67,2026-09-06
Ahmedabad,2026-09-06 19:00:00,25.0,52.0,154.0,16.9,4.9,40.0,67,2026-09-06
Ahmedabad,2026-09-06 20:00:00,26.6,52.5,168.0,20.8,5.7,32.0,67,2026-09-06
Ahmedabad,2026-09-06 21:00:00,27.3,52.7,192.0,21.3,6.2,30.0,68,2026-09-06
Ahmedabad,2026-09-06 22:00:00,27.6,53.0,219.0,19.8,6.6,31.0,68,2026-09-06
Ahmedabad,2026-09-06 23:00:00,26.8,51.0,226.0,17.5,6.4,33.0,69,2026-09-06
Ahmedabad,2026-09-07 00:00:00,24.4,47.1,196.0,14.0,5.4,35.0,70,2026-09-07
Ahmedabad,2026-09-07 01:00:00,21.9,43.7,147.0,9.6,3.9,36.0,71,2026-09-07
Ahmedabad,2026-09-07 02:00:00,19.4,41.4,110.0,6.5,2.8,37.0,72,2026-09-07
Ahmedabad,2026-09-07 03:00:00,17.5,38.5,98.0,5.7,2.6,35.0,72,2026-09-07
Ahmedabad,2026-09-07 04:00:00,14.8,32.8,99.0,6.1,2.9,32.0,73,2026-09-07
Ahmedabad,2026-09-07 05:00:00,16.5,35.2,106.0,6.0,2.9,31.0,73,2026-09-07
Ahmedabad,2026-09-07 06:00:00,14.6,30.7,123.0,6.2,3.2,31.0,73,2026-09-07
Ahmedabad,2026-09-07 07:00:00,14.5,30.3,147.0,6.3,3.6,32.0,73,2026-09-07
Ahmedabad,2026-09-07 08:00:00,14.8,34.2,161.0,6.1,3.9,35.0,73,2026-09-07
Ahmedabad,2026-09-07 09:00:00,16.4,43.3,156.0,5.1,3.8,44.0,73,2026-09-07
Ahmedabad,2026-09-07 10:00:00,18.0,49.8,141.0,3.6,3.6,56.0,73,2026-09-07
Ahmedabad,2026-09-07 11:00:00,20.3,59.5,131.0,2.6,3.5,65.0,72,2026-09-07
Ahmedabad,2026-09-07 12:00:00,21.2,62.6,131.0,2.4,3.6,69.0,72,2026-09-07
Ahmedabad,2026-09-07 13:00:00,21.1,61.7,136.0,2.6,3.7,70.0,72,2026-09-07
Ahmedabad,2026-09-07 14:00:00,21.1,59.8,140.0,3.1,3.8,70.0,72,2026-09-07
Ahmedabad,2026-09-07 15:00:00,20.7,57.3,140.0,3.3,3.6,72.0,72,2026-09-07
Ahmedabad,2026-09-07 16:00:00,20.0,53.8,139.0,3.6,3.4,72.0,72,2026-09-07
Ahmedabad,2026-09-07 17:00:00,25.2,65.2,149.0,8.1,4.2,69.0,72,2026-09-07
Ahmedabad,2026-09-07 18:00:00,25.7,59.6,180.0,12.8,4.9,60.0,72,2026-09-07
Ahmedabad,2026-09-07 19:00:00,27.2,58.6,221.0,19.1,5.9,46.0,72,2026-09-07
Ahmedabad,2026-09-07 20:00:00,27.9,58.3,251.0,23.0,6.6,37.0,73,2026-09-07
Ahmedabad,2026-09-07 21:00:00,27.8,57.9,263.0,22.5,6.8,35.0,73,2026-09-07
Ahmedabad,2026-09-07 22:00:00,27.5,56.8,263.0,19.6,6.6,36.0,73,2026-09-07
Ahmedabad,2026-09-07 23:00:00,26.1,52.6,249.0,16.5,6.2,37.0,73,2026-09-07
Ahmedabad,2026-09-08 00:00:00,23.1,45.3,212.0,13.6,5.2,36.0,73,2026-09-08
Ahmedabad,2026-09-08 01:00:00,19.8,38.3,161.0,10.6,3.9,35.0,73,2026-09-08
Ahmedabad,2026-09-08 02:00:00,16.5,32.1,123.0,8.4,3.0,33.0,72,2026-09-08
Ahmedabad,2026-09-08 03:00:00,12.5,25.1,109.0,7.8,3.0,30.0,72,2026-09-08
Ahmedabad,2026-09-08 04:00:00,10.5,21.4,109.0,8.1,3.4,27.0,72,2026-09-08
Ahmedabad,2026-09-08 05:00:00,10.2,21.9,115.0,6.7,3.5,30.0,71,2026-09-08
Ahmedabad,2026-09-08 06:00:00,9.8,19.7,131.0,6.7,4.0,30.0,71,2026-09-08
Ahmedabad,2026-09-08 07:00:00,10.3,19.8,154.0,6.7,4.7,30.0,71,2026-09-08
Ahmedabad,2026-09-08 08:00:00,10.4,21.8,167.0,6.3,5.0,34.0,70,2026-09-08
Ahmedabad,2026-09-08 09:00:00,11.8,25.5,158.0,5.2,4.7,44.0,70,2026-09-08
Ahmedabad,2026-09-08 10:00:00,13.9,33.8,140.0,3.7,4.1,57.0,70,2026-09-08
Ahmedabad,2026-09-08 11:00:00,15.5,42.0,126.0,2.6,3.6,67.0,69,2026-09-08
Ahmedabad,2026-09-08 12:00:00,16.4,48.5,124.0,2.2,3.5,73.0,69,2026-09-08
Ahmedabad,2026-09-08 13:00:00,17.9,55.6,128.0,2.2,3.5,76.0,68,2026-09-08
Ahmedabad,2026-09-08 14:00:00,19.4,63.3,133.0,2.6,3.5,78.0,68,2026-09-08
Ahmedabad,2026-09-08 15:00:00,20.6,68.0,135.0,2.3,3.3,81.0,68,2026-09-08
Ahmedabad,2026-09-08 16:00:00,20.8,68.2,139.0,2.3,3.1,82.0,68,2026-09-08
Ahmedabad,2026-09-08 17:00:00,27.4,83.8,157.0,5.1,3.6,81.0,68,2026-09-08
Ahmedabad,2026-09-08 18:00:00,28.7,75.4,204.0,12.5,4.7,68.0,68,2026-09-08
Ahmedabad,2026-09-08 19:00:00,31.5,75.0,265.0,22.4,6.2,50.0,69,2026-09-08
Ahmedabad,2026-09-08 20:00:00,32.1,70.8,301.0,28.3,7.2,38.0,69,2026-09-08
Ahmedabad,2026-09-08 21:00:00,31.1,63.8,294.0,26.3,7.2,37.0,69,2026-09-08
Ahmedabad,2026-09-08 22:00:00,28.2,53.8,262.0,20.1,6.7,41.0,69,2026-09-08
Ahmedabad,2026-09-08 23:00:00,23.2,41.4,226.0,14.6,6.0,43.0,70,2026-09-08
Ahmedabad,2026-09-09 00:00:00,18.0,31.9,187.0,10.9,5.0,41.0,69,2026-09-09
Ahmedabad,2026-09-09 01:00:00,14.4,27.4,145.0,7.9,3.9,37.0,69,2026-09-09
Ahmedabad,2026-09-09 02:00:00,11.7,23.8,115.0,6.1,3.2,33.0,68,2026-09-09
Ahmedabad,2026-09-09 03:00:00,9.9,21.3,107.0,6.6,3.3,29.0,68,2026-09-09
Ahmedabad,2026-09-09 04:00:00,9.3,20.4,112.0,8.3,3.9,24.0,68,2026-09-09
Ahmedabad,2026-09-09 05:00:00,9.9,21.6,122.0,8.1,4.6,25.0,68,2026-09-09
Ahmedabad,2026-09-09 06:00:00,10.1,21.3,138.0,8.0,5.2,25.0,68,2026-09-09
Ahmedabad,2026-09-09 07:00:00,10.9,24.2,159.0,7.7,5.9,27.0,68,2026-09-09
Ahmedabad,2026-09-09 08:00:00,11.5,27.1,171.0,7.1,6.3,32.0,68,2026-09-09
Ahmedabad,2026-09-09 09:00:00,13.4,33.8,165.0,5.7,6.0,45.0,68,2026-09-09
Ahmedabad,2026-09-09 10:00:00,15.9,41.0,150.0,3.9,5.4,63.0,68,2026-09-09
Ahmedabad,2026-09-09 11:00:00,18.4,48.3,139.0,2.6,4.8,77.0,68,2026-09-09
Ahmedabad,2026-09-09 12:00:00,19.9,52.6,136.0,2.0,4.5,84.0,68,2026-09-09
Ahmedabad,2026-09-09 13:00:00,21.2,55.9,138.0,1.9,4.2,87.0,69,2026-09-09
Ahmedabad,2026-09-09 14:00:00,21.6,55.3,141.0,2.2,4.1,88.0,69,2026-09-09
Ahmedabad,2026-09-09 15:00:00,21.3,53.6,147.0,2.3,4.0,89.0,69,2026-09-09
Ahmedabad,2026-09-09 16:00:00,20.5,51.8,155.0,2.7,4.0,87.0,69,2026-09-09
Ahmedabad,2026-09-09 17:00:00,16.6,39.3,162.0,5.1,4.2,82.0,69,2026-09-09
Ahmedabad,2026-09-09 18:00:00,17.9,35.9,166.0,16.6,5.7,64.0,68,2026-09-09
Ahmedabad,2026-09-09 19:00:00,23.5,43.1,169.0,32.0,7.6,39.0,67,2026-09-09
Ahmedabad,2026-09-09 20:00:00,27.8,48.2,177.0,40.5,8.7,23.0,67,2026-09-09
Ahmedabad,2026-09-09 21:00:00,24.7,44.7,196.0,35.5,8.1,25.0,67,2026-09-09
Ahmedabad,2026-09-09 22:00:00,21.5,40.0,220.0,23.6,6.7,35.0,66,2026-09-09
Ahmedabad,2026-09-09 23:00:00,19.0,34.9,232.0,14.1,5.5,43.0,65,2026-09-09
Ahmedabad,2026-09-10 00:00:00,16.3,29.4,221.0,10.6,4.9,43.0,65,2026-09-10
Ahmedabad,2026-09-10 01:00:00,14.6,26.0,199.0,9.5,4.5,39.0,65,2026-09-10
Ahmedabad,2026-09-10 02:00:00,13.3,23.5,182.0,9.3,4.4,35.0,65,2026-09-10
Ahmedabad,2026-09-10 03:00:00,12.2,21.8,176.0,10.0,4.6,30.0,65,2026-09-10
Ahmedabad,2026-09-10 04:00:00,11.9,21.3,175.0,11.6,5.0,25.0,65,2026-09-10
Ahmedabad,2026-09-10 05:00:00,11.9,21.5,176.0,11.5,5.5,24.0,66,2026-09-10
Ahmedabad,2026-09-10 06:00:00,12.3,21.6,181.0,10.6,6.3,25.0,66,2026-09-10
Ahmedabad,2026-09-10 07:00:00,12.8,22.4,189.0,9.3,7.3,28.0,66,2026-09-10
Ahmedabad,2026-09-10 08:00:00,12.4,23.6,191.0,7.8,7.8,34.0,66,2026-09-10
Ahmedabad,2026-09-10 09:00:00,13.0,25.4,182.0,6.0,7.4,48.0,66,2026-09-10
Ahmedabad,2026-09-10 10:00:00,14.2,28.6,167.0,4.0,6.4,67.0,66,2026-09-10
Ahmedabad,2026-09-10 11:00:00,15.1,34.1,154.0,2.5,5.6,81.0,66,2026-09-10
Ahmedabad,2026-09-10 12:00:00,16.6,40.9,146.0,1.9,5.1,88.0,66,2026-09-10
Ahmedabad,2026-09-10 13:00:00,17.7,45.6,141.0,1.8,4.6,91.0,65,2026-09-10
Ahmedabad,2026-09-10 14:00:00,18.7,50.4,140.0,2.1,4.3,93.0,65,2026-09-10
Ahmedabad,2026-09-10 15:00:00,19.7,54.4,143.0,1.3,4.0,95.0,65,2026-09-10
Ahmedabad,2026-09-10 16:00:00,20.0,56.5,150.0,0.9,3.9,96.0,65,2026-09-10
Ahmedabad,2026-09-10 17:00:00,17.3,46.9,161.0,4.7,4.1,88.0,65,2026-09-10
Ahmedabad,2026-09-10 18:00:00,19.2,44.7,179.0,15.2,5.0,70.0,65,2026-09-10
Ahmedabad,2026-09-10 19:00:00,24.1,49.2,201.0,29.6,6.3,45.0,65,2026-09-10
Ahmedabad,2026-09-10 20:00:00,27.6,51.9,216.0,40.8,7.6,25.0,65,2026-09-10
Ahmedabad,2026-09-10 21:00:00,30.2,53.3,221.0,46.3,9.2,16.0,65,2026-09-10
Ahmedabad,2026-09-10 22:00:00,32.1,53.8,219.0,48.5,10.8,12.0,65,2026-09-10
Ahmedabad,2026-09-10 23:00:00,31.9,51.1,215.0,47.3,11.6,11.0,66,2026-09-10
Ahmedabad,2026-09-11 00:00:00,27.7,43.3,211.0,41.2,10.8,15.0,67,2026-09-11
Ahmedabad,2026-09-11 01:00:00,21.9,33.1,204.0,31.7,9.2,22.0,68,2026-09-11
Ahmedabad,2026-09-11 02:00:00,17.3,25.4,194.0,23.8,7.7,27.0,69,2026-09-11
Ahmedabad,2026-09-11 03:00:00,14.3,20.8,172.0,19.3,6.7,27.0,69,2026-09-11
Ahmedabad,2026-09-11 04:00:00,11.9,17.2,146.0,16.3,5.9,25.0,69,2026-09-11
Ahmedabad,2026-09-11 05:00:00,8.0,12.5,136.0,9.6,4.7,27.0,69,2026-09-11
Ahmedabad,2026-09-11 06:00:00,7.8,12.5,160.0,9.4,5.4,26.0,69,2026-09-11
Ahmedabad,2026-09-11 07:00:00,8.8,13.6,199.0,9.1,6.3,25.0,69,2026-09-11
Ahmedabad,2026-09-11 08:00:00,8.9,15.0,224.0,8.3,6.8,31.0,68,2026-09-11
Ahmedabad,2026-09-11 09:00:00,10.3,18.1,217.0,6.6,6.7,50.0,68,2026-09-11
Ahmedabad,2026-09-11 10:00:00,12.1,21.7,194.0,4.3,6.2,77.0,68,2026-09-11
Ahmedabad,2026-09-11 11:00:00,13.1,24.2,175.0,2.7,5.7,98.0,68,2026-09-11
Ahmedabad,2026-09-11 12:00:00,13.8,27.3,165.0,2.0,5.2,110.0,67,2026-09-11
Ahmedabad,2026-09-11 13:00:00,14.3,29.3,159.0,2.0,4.8,116.0,67,2026-09-11
Ahmedabad,2026-09-11 14:00:00,15.0,31.9,156.0,2.2,4.4,119.0,67,2026-09-11
Ahmedabad,2026-09-11 15:00:00,15.8,33.9,157.0,2.1,4.1,120.0,67,2026-09-11
Ahmedabad,2026-09-11 16:00:00,16.2,34.7,161.0,2.3,3.9,118.0,66,2026-09-11
Ahmedabad,2026-09-11 17:00:00,19.2,41.0,170.0,5.0,4.3,109.0,66,2026-09-11
Ahmedabad,2026-09-11 18:00:00,20.1,38.5,182.0,12.0,4.9,91.0,66,2026-09-11
Ahmedabad,2026-09-11 19:00:00,23.2,40.9,197.0,21.6,5.7,66.0,66,2026-09-11
Ahmedabad,2026-09-11 20:00:00,24.2,40.9,221.0,27.9,6.2,47.0,66,2026-09-11
Ahmedabad,2026-09-11 21:00:00,23.0,38.0,266.0,27.8,6.3,40.0,66,2026-09-11
Ahmedabad,2026-09-11 22:00:00,21.2,34.5,318.0,24.4,6.1,40.0,65,2026-09-11
Ahmedabad,2026-09-11 23:00:00,19.0,31.0,344.0,20.9,5.8,40.0,64,2026-09-11
Ahmedabad,2026-09-12 00:00:00,16.2,26.9,320.0,18.0,5.2,40.0,63,2026-09-12
Ahmedabad,2026-09-12 01:00:00,14.3,24.1,268.0,15.0,4.3,42.0,63,2026-09-12
Ahmedabad,2026-09-12 02:00:00,12.9,22.1,222.0,12.5,3.7,43.0,62,2026-09-12
Ahmedabad,2026-09-12 03:00:00,11.9,20.8,187.0,11.0,3.5,44.0,62,2026-09-12
Ahmedabad,2026-09-12 04:00:00,11.5,20.3,157.0,10.0,3.4,45.0,61,2026-09-12
Ahmedabad,2026-09-12 05:00:00,11.6,20.7,149.0,9.5,3.7,48.0,61,2026-09-12
Ahmedabad,2026-09-12 06:00:00,11.6,20.3,184.0,10.6,4.2,46.0,62,2026-09-12
Ahmedabad,2026-09-12 07:00:00,12.6,20.5,241.0,12.1,4.8,44.0,62,2026-09-12
Ahmedabad,2026-09-12 08:00:00,13.1,20.9,277.0,12.6,5.3,44.0,62,2026-09-12
Ahmedabad,2026-09-12 09:00:00,12.8,20.6,271.0,11.2,5.5,48.0,63,2026-09-12
Ahmedabad,2026-09-12 10:00:00,12.8,20.5,243.0,8.7,5.4,55.0,63,2026-09-12
Ahmedabad,2026-09-12 11:00:00,12.9,20.5,215.0,6.5,5.3,63.0,63,2026-09-12
Ahmedabad,2026-09-12 12:00:00,13.0,20.7,188.0,4.6,5.0,74.0,63,2026-09-12
Ahmedabad,2026-09-12 13:00:00,13.1,21.4,161.0,3.0,4.6,85.0,63,2026-09-12
Ahmedabad,2026-09-12 14:00:00,13.1,22.5,146.0,2.7,4.3,92.0,63,2026-09-12
Ahmedabad,2026-09-12 15:00:00,13.7,26.4,150.0,3.5,4.1,92.0,63,2026-09-12
Ahmedabad,2026-09-12 16:00:00,14.5,29.5,167.0,5.7,3.9,86.0,62,2026-09-12
Ahmedabad,2026-09-12 17:00:00,18.0,37.0,193.0,6.7,4.1,97.0,62,2026-09-12
Ahmedabad,2026-09-12 18:00:00,21.4,39.1,237.0,21.0,5.5,75.0,62,2026-09-12
Ahmedabad,2026-09-12 19:00:00,27.1,44.1,290.0,40.3,7.4,45.0,62,2026-09-12
Ahmedabad,2026-09-12 20:00:00,34.7,52.3,324.0,51.4,8.7,27.0,63,2026-09-12
Ahmedabad,2026-09-12 21:00:00,32.1,48.8,321.0,46.4,8.7,31.0,63,2026-09-12
Ahmedabad,2026-09-12 22:00:00,26.4,39.3,298.0,33.3,8.1,47.0,64,2026-09-12
Ahmedabad,2026-09-12 23:00:00,24.3,32.9,279.0,22.8,7.8,59.0,64,2026-09-12
Ahmedabad,2026-09-13 00:00:00,22.4,28.4,273.0,19.3,8.3,62.0,65,2026-09-13
Ahmedabad,2026-09-13 01:00:00,21.8,26.7,271.0,18.6,9.0,62.0,65,2026-09-13
Ahmedabad,2026-09-13 02:00:00,21.8,26.6,271.0,18.3,9.7,60.0,66,2026-09-13
Ahmedabad,2026-09-13 03:00:00,21.4,25.8,272.0,18.3,10.1,57.0,67,2026-09-13
Ahmedabad,2026-09-13 04:00:00,21.1,24.9,276.0,18.8,10.3,52.0,67,2026-09-13
Ahmedabad,2026-09-13 05:00:00,18.0,23.5,285.0,11.1,4.7,63.0,68,2026-09-13
Ahmedabad,2026-09-13 06:00:00,17.1,22.5,306.0,11.2,4.8,64.0,69,2026-09-13
Ahmedabad,2026-09-13 07:00:00,16.2,20.7,333.0,11.3,4.9,66.0,69,2026-09-13
Ahmedabad,2026-09-13 08:00:00,15.5,20.3,347.0,10.7,5.3,71.0,69,2026-09-13
Ahmedabad,2026-09-13 09:00:00,13.1,17.3,339.0,9.0,6.1,80.0,70,2026-09-13
Ahmedabad,2026-09-13 10:00:00,8.8,11.0,319.0,6.6,7.2,92.0,70,2026-09-13
Ahmedabad,2026-09-13 11:00:00,8.0,9.0,297.0,4.8,7.9,102.0,69,2026-09-13
Ahmedabad,2026-09-13 12:00:00,8.6,9.5,272.0,3.9,8.2,111.0,69,2026-09-13
Ahmedabad,2026-09-13 13:00:00,9.4,10.0,245.0,3.6,8.2,118.0,69,2026-09-13
Ahmedabad,2026-09-13 14:00:00,10.4,10.9,236.0,3.9,7.9,121.0,68,2026-09-13
Ahmedabad,2026-09-13 15:00:00,11.9,12.4,256.0,5.0,7.2,118.0,68,2026-09-13
Ahmedabad,2026-09-13 16:00:00,12.1,12.6,294.0,6.7,6.2,111.0,68,2026-09-13
Ahmedabad,2026-09-13 17:00:00,20.7,20.9,329.0,6.7,11.8,140.0,68,2026-09-13
Ahmedabad,2026-09-13 18:00:00,22.6,22.8,359.0,11.9,12.2,124.0,68,2026-09-13
Ahmedabad,2026-09-13 19:00:00,28.7,28.9,388.0,19.0,12.7,101.0,68,2026-09-13
Ahmedabad,2026-09-13 20:00:00,26.3,26.5,402.0,23.6,12.8,82.0,68,2026-09-13
Ahmedabad,2026-09-13 21:00:00,23.9,24.1,395.0,23.5,12.1,72.0,68,2026-09-13
Ahmedabad,2026-09-13 22:00:00,22.1,22.3,375.0,20.9,11.0,65.0,67,2026-09-13
Ahmedabad,2026-09-13 23:00:00,19.3,19.6,352.0,18.5,9.7,61.0,67,2026-09-13
